User_ID;UTC_Time;Account;Operation;Coin;Change;Remark
71732789;17/02/2021 11:48;Spot;Deposit;EUR;240.00000000;
71732789;18/02/2021 11:05;Spot;Sell;EUR;-49.89270000;
71732789;18/02/2021 11:05;Spot;Buy;BTC;0.00116300;
71732789;18/02/2021 11:06;Spot;Sell;EUR;-49.99009500;
71732789;18/02/2021 11:06;Spot;Buy;ETH;0.03147000;
71732789;20/02/2021 11:06;Spot;Fee;DOGE;-1.06630000;
71732789;20/02/2021 11:06;Spot;Sell;EUR;-49.86018800;
71732789;20/02/2021 11:06;Spot;Buy;DOGE;1066.30000000;
71732789;25/02/2021 22:30;Spot;Buy;FTM;44.00000000;
71732789;25/02/2021 22:30;Spot;Fee;FTM;-0.04400000;
71732789;25/02/2021 22:30;Spot;Sell;BTC;-0.00056892;
71732789;25/02/2021 22:34;Spot;Sell;EUR;-49.69580000;
71732789;25/02/2021 22:34;Spot;Buy;ADA;53.90000000;
71732789;28/02/2021 11:52;Spot;Sell;EUR;-40.56000000;
71732789;28/02/2021 11:52;Spot;Buy;USDT;48.68822400;
71732789;28/02/2021 12:10;Spot;Buy;FIO;162.94000000;
71732789;28/02/2021 12:10;Spot;Fee;FIO;-0.16294000;
71732789;28/02/2021 12:10;Spot;Sell;USDT;-48.23024000;
71732789;01/03/2021 11:57;Spot;Deposit;EUR;260.00000000;
71732789;01/03/2021 12:47;Spot;Sell;EUR;-60.00000000;
71732789;01/03/2021 12:47;Spot;Fee;USDT;-0.07207800;
71732789;01/03/2021 12:47;Spot;Buy;USDT;72.07800000;
71732789;01/03/2021 12:57;Spot;Fee;FIO;-0.30068000;
71732789;01/03/2021 12:57;Spot;Sell;USDT;-72.46388000;
71732789;01/03/2021 12:57;Spot;Buy;FIO;300.68000000;
71732789;02/03/2021 08:52;Spot;Sell;BTC;-0.00059400;
71732789;02/03/2021 08:52;Spot;Buy;FTM;54.00000000;
71732789;02/03/2021 08:52;Spot;Fee;FTM;-0.05400000;
71732789;03/03/2021 20:33;Spot;Sell;EUR;-40.00000000;
71732789;03/03/2021 20:33;Spot;Buy;BUSD;48.18000000;
71732789;03/03/2021 20:36;Spot;Sell;EUR;-160.00000000;
71732789;03/03/2021 20:36;Spot;Buy;USDT;192.68800000;
71732789;03/03/2021 20:37;Spot;Buy;SUSHI;2.75500000;
71732789;03/03/2021 20:37;Spot;Sell;USDT;-48.21250000;
71732789;03/03/2021 20:37;Spot;Fee;SUSHI;-0.00275500;
71732789;03/03/2021 20:40;Spot;Buy;AAVE;0.11900000;
71732789;03/03/2021 20:40;Spot;Fee;AAVE;-0.00011900;
71732789;03/03/2021 20:40;Spot;Sell;USDT;-47.70852800;
71732789;03/03/2021 20:40;Spot;Buy;RUNE;8.35000000;
71732789;03/03/2021 20:40;Spot;Sell;USDT;-48.37322000;
71732789;03/03/2021 20:40;Spot;Fee;RUNE;-0.00835000;
71732789;03/03/2021 20:41;Spot;Sell;USDT;-48.32196000;
71732789;03/03/2021 20:41;Spot;Fee;SNX;-0.00208500;
71732789;03/03/2021 20:41;Spot;Buy;SNX;2.08500000;
71732789;03/03/2021 20:51;Spot;Buy;HEGIC;184.31000000;
71732789;03/03/2021 20:51;Spot;Sell;BUSD;-48.17863400;
71732789;08/03/2021 21:39;Spot;Buy;EUR;53.26000000;
71732789;08/03/2021 21:39;Spot;Sell;DOGE;-1065.20000000;
71732789;09/03/2021 12:41;Spot;Sell;EUR;-43.95000000;
71732789;09/03/2021 12:41;Spot;Sell;EUR;-9.31000000;
71732789;09/03/2021 12:41;Spot;Buy;BUSD;11.06772800;
71732789;09/03/2021 12:41;Spot;Buy;BUSD;52.24776000;
71732789;09/03/2021 12:41;Spot;Launchpool Subscription/Redemption;BUSD;-63.31680000;Binance Launchpool
71732789;15/03/2021 11:50;Spot;Deposit;EUR;400.00000000;
71732789;15/03/2021 12:46;Spot;Buy;USDT;119.01809700;
71732789;15/03/2021 12:46;Spot;Sell;EUR;-0.01000000;
71732789;15/03/2021 12:46;Spot;Buy;USDT;0.01190300;
71732789;15/03/2021 12:46;Spot;Sell;EUR;-99.99000000;
71732789;15/03/2021 12:49;Spot;Sell;USDT;-28.54395000;
71732789;15/03/2021 12:49;Spot;Buy;FET;41.10000000;
71732789;15/03/2021 12:49;Spot;Fee;FET;-0.04110000;
71732789;15/03/2021 12:49;Spot;Sell;USDT;-30.97470000;
71732789;15/03/2021 12:49;Spot;Buy;FET;44.60000000;
71732789;15/03/2021 12:49;Spot;Fee;FET;-0.04460000;
71732789;15/03/2021 13:00;Spot;Fee;OCEAN;-0.04160000;
71732789;15/03/2021 13:00;Spot;Buy;OCEAN;41.60000000;
71732789;15/03/2021 13:00;Spot;Sell;USDT;-59.57120000;
71732789;15/03/2021 21:16;Spot;Fee;USDT;-0.11898000;
71732789;15/03/2021 21:16;Spot;Sell;EUR;-100.00000000;
71732789;15/03/2021 21:16;Spot;Buy;USDT;118.98000000;
71732789;15/03/2021 21:33;Spot;Sell;EUR;-99.99584600;
71732789;15/03/2021 21:33;Spot;Fee;CHZ;-0.19661000;
71732789;15/03/2021 21:33;Spot;Buy;CHZ;196.61000000;
71732789;15/03/2021 21:37;Spot;Sell;EUR;-100.00000000;
71732789;15/03/2021 21:37;Spot;Fee;USDT;-0.11895000;
71732789;15/03/2021 21:37;Spot;Buy;USDT;118.95000000;
71732789;15/03/2021 21:38;Spot;Fee;MATIC;-0.14840000;
71732789;15/03/2021 21:38;Spot;Buy;MATIC;148.40000000;
71732789;15/03/2021 21:38;Spot;Sell;USDT;-59.46239600;
71732789;15/03/2021 22:03;Spot;Buy;ENJ;43.60000000;
71732789;15/03/2021 22:03;Spot;Sell;USDT;-117.93538400;
71732789;15/03/2021 22:03;Spot;Fee;ENJ;-0.04360000;
71732789;16/03/2021 07:55;Spot;Fee;COTI;-0.15210000;
71732789;16/03/2021 07:55;Spot;Sell;USDT;-60.27418800;
71732789;16/03/2021 07:55;Spot;Buy;COTI;152.10000000;
71732789;05/04/2021 12:53;Spot;Buy;USDT;118.10580000;
71732789;05/04/2021 12:53;Spot;Fee;USDT;-0.11810580;
71732789;05/04/2021 12:53;Spot;Sell;FIO;-231.58000000;
71732789;06/04/2021 12:20;Spot;Buy;BNB;0.14900000;
71732789;06/04/2021 12:20;Spot;Fee;BNB;-0.00011175;
71732789;06/04/2021 12:20;Spot;Sell;USDT;-58.86274800;
71732789;06/04/2021 22:45;Spot;Launchpool Subscription/Redemption;BNB;-0.14880000;Binance Launchpool
71732789;06/04/2021 22:57;Spot;Buy;BNB;0.14500000;
71732789;06/04/2021 22:57;Spot;Fee;BNB;-0.00010875;
71732789;06/04/2021 22:57;Spot;Sell;USDT;-59.09585200;
71732789;07/04/2021 06:38;Spot;Launchpool Subscription/Redemption;BNB;-0.14490000;Binance Launchpool
71732789;09/04/2021 00:43;Spot;Launchpool Subscription/Redemption;BUSD;63.31680000;Binance Launchpool
71732789;09/04/2021 00:58;Spot;Launchpool Earnings Withdrawal;ALICE;0.07883543;Binance Launchpool
71732789;09/04/2021 08:29;Spot;Sell;BUSD;-63.30420000;
71732789;09/04/2021 08:29;Spot;Buy;LUNA;3.80000000;
71732789;10/04/2021 21:01;Spot;Sell;RUNE;-4.17000000;
71732789;10/04/2021 21:01;Spot;Fee;BNB;-0.00007696;
71732789;10/04/2021 21:01;Spot;Buy;USDT;47.71856100;
71732789;13/04/2021 09:34;Spot;Buy;IOST;824.00000000;
71732789;13/04/2021 09:34;Spot;Sell;USDT;-47.59671200;
71732789;13/04/2021 09:34;Spot;Fee;IOST;-0.82400000;
71732789;15/04/2021 09:30;Spot;Staking Purchase;MATIC;-148.25160000;
71732789;15/04/2021 09:33;Spot;Staking Purchase;IOST;-823.17600000;
71732789;15/04/2021 16:09;Spot;Staking Purchase;ADA;-53.90000000;
71732789;17/04/2021 02:51;Spot;Staking Rewards;IOST;0.61997500;
71732789;17/04/2021 08:26;Spot;Staking Rewards;MATIC;0.12790259;
71732789;17/04/2021 10:10;Spot;Staking Rewards;ADA;0.03217776;
71732789;18/04/2021 05:06;Spot;Staking Rewards;IOST;0.61997500;
71732789;18/04/2021 05:49;Spot;Staking Rewards;MATIC;0.12790259;
71732789;18/04/2021 15:58;Spot;Staking Rewards;ADA;0.03217776;
71732789;19/04/2021 03:08;Spot;Staking Rewards;IOST;0.61997500;
71732789;19/04/2021 03:27;Spot;Staking Rewards;MATIC;0.12790259;
71732789;19/04/2021 07:46;Spot;Staking Rewards;ADA;0.03217776;
71732789;20/04/2021 04:40;Spot;Staking Rewards;ADA;0.03217776;
71732789;20/04/2021 06:19;Spot;Staking Rewards;IOST;0.61997500;
71732789;20/04/2021 16:14;Spot;Staking Rewards;MATIC;0.12790259;
71732789;21/04/2021 03:14;Spot;Staking Rewards;IOST;0.61997500;
71732789;21/04/2021 04:35;Spot;Staking Rewards;ADA;0.03217776;
71732789;21/04/2021 07:15;Spot;Fee;USDT;-0.11853750;
71732789;21/04/2021 07:15;Spot;Buy;USDT;118.53750000;
71732789;21/04/2021 07:15;Spot;Sell;ENJ;-43.50000000;
71732789;21/04/2021 07:46;Spot;Sell;USDT;-118.20600000;
71732789;21/04/2021 07:46;Spot;Fee;BNB;-0.00014850;
71732789;21/04/2021 07:46;Spot;Buy;BNB;0.19800000;
71732789;21/04/2021 07:47;Spot;Launchpad Subscribe;BNB;-0.19780000;
71732789;21/04/2021 09:02;Spot;Launchpad Token Distribution;BAR;0.00321889;
71732789;21/04/2021 09:30;Spot;Launchpad Subscribe;BNB;0.19765474;
71732789;21/04/2021 11:08;Spot;Staking Rewards;MATIC;0.12790259;
71732789;21/04/2021 16:09;Spot;Sell;BNB;-0.19683000;
71732789;21/04/2021 16:09;Spot;Buy;LUNA;8.10000000;
71732789;21/04/2021 16:09;Spot;Fee;BNB;-0.00014757;
71732789;22/04/2021 02:53;Spot;Staking Rewards;IOST;0.61997500;
71732789;22/04/2021 04:58;Spot;Staking Rewards;ADA;0.03217776;
71732789;22/04/2021 09:23;Spot;Staking Rewards;MATIC;0.12790259;
71732789;23/04/2021 03:10;Spot;Staking Rewards;IOST;0.61997500;
71732789;23/04/2021 03:29;Spot;Staking Rewards;MATIC;0.12790259;
71732789;23/04/2021 09:57;Spot;Staking Rewards;ADA;0.03217776;
71732789;24/04/2021 02:28;Spot;Staking Rewards;IOST;0.61997500;
71732789;24/04/2021 02:46;Spot;Staking Rewards;MATIC;0.12790259;
71732789;24/04/2021 15:49;Spot;Staking Rewards;ADA;0.03217776;
71732789;25/04/2021 02:48;Spot;Staking Rewards;IOST;0.61997500;
71732789;25/04/2021 03:05;Spot;Staking Rewards;MATIC;0.12790259;
71732789;25/04/2021 09:35;Spot;Staking Rewards;ADA;0.03217776;
71732789;26/04/2021 01:55;Spot;Staking Rewards;ADA;0.03217776;
71732789;26/04/2021 03:29;Spot;Staking Rewards;IOST;0.61997500;
71732789;26/04/2021 03:46;Spot;Staking Rewards;MATIC;0.12790259;
71732789;27/04/2021 02:57;Spot;Staking Rewards;ADA;0.03217776;
71732789;27/04/2021 04:08;Spot;Staking Rewards;IOST;0.61997500;
71732789;27/04/2021 04:21;Spot;Staking Rewards;MATIC;0.12790259;
71732789;28/04/2021 02:00;Spot;Staking Rewards;ADA;0.03217776;
71732789;28/04/2021 03:11;Spot;Staking Rewards;IOST;0.61997500;
71732789;28/04/2021 03:24;Spot;Staking Rewards;MATIC;0.12790259;
71732789;29/04/2021 03:00;Spot;Staking Rewards;ADA;0.03217776;
71732789;29/04/2021 04:16;Spot;Staking Rewards;IOST;0.61997500;
71732789;29/04/2021 04:29;Spot;Staking Rewards;MATIC;0.12790259;
71732789;30/04/2021 01:43;Spot;Staking Rewards;ADA;0.03217776;
71732789;30/04/2021 03:06;Spot;Staking Rewards;MATIC;0.12790259;
71732789;30/04/2021 06:09;Spot;Staking Rewards;IOST;0.61997500;
71732789;01/05/2021 01:41;Spot;Staking Rewards;ADA;0.03217776;
71732789;01/05/2021 02:53;Spot;Staking Rewards;IOST;0.61997500;
71732789;01/05/2021 03:05;Spot;Staking Rewards;MATIC;0.12790259;
71732789;02/05/2021 01:04;Spot;Staking Redemption;MATIC;148.25160000;
71732789;02/05/2021 01:04;Spot;Staking Redemption;IOST;823.17600000;
71732789;02/05/2021 01:08;Spot;Staking Redemption;ADA;53.90000000;
71732789;07/05/2021 00:21;Spot;Launchpool Subscription/Redemption;BNB;0.29370000;Binance Launchpool
71732789;07/05/2021 00:22;Spot;Launchpool Earnings Withdrawal;TLM;2.79742740;Binance Launchpool
71732789;08/05/2021 21:39;Spot;Fee;BNB;-0.00007068;
71732789;08/05/2021 21:39;Spot;Buy;USDT;61.00336060;
71732789;08/05/2021 21:39;Spot;Sell;ETH;-0.01574000;
71732789;13/05/2021 10:42;Spot;Sell;FTM;-97.90000000;
71732789;13/05/2021 10:42;Spot;Buy;USDT;61.43225000;
71732789;13/05/2021 10:42;Spot;Fee;BNB;-0.00007884;
71732789;17/05/2021 19:13;Spot;Fee;BNB;-0.00008883;
71732789;17/05/2021 19:13;Spot;Sell;USDT;-61.12334200;
71732789;17/05/2021 19:13;Spot;Buy;SXP;16.22600000;
71732789;17/05/2021 19:29;Spot;Sell;USDT;-61.70671800;
71732789;17/05/2021 19:29;Spot;Fee;BNB;-0.00008925;
71732789;17/05/2021 19:29;Spot;Buy;TLM;166.82000000;
71732789;19/05/2021 10:41;Spot;Staking Purchase;BNB;-0.29410361;
71732789;21/05/2021 01:46;Spot;Staking Rewards;BNB;0.00028032;
71732789;22/05/2021 01:15;Spot;Staking Rewards;BNB;0.00028032;
71732789;23/05/2021 15:14;Spot;Staking Rewards;BNB;0.00028032;
71732789;24/05/2021 13:17;Spot;Staking Rewards;BNB;0.00028032;
71732789;25/05/2021 02:16;Spot;Staking Rewards;BNB;0.00028032;
71732789;26/05/2021 01:19;Spot;Staking Rewards;BNB;0.00028032;
71732789;27/05/2021 02:19;Spot;Staking Rewards;BNB;0.00028032;
71732789;28/05/2021 02:25;Spot;Staking Rewards;BNB;0.00028032;
71732789;29/05/2021 02:27;Spot;Staking Rewards;BNB;0.00028032;
71732789;30/05/2021 02:34;Spot;Staking Rewards;BNB;0.00028032;
71732789;31/05/2021 02:38;Spot;Staking Rewards;BNB;0.00028032;
71732789;01/06/2021 03:10;Spot;Staking Rewards;BNB;0.00028032;
71732789;02/06/2021 03:19;Spot;Staking Rewards;BNB;0.00028032;
71732789;03/06/2021 03:25;Spot;Staking Rewards;BNB;0.00028032;
71732789;04/06/2021 06:21;Spot;Staking Rewards;BNB;0.00028032;
71732789;05/06/2021 01:56;Spot;Staking Redemption;BNB;0.29410361;
71732789;19/10/2021 03:46;Spot;Airdrop Assets;DON;0.03543848;
71732789;30/10/2021 14:42;Spot;Transaction Revenue;BUSD;55.79600000;
71732789;30/10/2021 14:42;Spot;Transaction Sold;MATIC;-29.60000000;
71732789;30/10/2021 14:52;Spot;Transaction Revenue;BUSD;39.20800000;
71732789;30/10/2021 14:52;Spot;Transaction Sold;MATIC;-20.80000000;
71732789;30/10/2021 14:52;Spot;Transaction Sold;MATIC;-61.40000000;
71732789;30/10/2021 14:52;Spot;Transaction Revenue;BUSD;115.73900000;
71732789;30/10/2021 15:01;Spot;Transaction Fee;BNB;-0.00057867;
71732789;30/10/2021 15:01;Spot;Transaction Sold;LUNA;-9.23000000;
71732789;30/10/2021 15:01;Spot;Transaction Revenue;EUR;346.12500000;
71732789;30/10/2021 15:02;Spot;Transaction Sold;BNB;-0.00600000;
71732789;30/10/2021 15:02;Spot;Transaction Revenue;BUSD;3.10500000;
71732789;30/10/2021 15:02;Spot;Transaction Revenue;BUSD;112.81500000;
71732789;30/10/2021 15:02;Spot;Transaction Sold;BNB;-0.21800000;
71732789;30/10/2021 15:04;Spot;Transaction Revenue;BUSD;1.50800000;
71732789;30/10/2021 15:04;Spot;Transaction Sold;MATIC;-0.80000000;
71732789;07/01/2022 14:49;Spot;Staking Purchase;IOST;-832.47562500;
71732789;08/01/2022 23:48;Spot;Transaction Spend;EUR;-99.89900000;
71732789;08/01/2022 23:48;Spot;Transaction Fee;BNB;-0.00019747;
71732789;08/01/2022 23:48;Spot;Transaction Buy;MATIC;56.60000000;
71732789;09/01/2022 00:53;Spot;Staking Rewards;IOST;0.09373675;
71732789;10/01/2022 00:52;Spot;Staking Rewards;IOST;0.09373675;
71732789;10/01/2022 12:52;Spot;Transaction Buy;SOL;0.83000000;
71732789;10/01/2022 12:52;Spot;Transaction Spend;EUR;-99.60000000;
71732789;10/01/2022 12:52;Spot;Transaction Fee;BNB;-0.00019764;
71732789;10/01/2022 14:20;Spot;Transaction Spend;BUSD;-100.00000000;
71732789;10/01/2022 14:20;Spot;Transaction Buy;ALICE;10.00000000;
71732789;11/01/2022 00:52;Spot;Staking Rewards;IOST;0.09373675;
71732789;12/01/2022 00:53;Spot;Staking Rewards;IOST;0.09373675;
71732789;13/01/2022 00:53;Spot;Staking Rewards;IOST;0.09373675;
71732789;14/01/2022 00:52;Spot;Staking Rewards;IOST;0.09373675;
71732789;15/01/2022 00:52;Spot;Staking Rewards;IOST;0.09373675;
71732789;16/01/2022 00:52;Spot;Staking Rewards;IOST;0.09373675;
71732789;17/01/2022 00:53;Spot;Staking Rewards;IOST;0.09373675;
71732789;18/01/2022 00:54;Spot;Staking Rewards;IOST;0.09373675;
71732789;19/01/2022 00:53;Spot;Staking Rewards;IOST;0.09373675;
71732789;20/01/2022 00:54;Spot;Staking Rewards;IOST;0.09373675;
71732789;21/01/2022 03:36;Spot;Staking Rewards;IOST;0.09373675;
71732789;22/01/2022 01:53;Spot;Staking Rewards;IOST;0.09373675;
71732789;22/01/2022 10:02;Spot;Transaction Spend;BUSD;-113.85000000;
71732789;22/01/2022 10:02;Spot;Transaction Buy;LUNA;2.07000000;
71732789;23/01/2022 01:55;Spot;Staking Rewards;IOST;0.09373675;
71732789;24/01/2022 01:54;Spot;Staking Rewards;IOST;0.09373675;
71732789;25/01/2022 01:18;Spot;Staking Rewards;IOST;0.09373675;
71732789;26/01/2022 00:45;Spot;Staking Rewards;IOST;0.09373675;
71732789;27/01/2022 00:49;Spot;Staking Rewards;IOST;0.09373675;
71732789;27/01/2022 21:54;Spot;Transaction Spend;BUSD;-112.87500000;
71732789;27/01/2022 21:54;Spot;Transaction Buy;LUNA;2.15000000;
71732789;28/01/2022 00:51;Spot;Staking Rewards;IOST;0.09373675;
71732789;29/01/2022 00:50;Spot;Staking Rewards;IOST;0.09373675;
71732789;30/01/2022 00:45;Spot;Staking Rewards;IOST;0.09373675;
71732789;31/01/2022 00:46;Spot;Staking Rewards;IOST;0.09373675;
71732789;01/02/2022 00:45;Spot;Staking Rewards;IOST;0.09373675;
71732789;02/02/2022 00:45;Spot;Staking Rewards;IOST;0.09373675;
71732789;03/02/2022 00:45;Spot;Staking Rewards;IOST;0.09373675;
71732789;04/02/2022 00:45;Spot;Staking Rewards;IOST;0.09373675;
71732789;05/02/2022 00:46;Spot;Staking Rewards;IOST;0.09373675;
71732789;05/02/2022 02:59;Spot;Transaction Revenue;USDT;385.15100000;
71732789;05/02/2022 02:59;Spot;Transaction Fee;BNB;-0.00072487;
71732789;05/02/2022 02:59;Spot;Transaction Sold;LUNA;-6.89000000;
71732789;06/02/2022 00:49;Spot;Staking Rewards;IOST;0.09373675;
71732789;07/02/2022 00:49;Spot;Staking Rewards;IOST;0.09373675;
71732789;08/02/2022 01:16;Spot;Staking Redemption;IOST;832.47562500;
71732789;09/03/2022 08:58;Spot;Transaction Spend;USDT;-299.96243910;
71732789;09/03/2022 08:58;Spot;Transaction Buy;BTC;0.00711000;
71732789;09/03/2022 08:58;Spot;Transaction Fee;BNB;-0.00056794;
71732789;09/03/2022 09:04;Spot;Transaction Fee;BNB;-0.00016197;
71732789;09/03/2022 09:04;Spot;Transaction Spend;USDT;-85.12350000;
71732789;09/03/2022 09:04;Spot;Transaction Buy;ADA;100.50000000;
71732789;29/03/2022 23:48;Spot;Transaction Sold;BTC;-0.00711000;
71732789;29/03/2022 23:48;Spot;Transaction Revenue;BUSD;337.82653080;
71732789;12/05/2022 16:27;Spot;Transaction Sold;FIO;-231.00000000;
71732789;12/05/2022 16:27;Spot;Transaction Revenue;BUSD;10.00230000;
71732789;22/05/2022 19:13;Spot;Transaction Spend;BUSD;-349.15050000;
71732789;22/05/2022 19:13;Spot;Transaction Buy;BTC;0.01165000;
71732789;19/09/2022 11:42;Spot;Airdrop Assets;ETHW;0.01573000;
71732789;12/11/2022 22:50;Spot;Transaction Spend;EUR;-146.61068800;
71732789;12/11/2022 22:50;Spot;Transaction Buy;BTC;0.00896000;
71732789;27/03/2023 16:14;Spot;Simple Earn Flexible Subscription;BTC;-0.02061008;Binance Earn
71732789;27/03/2023 16:14;Spot;Simple Earn Locked Subscription;MATIC;-94.17013885;Binance Earn
71732789;27/03/2023 16:15;Spot;Simple Earn Flexible Subscription;ADA;-154.88266640;Binance Earn
71732789;27/03/2023 16:15;Spot;Simple Earn Locked Subscription;FET;-85.61430000;Binance Earn
71732789;27/03/2023 16:16;Spot;Simple Earn Flexible Subscription;ETH;-0.01573000;Binance Earn
71732789;27/03/2023 16:16;Spot;Simple Earn Flexible Subscription;CHZ;-196.41339000;Binance Earn
71732789;27/03/2023 16:17;Spot;Simple Earn Flexible Subscription;SOL;-0.83000000;Binance Earn
71732789;27/03/2023 16:17;Spot;Simple Earn Flexible Subscription;ALICE;-10.07883543;Binance Earn
71732789;27/03/2023 16:17;Spot;Simple Earn Flexible Subscription;OCEAN;-41.55840000;Binance Earn
71732789;27/03/2023 16:17;Spot;Simple Earn Flexible Subscription;COTI;-151.94790000;Binance Earn
71732789;29/03/2023 01:21;Spot;Simple Earn Locked Rewards;MATIC;0.01651179;Binance Earn
71732789;29/03/2023 02:11;Spot;Simple Earn Flexible Interest;BTC;0,00 ;Binance Earn
71732789;29/03/2023 02:17;Spot;Simple Earn Flexible Interest;SOL;0.00002273;Binance Earn
71732789;29/03/2023 02:19;Spot;Simple Earn Flexible Interest;ADA;0.00848610;Binance Earn
71732789;29/03/2023 02:22;Spot;Simple Earn Flexible Interest;ETH;1.0E-7;Binance Earn
71732789;29/03/2023 03:01;Spot;Simple Earn Locked Rewards;FET;0.00752977;Binance Earn
71732789;30/03/2023 01:21;Spot;Simple Earn Locked Rewards;MATIC;0.01651179;Binance Earn
71732789;30/03/2023 02:11;Spot;Simple Earn Flexible Interest;BTC;0,00 ;Binance Earn
71732789;30/03/2023 02:17;Spot;Simple Earn Flexible Interest;SOL;0.00002273;Binance Earn
71732789;30/03/2023 02:19;Spot;Simple Earn Flexible Interest;ADA;0.00848637;Binance Earn
71732789;30/03/2023 02:23;Spot;Simple Earn Flexible Interest;ETH;1.0E-7;Binance Earn
71732789;30/03/2023 03:04;Spot;Simple Earn Locked Rewards;FET;0.00752977;Binance Earn
71732789;31/03/2023 01:24;Spot;Simple Earn Locked Rewards;MATIC;0.01651179;Binance Earn
71732789;31/03/2023 02:11;Spot;Simple Earn Flexible Interest;BTC;0,00 ;Binance Earn
71732789;31/03/2023 02:17;Spot;Simple Earn Flexible Interest;SOL;0.00002273;Binance Earn
71732789;31/03/2023 02:18;Spot;Simple Earn Flexible Interest;ADA;0.00848664;Binance Earn
71732789;31/03/2023 02:22;Spot;Simple Earn Flexible Interest;ETH;1.0E-7;Binance Earn
71732789;31/03/2023 03:08;Spot;Simple Earn Locked Rewards;FET;0.00752977;Binance Earn
71732789;01/04/2023 01:13;Spot;Simple Earn Locked Rewards;MATIC;0.01651179;Binance Earn
71732789;01/04/2023 02:09;Spot;Simple Earn Locked Rewards;FET;0.00752977;Binance Earn
71732789;01/04/2023 02:10;Spot;Simple Earn Flexible Interest;SOL;0.00002273;Binance Earn
71732789;01/04/2023 02:10;Spot;Simple Earn Flexible Interest;BTC;0,00 ;Binance Earn
71732789;01/04/2023 02:10;Spot;Simple Earn Flexible Interest;ADA;0.01273113;Binance Earn
71732789;01/04/2023 02:21;Spot;Simple Earn Flexible Interest;ETH;1.0E-7;Binance Earn
71732789;02/04/2023 01:22;Spot;Simple Earn Locked Rewards;MATIC;0.01651179;Binance Earn
71732789;02/04/2023 02:10;Spot;Simple Earn Flexible Interest;BTC;0,00 ;Binance Earn
71732789;02/04/2023 02:16;Spot;Simple Earn Flexible Interest;SOL;0.00002273;Binance Earn
71732789;02/04/2023 02:18;Spot;Simple Earn Flexible Interest;ADA;0.01273152;Binance Earn
71732789;02/04/2023 02:21;Spot;Simple Earn Flexible Interest;ETH;1.0E-7;Binance Earn
71732789;02/04/2023 02:42;Spot;Simple Earn Locked Rewards;FET;0.00752977;Binance Earn
71732789;03/04/2023 01:22;Spot;Simple Earn Locked Rewards;MATIC;0.01651179;Binance Earn
71732789;03/04/2023 02:11;Spot;Simple Earn Flexible Interest;BTC;0,00 ;Binance Earn
71732789;03/04/2023 02:17;Spot;Simple Earn Flexible Interest;SOL;0.00002273;Binance Earn
71732789;03/04/2023 02:18;Spot;Simple Earn Flexible Interest;ADA;0.01273189;Binance Earn
71732789;03/04/2023 02:22;Spot;Simple Earn Flexible Interest;ETH;1.0E-7;Binance Earn
71732789;03/04/2023 03:06;Spot;Simple Earn Locked Rewards;FET;0.00752977;Binance Earn
71732789;04/04/2023 01:14;Spot;Simple Earn Locked Rewards;MATIC;0.01651179;Binance Earn
71732789;04/04/2023 02:10;Spot;Simple Earn Flexible Interest;BTC;0,00 ;Binance Earn
71732789;04/04/2023 02:16;Spot;Simple Earn Flexible Interest;SOL;0.00002273;Binance Earn
71732789;04/04/2023 02:17;Spot;Simple Earn Flexible Interest;ADA;0.01273225;Binance Earn
71732789;04/04/2023 02:19;Spot;Simple Earn Locked Rewards;FET;0.00752977;Binance Earn
71732789;04/04/2023 02:20;Spot;Simple Earn Flexible Interest;ETH;1.0E-7;Binance Earn
71732789;05/04/2023 01:22;Spot;Simple Earn Locked Rewards;MATIC;0.01651179;Binance Earn
71732789;05/04/2023 02:10;Spot;Simple Earn Flexible Interest;BTC;0,00 ;Binance Earn
71732789;05/04/2023 02:17;Spot;Simple Earn Flexible Interest;SOL;0.00002273;Binance Earn
71732789;05/04/2023 02:18;Spot;Simple Earn Flexible Interest;ADA;0.01273260;Binance Earn
71732789;05/04/2023 02:21;Spot;Simple Earn Flexible Interest;ETH;1.0E-7;Binance Earn
71732789;05/04/2023 03:09;Spot;Simple Earn Locked Rewards;FET;0.00752977;Binance Earn
71732789;06/04/2023 01:14;Spot;Simple Earn Locked Rewards;MATIC;0.01651179;Binance Earn
71732789;06/04/2023 02:10;Spot;Simple Earn Flexible Interest;BTC;0,00 ;Binance Earn
71732789;06/04/2023 02:17;Spot;Simple Earn Flexible Interest;SOL;0.00002273;Binance Earn
71732789;06/04/2023 02:18;Spot;Simple Earn Flexible Interest;ADA;0.01273292;Binance Earn
71732789;06/04/2023 02:21;Spot;Simple Earn Flexible Interest;ETH;1.0E-7;Binance Earn
71732789;06/04/2023 02:44;Spot;Simple Earn Locked Rewards;FET;0.00752977;Binance Earn
71732789;07/04/2023 01:18;Spot;Simple Earn Locked Rewards;MATIC;0.01651179;Binance Earn
71732789;07/04/2023 02:11;Spot;Simple Earn Flexible Interest;BTC;0,00 ;Binance Earn
71732789;07/04/2023 02:18;Spot;Simple Earn Flexible Interest;SOL;0.00001591;Binance Earn
71732789;07/04/2023 02:19;Spot;Simple Earn Flexible Interest;ADA;0.00509236;Binance Earn
71732789;07/04/2023 02:23;Spot;Simple Earn Flexible Interest;ETH;1.0E-7;Binance Earn
71732789;07/04/2023 03:10;Spot;Simple Earn Locked Rewards;FET;0.00752977;Binance Earn
71732789;08/04/2023 01:13;Spot;Simple Earn Locked Rewards;MATIC;0.01651179;Binance Earn
71732789;08/04/2023 02:11;Spot;Simple Earn Flexible Interest;BTC;0,00 ;Binance Earn
71732789;08/04/2023 02:18;Spot;Simple Earn Flexible Interest;SOL;0.00001591;Binance Earn
71732789;08/04/2023 02:19;Spot;Simple Earn Flexible Interest;ADA;0.00509248;Binance Earn
71732789;08/04/2023 02:23;Spot;Simple Earn Flexible Interest;ETH;1.0E-7;Binance Earn
71732789;08/04/2023 02:56;Spot;Simple Earn Locked Rewards;FET;0.00752977;Binance Earn
71732789;09/04/2023 01:10;Spot;Simple Earn Locked Rewards;MATIC;0.01651179;Binance Earn
71732789;09/04/2023 02:11;Spot;Simple Earn Flexible Interest;BTC;0,00 ;Binance Earn
71732789;09/04/2023 02:17;Spot;Simple Earn Flexible Interest;SOL;0.00001591;Binance Earn
71732789;09/04/2023 02:18;Spot;Simple Earn Flexible Interest;ADA;0.00509260;Binance Earn
71732789;09/04/2023 02:22;Spot;Simple Earn Flexible Interest;ETH;1.0E-7;Binance Earn
71732789;09/04/2023 02:42;Spot;Simple Earn Locked Rewards;FET;0.00752977;Binance Earn
71732789;10/04/2023 02:11;Spot;Simple Earn Flexible Interest;BTC;0,00 ;Binance Earn
71732789;10/04/2023 02:17;Spot;Simple Earn Locked Rewards;MATIC;0.01651179;Binance Earn
71732789;10/04/2023 02:18;Spot;Simple Earn Flexible Interest;SOL;0.00001591;Binance Earn
71732789;10/04/2023 02:19;Spot;Simple Earn Flexible Interest;ADA;0.00509272;Binance Earn
71732789;10/04/2023 02:23;Spot;Simple Earn Flexible Interest;ETH;1.0E-7;Binance Earn
71732789;10/04/2023 03:35;Spot;Simple Earn Locked Rewards;FET;0.00752977;Binance Earn
71732789;11/04/2023 01:10;Spot;Simple Earn Locked Rewards;MATIC;0.01444758;Binance Earn
71732789;11/04/2023 02:20;Spot;Simple Earn Flexible Interest;BTC;0,00 ;Binance Earn
71732789;11/04/2023 02:22;Spot;Simple Earn Flexible Interest;SOL;0.00001591;Binance Earn
71732789;11/04/2023 02:25;Spot;Simple Earn Flexible Interest;ADA;0.00509284;Binance Earn
71732789;11/04/2023 02:29;Spot;Simple Earn Flexible Interest;ETH;1.0E-7;Binance Earn
71732789;11/04/2023 02:42;Spot;Simple Earn Locked Rewards;FET;0.00752977;Binance Earn
71732789;12/04/2023 01:09;Spot;Simple Earn Locked Rewards;MATIC;0.01444758;Binance Earn
71732789;12/04/2023 01:57;Spot;Simple Earn Flexible Interest;BTC;0,00 ;Binance Earn
71732789;12/04/2023 02:00;Spot;Simple Earn Flexible Interest;SOL;0.00001591;Binance Earn
71732789;12/04/2023 02:01;Spot;Simple Earn Flexible Interest;ADA;0.00509296;Binance Earn
71732789;12/04/2023 02:06;Spot;Simple Earn Flexible Interest;ETH;1.0E-7;Binance Earn
71732789;12/04/2023 02:38;Spot;Simple Earn Locked Rewards;FET;0.00752977;Binance Earn
71732789;12/04/2023 07:27;Spot;Simple Earn Flexible Subscription;BNB;-0.07187985;Binance Earn
71732789;13/04/2023 01:15;Spot;Simple Earn Locked Rewards;MATIC;0.01444758;Binance Earn
71732789;13/04/2023 01:27;Spot;Simple Earn Flexible Interest;BTC;0,00 ;Binance Earn
71732789;13/04/2023 01:31;Spot;Simple Earn Flexible Interest;SOL;0.00001591;Binance Earn
71732789;13/04/2023 01:31;Spot;Simple Earn Flexible Interest;ADA;0.00509307;Binance Earn
71732789;13/04/2023 01:35;Spot;Simple Earn Flexible Interest;ETH;1.0E-7;Binance Earn
71732789;13/04/2023 02:33;Spot;Simple Earn Locked Rewards;FET;0.00752977;Binance Earn
71732789;13/04/2023 03:21;Spot;BNB Vault Rewards;RDNT;0.00222573;
71732789;14/04/2023 01:13;Spot;Simple Earn Locked Rewards;MATIC;0.01444758;Binance Earn
71732789;14/04/2023 01:58;Spot;Simple Earn Flexible Interest;BTC;0,00 ;Binance Earn
71732789;14/04/2023 02:00;Spot;Simple Earn Flexible Interest;BNB;6.8E-7;Binance Earn
71732789;14/04/2023 02:01;Spot;Simple Earn Flexible Interest;SOL;0.00001591;Binance Earn
71732789;14/04/2023 02:02;Spot;Simple Earn Flexible Interest;ADA;0.00509318;Binance Earn
71732789;14/04/2023 02:06;Spot;Simple Earn Flexible Interest;ETH;1.0E-7;Binance Earn
71732789;14/04/2023 03:11;Spot;Simple Earn Locked Rewards;FET;0.00752977;Binance Earn
71732789;14/04/2023 03:35;Spot;BNB Vault Rewards;RDNT;0.00314259;
71732789;15/04/2023 01:12;Spot;Simple Earn Locked Rewards;MATIC;0.01444758;Binance Earn
71732789;15/04/2023 01:57;Spot;Simple Earn Flexible Interest;BTC;0,00 ;Binance Earn
71732789;15/04/2023 01:59;Spot;Simple Earn Flexible Interest;BNB;6.8E-7;Binance Earn
71732789;15/04/2023 02:01;Spot;Simple Earn Flexible Interest;SOL;0.00001591;Binance Earn
71732789;15/04/2023 02:01;Spot;Simple Earn Flexible Interest;ADA;0.00509329;Binance Earn
71732789;15/04/2023 02:06;Spot;Simple Earn Flexible Interest;ETH;1.0E-7;Binance Earn
71732789;15/04/2023 02:31;Spot;Simple Earn Locked Rewards;FET;0.00752977;Binance Earn
71732789;15/04/2023 04:23;Spot;BNB Vault Rewards;RDNT;0.00313984;
71732789;16/04/2023 01:12;Spot;Simple Earn Locked Rewards;MATIC;0.01444758;Binance Earn
71732789;16/04/2023 01:58;Spot;Simple Earn Flexible Interest;BTC;0,00 ;Binance Earn
71732789;16/04/2023 02:00;Spot;Simple Earn Flexible Interest;BNB;6.8E-7;Binance Earn
71732789;16/04/2023 02:01;Spot;Simple Earn Flexible Interest;SOL;0.00001591;Binance Earn
71732789;16/04/2023 02:02;Spot;Simple Earn Flexible Interest;ADA;0.00509340;Binance Earn
71732789;16/04/2023 02:06;Spot;Simple Earn Flexible Interest;ETH;1.0E-7;Binance Earn
71732789;16/04/2023 02:29;Spot;Simple Earn Locked Rewards;FET;0.00752977;Binance Earn
71732789;16/04/2023 03:42;Spot;BNB Vault Rewards;RDNT;0.00310653;
71732789;17/04/2023 01:12;Spot;Simple Earn Locked Rewards;MATIC;0.01444758;Binance Earn
71732789;17/04/2023 01:57;Spot;Simple Earn Flexible Interest;BTC;0,00 ;Binance Earn
71732789;17/04/2023 01:59;Spot;Simple Earn Flexible Interest;BNB;6.8E-7;Binance Earn
71732789;17/04/2023 02:01;Spot;Simple Earn Flexible Interest;SOL;0.00001591;Binance Earn
71732789;17/04/2023 02:01;Spot;Simple Earn Flexible Interest;ADA;0.00509351;Binance Earn
71732789;17/04/2023 02:06;Spot;Simple Earn Flexible Interest;ETH;1.0E-7;Binance Earn
71732789;17/04/2023 02:30;Spot;Simple Earn Locked Rewards;FET;0.00752977;Binance Earn
71732789;17/04/2023 03:52;Spot;BNB Vault Rewards;RDNT;0.00308305;
71732789;17/04/2023 10:31;Spot;Simple Earn Flexible Subscription;SXP;-16.22600000;Binance Earn
71732789;18/04/2023 01:12;Spot;Simple Earn Locked Rewards;MATIC;0.01444758;Binance Earn
71732789;18/04/2023 01:28;Spot;Simple Earn Flexible Interest;BTC;0,00 ;Binance Earn
71732789;18/04/2023 01:30;Spot;Simple Earn Flexible Interest;BNB;6.8E-7;Binance Earn
71732789;18/04/2023 01:32;Spot;Simple Earn Flexible Interest;SOL;0.00001591;Binance Earn
71732789;18/04/2023 01:32;Spot;Simple Earn Flexible Interest;ADA;0.00509361;Binance Earn
71732789;18/04/2023 01:36;Spot;Simple Earn Flexible Interest;ETH;1.0E-7;Binance Earn
71732789;18/04/2023 03:10;Spot;Simple Earn Locked Rewards;FET;0.00752977;Binance Earn
71732789;18/04/2023 03:27;Spot;BNB Vault Rewards;RDNT;0.00300844;
71732789;19/04/2023 01:11;Spot;Simple Earn Locked Rewards;MATIC;0.01444758;Binance Earn
71732789;19/04/2023 02:23;Spot;Simple Earn Flexible Interest;BTC;0,00 ;Binance Earn
71732789;19/04/2023 02:23;Spot;Simple Earn Locked Rewards;FET;0.00752977;Binance Earn
71732789;19/04/2023 02:26;Spot;Simple Earn Flexible Interest;SOL;0.00001591;Binance Earn
71732789;19/04/2023 02:27;Spot;Simple Earn Flexible Interest;BNB;6.8E-7;Binance Earn
71732789;19/04/2023 02:30;Spot;Simple Earn Flexible Interest;ADA;0.00509372;Binance Earn
71732789;19/04/2023 02:36;Spot;Simple Earn Flexible Interest;ETH;1.0E-7;Binance Earn
71732789;19/04/2023 04:32;Spot;BNB Vault Rewards;RDNT;0.00301271;
71732789;20/04/2023 01:12;Spot;Simple Earn Locked Rewards;MATIC;0.01444758;Binance Earn
71732789;20/04/2023 02:13;Spot;Simple Earn Flexible Interest;BTC;0,00 ;Binance Earn
71732789;20/04/2023 02:15;Spot;Simple Earn Flexible Interest;BNB;6.8E-7;Binance Earn
71732789;20/04/2023 02:16;Spot;Simple Earn Flexible Interest;SOL;0.00001591;Binance Earn
71732789;20/04/2023 02:17;Spot;Simple Earn Flexible Interest;ADA;0.00509382;Binance Earn
71732789;20/04/2023 02:21;Spot;Simple Earn Flexible Interest;ETH;1.0E-7;Binance Earn
71732789;20/04/2023 02:28;Spot;Simple Earn Locked Rewards;FET;0.00752977;Binance Earn
71732789;20/04/2023 03:32;Spot;BNB Vault Rewards;RDNT;0.00297948;
71732789;21/04/2023 01:10;Spot;Simple Earn Locked Rewards;MATIC;0.01444758;Binance Earn
71732789;21/04/2023 02:07;Spot;Simple Earn Flexible Interest;BTC;0,00 ;Binance Earn
71732789;21/04/2023 02:10;Spot;Simple Earn Flexible Interest;BNB;6.8E-7;Binance Earn
71732789;21/04/2023 02:12;Spot;Simple Earn Flexible Interest;SOL;0.00001591;Binance Earn
71732789;21/04/2023 02:12;Spot;Simple Earn Flexible Interest;ADA;0.00509392;Binance Earn
71732789;21/04/2023 02:16;Spot;Simple Earn Flexible Interest;ETH;1.0E-7;Binance Earn
71732789;21/04/2023 02:27;Spot;Simple Earn Locked Rewards;FET;0.00752977;Binance Earn
71732789;21/04/2023 03:42;Spot;BNB Vault Rewards;RDNT;0.00296638;
71732789;22/04/2023 01:13;Spot;Simple Earn Locked Rewards;MATIC;0.01444758;Binance Earn
71732789;22/04/2023 02:07;Spot;Simple Earn Flexible Interest;BTC;0,00 ;Binance Earn
71732789;22/04/2023 02:09;Spot;Simple Earn Flexible Interest;BNB;6.8E-7;Binance Earn
71732789;22/04/2023 02:11;Spot;Simple Earn Flexible Interest;SOL;0.00001591;Binance Earn
71732789;22/04/2023 02:11;Spot;Simple Earn Flexible Interest;ADA;0.00509402;Binance Earn
71732789;22/04/2023 02:16;Spot;Simple Earn Flexible Interest;ETH;1.0E-7;Binance Earn
71732789;22/04/2023 02:41;Spot;Simple Earn Locked Rewards;FET;0.00752977;Binance Earn
71732789;22/04/2023 03:34;Spot;BNB Vault Rewards;RDNT;0.00293938;
71732789;23/04/2023 01:08;Spot;Simple Earn Locked Rewards;MATIC;0.01444758;Binance Earn
71732789;23/04/2023 01:26;Spot;Simple Earn Flexible Interest;BTC;0,00 ;Binance Earn
71732789;23/04/2023 01:29;Spot;Simple Earn Flexible Interest;BNB;6.8E-7;Binance Earn
71732789;23/04/2023 01:30;Spot;Simple Earn Flexible Interest;SOL;0.00001591;Binance Earn
71732789;23/04/2023 01:31;Spot;Simple Earn Flexible Interest;ADA;0.00509412;Binance Earn
71732789;23/04/2023 01:35;Spot;Simple Earn Flexible Interest;ETH;1.0E-7;Binance Earn
71732789;23/04/2023 02:18;Spot;Simple Earn Locked Rewards;FET;0.00752977;Binance Earn
71732789;23/04/2023 03:31;Spot;BNB Vault Rewards;RDNT;0.00281090;
71732789;24/04/2023 01:08;Spot;Simple Earn Locked Rewards;MATIC;0.01444758;Binance Earn
71732789;24/04/2023 01:26;Spot;Simple Earn Flexible Interest;BTC;0,00 ;Binance Earn
71732789;24/04/2023 01:29;Spot;Simple Earn Flexible Interest;BNB;6.8E-7;Binance Earn
71732789;24/04/2023 01:30;Spot;Simple Earn Flexible Interest;SOL;0.00001591;Binance Earn
71732789;24/04/2023 01:31;Spot;Simple Earn Flexible Interest;ADA;0.00509422;Binance Earn
71732789;24/04/2023 01:35;Spot;Simple Earn Flexible Interest;ETH;1.0E-7;Binance Earn
71732789;24/04/2023 02:16;Spot;Simple Earn Locked Rewards;FET;0.00752977;Binance Earn
71732789;24/04/2023 03:31;Spot;BNB Vault Rewards;RDNT;0.00239273;
71732789;25/04/2023 01:13;Spot;Simple Earn Locked Rewards;MATIC;0.01444758;Binance Earn
71732789;25/04/2023 01:27;Spot;Simple Earn Flexible Interest;BTC;0,00 ;Binance Earn
71732789;25/04/2023 01:30;Spot;Simple Earn Flexible Interest;BNB;6.8E-7;Binance Earn
71732789;25/04/2023 01:30;Spot;Simple Earn Flexible Interest;SOL;0.00001591;Binance Earn
71732789;25/04/2023 01:31;Spot;Simple Earn Flexible Interest;ADA;0.00509431;Binance Earn
71732789;25/04/2023 01:36;Spot;Simple Earn Flexible Interest;ETH;1.0E-7;Binance Earn
71732789;25/04/2023 02:41;Spot;Simple Earn Locked Rewards;FET;0.00752977;Binance Earn
71732789;25/04/2023 03:49;Spot;BNB Vault Rewards;RDNT;0.00233940;
71732789;26/04/2023 01:17;Spot;Simple Earn Locked Rewards;MATIC;0.01444758;Binance Earn
71732789;26/04/2023 02:06;Spot;Simple Earn Flexible Interest;BTC;0,00 ;Binance Earn
71732789;26/04/2023 02:09;Spot;Simple Earn Flexible Interest;BNB;6.8E-7;Binance Earn
71732789;26/04/2023 02:10;Spot;Simple Earn Flexible Interest;SOL;0.00001591;Binance Earn
71732789;26/04/2023 02:11;Spot;Simple Earn Flexible Interest;ADA;0.00509440;Binance Earn
71732789;26/04/2023 02:15;Spot;Simple Earn Flexible Interest;ETH;1.0E-7;Binance Earn
71732789;26/04/2023 02:32;Spot;Simple Earn Locked Rewards;FET;0.00752977;Binance Earn
71732789;26/04/2023 04:05;Spot;BNB Vault Rewards;RDNT;0.00230592;
71732789;27/04/2023 01:13;Spot;Simple Earn Locked Rewards;MATIC;0.01444758;Binance Earn
71732789;27/04/2023 02:07;Spot;Simple Earn Flexible Interest;BTC;0,00 ;Binance Earn
71732789;27/04/2023 02:09;Spot;Simple Earn Flexible Interest;BNB;6.8E-7;Binance Earn
71732789;27/04/2023 02:11;Spot;Simple Earn Flexible Interest;SOL;0.00001591;Binance Earn
71732789;27/04/2023 02:12;Spot;Simple Earn Flexible Interest;ADA;0.00509450;Binance Earn
71732789;27/04/2023 02:16;Spot;Simple Earn Flexible Interest;ETH;1.0E-7;Binance Earn
71732789;27/04/2023 02:28;Spot;Simple Earn Locked Rewards;FET;0.00752977;Binance Earn
71732789;27/04/2023 03:22;Spot;BNB Vault Rewards;RDNT;0.00227226;
71732789;28/04/2023 01:14;Spot;Simple Earn Locked Rewards;MATIC;0.01444758;Binance Earn
71732789;28/04/2023 02:08;Spot;Simple Earn Flexible Interest;BTC;0,00 ;Binance Earn
71732789;28/04/2023 02:11;Spot;Simple Earn Flexible Interest;BNB;6.8E-7;Binance Earn
71732789;28/04/2023 02:12;Spot;Simple Earn Flexible Interest;SOL;0.00001591;Binance Earn
71732789;28/04/2023 02:13;Spot;Simple Earn Flexible Interest;ADA;0.00509459;Binance Earn
71732789;28/04/2023 02:17;Spot;Simple Earn Flexible Interest;ETH;1.0E-7;Binance Earn
71732789;28/04/2023 02:42;Spot;Simple Earn Locked Rewards;FET;0.00752977;Binance Earn
71732789;28/04/2023 03:24;Spot;BNB Vault Rewards;RDNT;0.00229597;
71732789;29/04/2023 01:15;Spot;Simple Earn Locked Rewards;MATIC;0.01444758;Binance Earn
71732789;29/04/2023 02:08;Spot;Simple Earn Flexible Interest;BTC;0,00 ;Binance Earn
71732789;29/04/2023 02:10;Spot;Simple Earn Flexible Interest;BNB;6.8E-7;Binance Earn
71732789;29/04/2023 02:12;Spot;Simple Earn Flexible Interest;SOL;0.00001591;Binance Earn
71732789;29/04/2023 02:13;Spot;Simple Earn Flexible Interest;ADA;0.00509469;Binance Earn
71732789;29/04/2023 02:17;Spot;Simple Earn Flexible Interest;ETH;1.0E-7;Binance Earn
71732789;29/04/2023 02:34;Spot;Simple Earn Locked Rewards;FET;0.00752977;Binance Earn
71732789;29/04/2023 03:32;Spot;BNB Vault Rewards;RDNT;0.00328619;
71732789;30/04/2023 01:13;Spot;Simple Earn Locked Rewards;MATIC;0.01444758;Binance Earn
71732789;30/04/2023 02:07;Spot;Simple Earn Flexible Interest;BTC;0,00 ;Binance Earn
71732789;30/04/2023 02:10;Spot;Simple Earn Flexible Interest;BNB;6.8E-7;Binance Earn
71732789;30/04/2023 02:12;Spot;Simple Earn Flexible Interest;SOL;0.00001592;Binance Earn
71732789;30/04/2023 02:12;Spot;Simple Earn Flexible Interest;ADA;0.00509478;Binance Earn
71732789;30/04/2023 02:17;Spot;Simple Earn Flexible Interest;ETH;1.0E-7;Binance Earn
71732789;30/04/2023 02:29;Spot;Simple Earn Locked Rewards;FET;0.00752977;Binance Earn
71732789;30/04/2023 03:21;Spot;BNB Vault Rewards;RDNT;0.00266278;
71732789;01/05/2023 01:11;Spot;Simple Earn Locked Rewards;MATIC;0.01444758;Binance Earn
71732789;01/05/2023 02:06;Spot;Simple Earn Flexible Interest;BTC;0,00 ;Binance Earn
71732789;01/05/2023 02:09;Spot;Simple Earn Flexible Interest;BNB;6.8E-7;Binance Earn
71732789;01/05/2023 02:10;Spot;Simple Earn Flexible Interest;SOL;0.00001592;Binance Earn
71732789;01/05/2023 02:10;Spot;Simple Earn Flexible Interest;ADA;0.00509488;Binance Earn
71732789;01/05/2023 02:15;Spot;Simple Earn Flexible Interest;ETH;1.0E-7;Binance Earn
71732789;01/05/2023 02:22;Spot;Simple Earn Locked Rewards;FET;0.00752977;Binance Earn
71732789;01/05/2023 03:41;Spot;BNB Vault Rewards;RDNT;0.00268722;
71732789;02/05/2023 01:13;Spot;Simple Earn Locked Rewards;MATIC;0.01444758;Binance Earn
71732789;02/05/2023 02:07;Spot;Simple Earn Flexible Interest;BTC;0,00 ;Binance Earn
71732789;02/05/2023 02:09;Spot;Simple Earn Flexible Interest;BNB;6.8E-7;Binance Earn
71732789;02/05/2023 02:11;Spot;Simple Earn Flexible Interest;SOL;0.00001592;Binance Earn
71732789;02/05/2023 02:11;Spot;Simple Earn Flexible Interest;ADA;0.00509497;Binance Earn
71732789;02/05/2023 02:16;Spot;Simple Earn Flexible Interest;ETH;1.0E-7;Binance Earn
71732789;02/05/2023 02:32;Spot;Simple Earn Locked Rewards;FET;0.00752977;Binance Earn
71732789;02/05/2023 05:52;Spot;BNB Vault Rewards;RDNT;0.00517483;
71732789;02/05/2023 06:08;Spot;BNB Vault Rewards;SUI;0.06164945;
71732789;03/05/2023 01:12;Spot;Simple Earn Locked Rewards;MATIC;0.01444758;Binance Earn
71732789;03/05/2023 01:25;Spot;Simple Earn Flexible Interest;BTC;0,00 ;Binance Earn
71732789;03/05/2023 01:27;Spot;Simple Earn Flexible Interest;BNB;6.8E-7;Binance Earn
71732789;03/05/2023 01:29;Spot;Simple Earn Flexible Interest;SOL;0.00002275;Binance Earn
71732789;03/05/2023 01:33;Spot;Simple Earn Flexible Interest;ETH;1.0E-7;Binance Earn
71732789;03/05/2023 02:25;Spot;Simple Earn Locked Rewards;FET;0.00752977;Binance Earn
71732789;03/05/2023 05:21;Spot;BNB Vault Rewards;RDNT;0.00628785;
71732789;03/05/2023 05:41;Spot;BNB Vault Rewards;SUI;0.05486866;
71732789;04/05/2023 01:13;Spot;Simple Earn Locked Rewards;MATIC;0.01444758;Binance Earn
71732789;04/05/2023 02:07;Spot;Simple Earn Flexible Interest;BTC;0,00 ;Binance Earn
71732789;04/05/2023 02:09;Spot;Simple Earn Flexible Interest;BNB;6.8E-7;Binance Earn
71732789;04/05/2023 02:11;Spot;Simple Earn Flexible Interest;SOL;0.00001592;Binance Earn
71732789;04/05/2023 02:11;Spot;Simple Earn Flexible Interest;ADA;0.00509516;Binance Earn
71732789;04/05/2023 02:16;Spot;Simple Earn Flexible Interest;ETH;1.0E-7;Binance Earn
71732789;04/05/2023 02:40;Spot;Simple Earn Locked Rewards;FET;0.00752977;Binance Earn
71732789;04/05/2023 03:53;Spot;BNB Vault Rewards;RDNT;0.00278019;
71732789;05/05/2023 01:11;Spot;Simple Earn Locked Rewards;MATIC;0.01444758;Binance Earn
71732789;05/05/2023 01:27;Spot;Simple Earn Flexible Interest;BTC;0,00 ;Binance Earn
71732789;05/05/2023 01:30;Spot;Simple Earn Flexible Interest;BNB;6.8E-7;Binance Earn
71732789;05/05/2023 01:32;Spot;Simple Earn Flexible Interest;SOL;0.00001592;Binance Earn
71732789;05/05/2023 01:32;Spot;Simple Earn Flexible Interest;ADA;0.00509526;Binance Earn
71732789;05/05/2023 01:37;Spot;Simple Earn Flexible Interest;ETH;1.0E-7;Binance Earn
71732789;05/05/2023 03:08;Spot;Simple Earn Locked Rewards;FET;0.00752977;Binance Earn
71732789;05/05/2023 03:24;Spot;BNB Vault Rewards;RDNT;0.00243432;
71732789;06/05/2023 01:12;Spot;Simple Earn Locked Rewards;MATIC;0.01444758;Binance Earn
71732789;06/05/2023 01:27;Spot;Simple Earn Flexible Interest;BTC;0,00 ;Binance Earn
71732789;06/05/2023 01:30;Spot;Simple Earn Flexible Interest;BNB;6.8E-7;Binance Earn
71732789;06/05/2023 01:32;Spot;Simple Earn Flexible Interest;SOL;0.00001592;Binance Earn
71732789;06/05/2023 01:33;Spot;Simple Earn Flexible Interest;ADA;0.00509535;Binance Earn
71732789;06/05/2023 01:37;Spot;Simple Earn Flexible Interest;ETH;1.0E-7;Binance Earn
71732789;06/05/2023 02:37;Spot;Simple Earn Locked Rewards;FET;0.00752977;Binance Earn
71732789;06/05/2023 03:23;Spot;BNB Vault Rewards;RDNT;0.00241956;
71732789;07/05/2023 00:58;Spot;Simple Earn Locked Rewards;MATIC;0.01444758;Binance Earn
71732789;07/05/2023 02:07;Spot;Simple Earn Flexible Interest;BTC;0,00 ;Binance Earn
71732789;07/05/2023 02:10;Spot;Simple Earn Flexible Interest;BNB;6.8E-7;Binance Earn
71732789;07/05/2023 02:11;Spot;Simple Earn Flexible Interest;SOL;0.00001592;Binance Earn
71732789;07/05/2023 02:12;Spot;Simple Earn Flexible Interest;ADA;0.00509545;Binance Earn
71732789;07/05/2023 02:17;Spot;Simple Earn Flexible Interest;ETH;1.0E-7;Binance Earn
71732789;07/05/2023 02:32;Spot;Simple Earn Locked Rewards;FET;0.00752977;Binance Earn
71732789;07/05/2023 03:22;Spot;BNB Vault Rewards;RDNT;0.00240955;
71732789;08/05/2023 00:57;Spot;Simple Earn Locked Rewards;MATIC;0.01444758;Binance Earn
71732789;08/05/2023 01:27;Spot;Simple Earn Flexible Interest;BTC;0,00 ;Binance Earn
71732789;08/05/2023 01:30;Spot;Simple Earn Flexible Interest;BNB;6.8E-7;Binance Earn
71732789;08/05/2023 01:31;Spot;Simple Earn Flexible Interest;SOL;0.00001592;Binance Earn
71732789;08/05/2023 01:32;Spot;Simple Earn Flexible Interest;ADA;0.00509554;Binance Earn
71732789;08/05/2023 01:37;Spot;Simple Earn Flexible Interest;ETH;1.0E-7;Binance Earn
71732789;08/05/2023 02:33;Spot;Simple Earn Locked Rewards;FET;0.00752977;Binance Earn
71732789;08/05/2023 03:22;Spot;BNB Vault Rewards;RDNT;0.00240234;
71732789;09/05/2023 00:53;Spot;Simple Earn Locked Rewards;MATIC;0.01444758;Binance Earn
71732789;09/05/2023 02:07;Spot;Simple Earn Flexible Interest;BTC;0,00 ;Binance Earn
71732789;09/05/2023 02:10;Spot;Simple Earn Flexible Interest;BNB;6.8E-7;Binance Earn
71732789;09/05/2023 02:12;Spot;Simple Earn Flexible Interest;SOL;0.00001592;Binance Earn
71732789;09/05/2023 02:12;Spot;Simple Earn Flexible Interest;ADA;0.00509563;Binance Earn
71732789;09/05/2023 02:16;Spot;Simple Earn Flexible Interest;ETH;1.0E-7;Binance Earn
71732789;09/05/2023 02:27;Spot;Simple Earn Locked Rewards;FET;0.00752977;Binance Earn
71732789;09/05/2023 03:32;Spot;BNB Vault Rewards;RDNT;0.00239311;
71732789;10/05/2023 00:52;Spot;Simple Earn Locked Rewards;MATIC;0.01444758;Binance Earn
71732789;10/05/2023 02:07;Spot;Simple Earn Flexible Interest;BTC;0,00 ;Binance Earn
71732789;10/05/2023 02:10;Spot;Simple Earn Flexible Interest;BNB;6.8E-7;Binance Earn
71732789;10/05/2023 02:12;Spot;Simple Earn Flexible Interest;SOL;0.00001592;Binance Earn
71732789;10/05/2023 02:12;Spot;Simple Earn Flexible Interest;ADA;0.00509572;Binance Earn
71732789;10/05/2023 02:17;Spot;Simple Earn Flexible Interest;ETH;1.0E-7;Binance Earn
71732789;10/05/2023 02:29;Spot;Simple Earn Locked Rewards;FET;0.00752977;Binance Earn
71732789;10/05/2023 03:33;Spot;BNB Vault Rewards;RDNT;0.00232363;
71732789;11/05/2023 00:52;Spot;Simple Earn Locked Rewards;MATIC;0.01444758;Binance Earn
71732789;11/05/2023 02:08;Spot;Simple Earn Flexible Interest;BTC;0,00 ;Binance Earn
71732789;11/05/2023 02:10;Spot;Simple Earn Flexible Interest;BNB;6.8E-7;Binance Earn
71732789;11/05/2023 02:12;Spot;Simple Earn Flexible Interest;SOL;0.00001592;Binance Earn
71732789;11/05/2023 02:13;Spot;Simple Earn Flexible Interest;ADA;0.00509582;Binance Earn
71732789;11/05/2023 02:17;Spot;Simple Earn Flexible Interest;ETH;1.0E-7;Binance Earn
71732789;11/05/2023 02:25;Spot;Simple Earn Locked Rewards;FET;0.00752977;Binance Earn
71732789;12/05/2023 00:52;Spot;Simple Earn Locked Rewards;MATIC;0.01444758;Binance Earn
71732789;12/05/2023 01:28;Spot;Simple Earn Flexible Interest;BTC;0,00 ;Binance Earn
71732789;12/05/2023 01:31;Spot;Simple Earn Flexible Interest;BNB;6.8E-7;Binance Earn
71732789;12/05/2023 01:32;Spot;Simple Earn Flexible Interest;SOL;0.00001592;Binance Earn
71732789;12/05/2023 01:33;Spot;Simple Earn Flexible Interest;ADA;0.00509591;Binance Earn
71732789;12/05/2023 01:38;Spot;Simple Earn Flexible Interest;ETH;1.0E-7;Binance Earn
71732789;12/05/2023 02:28;Spot;Simple Earn Locked Rewards;FET;0.00752977;Binance Earn
71732789;13/05/2023 00:52;Spot;Simple Earn Locked Rewards;MATIC;0.01444758;Binance Earn
71732789;13/05/2023 02:08;Spot;Simple Earn Flexible Interest;BTC;0,00 ;Binance Earn
71732789;13/05/2023 02:10;Spot;Simple Earn Flexible Interest;BNB;6.8E-7;Binance Earn
71732789;13/05/2023 02:12;Spot;Simple Earn Flexible Interest;SOL;0.00001592;Binance Earn
71732789;13/05/2023 02:13;Spot;Simple Earn Flexible Interest;ADA;0.00509601;Binance Earn
71732789;13/05/2023 02:17;Spot;Simple Earn Flexible Interest;ETH;1.0E-7;Binance Earn
71732789;13/05/2023 02:30;Spot;Simple Earn Locked Rewards;FET;0.00752977;Binance Earn
71732789;14/05/2023 00:52;Spot;Simple Earn Locked Rewards;MATIC;0.01444758;Binance Earn
71732789;14/05/2023 01:28;Spot;Simple Earn Flexible Interest;BTC;0,00 ;Binance Earn
71732789;14/05/2023 01:31;Spot;Simple Earn Flexible Interest;BNB;6.8E-7;Binance Earn
71732789;14/05/2023 01:33;Spot;Simple Earn Flexible Interest;SOL;0.00001592;Binance Earn
71732789;14/05/2023 01:34;Spot;Simple Earn Flexible Interest;ADA;0.00509611;Binance Earn
71732789;14/05/2023 01:38;Spot;Simple Earn Flexible Interest;ETH;1.0E-7;Binance Earn
71732789;14/05/2023 02:28;Spot;Simple Earn Locked Rewards;FET;0.00752977;Binance Earn
71732789;15/05/2023 00:52;Spot;Simple Earn Locked Rewards;MATIC;0.01444758;Binance Earn
71732789;15/05/2023 01:28;Spot;Simple Earn Flexible Interest;BTC;0,00 ;Binance Earn
71732789;15/05/2023 01:31;Spot;Simple Earn Flexible Interest;BNB;6.8E-7;Binance Earn
71732789;15/05/2023 01:33;Spot;Simple Earn Flexible Interest;SOL;0.00001592;Binance Earn
71732789;15/05/2023 01:34;Spot;Simple Earn Flexible Interest;ADA;0.00509620;Binance Earn
71732789;15/05/2023 01:38;Spot;Simple Earn Flexible Interest;ETH;1.0E-7;Binance Earn
71732789;15/05/2023 02:29;Spot;Simple Earn Locked Rewards;FET;0.00752977;Binance Earn
71732789;16/05/2023 00:51;Spot;Simple Earn Locked Rewards;MATIC;0.01444758;Binance Earn
71732789;16/05/2023 02:08;Spot;Simple Earn Flexible Interest;BTC;0,00 ;Binance Earn
71732789;16/05/2023 02:10;Spot;Simple Earn Flexible Interest;BNB;6.8E-7;Binance Earn
71732789;16/05/2023 02:12;Spot;Simple Earn Flexible Interest;SOL;0.00001592;Binance Earn
71732789;16/05/2023 02:13;Spot;Simple Earn Flexible Interest;ADA;0.00509629;Binance Earn
71732789;16/05/2023 02:18;Spot;Simple Earn Flexible Interest;ETH;1.0E-7;Binance Earn
71732789;16/05/2023 02:31;Spot;Simple Earn Locked Rewards;FET;0.00752977;Binance Earn
71732789;17/05/2023 00:51;Spot;Simple Earn Locked Rewards;MATIC;0.01444758;Binance Earn
71732789;17/05/2023 02:08;Spot;Simple Earn Flexible Interest;BTC;0,00 ;Binance Earn
71732789;17/05/2023 02:11;Spot;Simple Earn Flexible Interest;BNB;6.8E-7;Binance Earn
71732789;17/05/2023 02:13;Spot;Simple Earn Flexible Interest;SOL;0.00001592;Binance Earn
71732789;17/05/2023 02:13;Spot;Simple Earn Flexible Interest;ADA;0.00509638;Binance Earn
71732789;17/05/2023 02:18;Spot;Simple Earn Flexible Interest;ETH;1.0E-7;Binance Earn
71732789;17/05/2023 02:39;Spot;Simple Earn Locked Rewards;FET;0.00752977;Binance Earn
71732789;18/05/2023 00:51;Spot;Simple Earn Locked Rewards;MATIC;0.01444758;Binance Earn
71732789;18/05/2023 02:07;Spot;Simple Earn Flexible Interest;BTC;0,00 ;Binance Earn
71732789;18/05/2023 02:09;Spot;Simple Earn Flexible Interest;BNB;6.8E-7;Binance Earn
71732789;18/05/2023 02:12;Spot;Simple Earn Flexible Interest;ADA;0.00127295;Binance Earn
71732789;18/05/2023 02:16;Spot;Simple Earn Flexible Interest;ETH;1.0E-7;Binance Earn
71732789;18/05/2023 02:36;Spot;Simple Earn Locked Rewards;FET;0.00752977;Binance Earn
71732789;19/05/2023 00:54;Spot;Simple Earn Locked Rewards;MATIC;0.01444758;Binance Earn
71732789;19/05/2023 02:06;Spot;Simple Earn Flexible Interest;BTC;0,00 ;Binance Earn
71732789;19/05/2023 02:09;Spot;Simple Earn Flexible Interest;BNB;6.8E-7;Binance Earn
71732789;19/05/2023 02:11;Spot;Simple Earn Flexible Interest;ADA;0.00127297;Binance Earn
71732789;19/05/2023 02:15;Spot;Simple Earn Flexible Interest;ETH;1.0E-7;Binance Earn
71732789;19/05/2023 02:33;Spot;Simple Earn Locked Rewards;FET;0.00752977;Binance Earn
71732789;20/05/2023 00:53;Spot;Simple Earn Locked Rewards;MATIC;0.01444758;Binance Earn
71732789;20/05/2023 02:07;Spot;Simple Earn Flexible Interest;BTC;0,00 ;Binance Earn
71732789;20/05/2023 02:10;Spot;Simple Earn Flexible Interest;BNB;6.8E-7;Binance Earn
71732789;20/05/2023 02:12;Spot;Simple Earn Flexible Interest;ADA;0.00127300;Binance Earn
71732789;20/05/2023 02:16;Spot;Simple Earn Flexible Interest;ETH;1.0E-7;Binance Earn
71732789;20/05/2023 02:37;Spot;Simple Earn Locked Rewards;FET;0.00752977;Binance Earn
71732789;21/05/2023 00:53;Spot;Simple Earn Locked Rewards;MATIC;0.01444758;Binance Earn
71732789;21/05/2023 02:07;Spot;Simple Earn Flexible Interest;BTC;0,00 ;Binance Earn
71732789;21/05/2023 02:10;Spot;Simple Earn Flexible Interest;BNB;6.8E-7;Binance Earn
71732789;21/05/2023 02:12;Spot;Simple Earn Flexible Interest;ADA;0.00127302;Binance Earn
71732789;21/05/2023 02:16;Spot;Simple Earn Flexible Interest;ETH;1.0E-7;Binance Earn
71732789;21/05/2023 02:39;Spot;Simple Earn Locked Rewards;FET;0.00752977;Binance Earn
71732789;22/05/2023 00:53;Spot;Simple Earn Locked Rewards;MATIC;0.01444758;Binance Earn
71732789;22/05/2023 02:07;Spot;Simple Earn Flexible Interest;BTC;0,00 ;Binance Earn
71732789;22/05/2023 02:09;Spot;Simple Earn Flexible Interest;BNB;6.8E-7;Binance Earn
71732789;22/05/2023 02:12;Spot;Simple Earn Flexible Interest;ADA;0.00127304;Binance Earn
71732789;22/05/2023 02:15;Spot;Simple Earn Flexible Interest;ETH;1.0E-7;Binance Earn
71732789;22/05/2023 02:37;Spot;Simple Earn Locked Rewards;FET;0.00752977;Binance Earn
71732789;23/05/2023 00:52;Spot;Simple Earn Locked Rewards;MATIC;0.01444758;Binance Earn
71732789;23/05/2023 02:07;Spot;Simple Earn Flexible Interest;BTC;0,00 ;Binance Earn
71732789;23/05/2023 02:10;Spot;Simple Earn Flexible Interest;BNB;6.8E-7;Binance Earn
71732789;23/05/2023 02:12;Spot;Simple Earn Flexible Interest;ADA;0.00127306;Binance Earn
71732789;23/05/2023 02:17;Spot;Simple Earn Flexible Interest;ETH;1.0E-7;Binance Earn
71732789;23/05/2023 02:36;Spot;Simple Earn Locked Rewards;FET;0.00752977;Binance Earn
71732789;23/05/2023 05:56;Spot;Simple Earn Locked Subscription;IOST;-835.28772750;Binance Earn
71732789;23/05/2023 05:57;Spot;Simple Earn Locked Subscription;FIO;-0.57638000;Binance Earn
71732789;24/05/2023 00:52;Spot;Simple Earn Locked Rewards;MATIC;0.01444758;Binance Earn
71732789;24/05/2023 02:07;Spot;Simple Earn Flexible Interest;BTC;0,00 ;Binance Earn
71732789;24/05/2023 02:09;Spot;Simple Earn Flexible Interest;BNB;6.8E-7;Binance Earn
71732789;24/05/2023 02:12;Spot;Simple Earn Flexible Interest;ADA;0.00127308;Binance Earn
71732789;24/05/2023 02:16;Spot;Simple Earn Flexible Interest;ETH;1.0E-7;Binance Earn
71732789;24/05/2023 02:38;Spot;Simple Earn Locked Rewards;FET;0.00752977;Binance Earn
71732789;25/05/2023 00:51;Spot;Simple Earn Locked Rewards;MATIC;0.01444758;Binance Earn
71732789;25/05/2023 02:07;Spot;Simple Earn Flexible Interest;BTC;0,00 ;Binance Earn
71732789;25/05/2023 02:09;Spot;Simple Earn Flexible Interest;BNB;6.8E-7;Binance Earn
71732789;25/05/2023 02:12;Spot;Simple Earn Flexible Interest;ADA;0.00127310;Binance Earn
71732789;25/05/2023 02:16;Spot;Simple Earn Flexible Interest;ETH;1.0E-7;Binance Earn
71732789;25/05/2023 02:30;Spot;Simple Earn Locked Rewards;FIO;0.00020370;Binance Earn
71732789;25/05/2023 02:40;Spot;Simple Earn Locked Rewards;FET;0.00752977;Binance Earn
71732789;25/05/2023 02:55;Spot;Simple Earn Locked Rewards;IOST;0.12563562;Binance Earn
71732789;26/05/2023 00:51;Spot;Simple Earn Locked Rewards;MATIC;0.01444758;Binance Earn
71732789;26/05/2023 02:07;Spot;Simple Earn Flexible Interest;BTC;0,00 ;Binance Earn
71732789;26/05/2023 02:10;Spot;Simple Earn Flexible Interest;BNB;6.8E-7;Binance Earn
71732789;26/05/2023 02:12;Spot;Simple Earn Flexible Interest;ADA;0.00127313;Binance Earn
71732789;26/05/2023 02:16;Spot;Simple Earn Flexible Interest;ETH;1.0E-7;Binance Earn
71732789;26/05/2023 02:29;Spot;Simple Earn Locked Rewards;FIO;0.00020370;Binance Earn
71732789;26/05/2023 02:38;Spot;Simple Earn Locked Rewards;FET;0.00752977;Binance Earn
71732789;26/05/2023 02:51;Spot;Simple Earn Locked Rewards;IOST;0.12563562;Binance Earn
71732789;27/05/2023 00:51;Spot;Simple Earn Locked Rewards;MATIC;0.01444758;Binance Earn
71732789;27/05/2023 02:07;Spot;Simple Earn Flexible Interest;BTC;0,00 ;Binance Earn
71732789;27/05/2023 02:10;Spot;Simple Earn Flexible Interest;BNB;6.8E-7;Binance Earn
71732789;27/05/2023 02:12;Spot;Simple Earn Flexible Interest;ADA;0.00127315;Binance Earn
71732789;27/05/2023 02:17;Spot;Simple Earn Flexible Interest;ETH;1.0E-7;Binance Earn
71732789;27/05/2023 02:23;Spot;Simple Earn Locked Rewards;FIO;0.00020370;Binance Earn
71732789;27/05/2023 02:35;Spot;Simple Earn Locked Rewards;FET;0.00752977;Binance Earn
71732789;27/05/2023 02:48;Spot;Simple Earn Locked Rewards;IOST;0.12563562;Binance Earn
71732789;28/05/2023 00:51;Spot;Simple Earn Locked Rewards;MATIC;0.01444758;Binance Earn
71732789;28/05/2023 02:08;Spot;Simple Earn Flexible Interest;BTC;0,00 ;Binance Earn
71732789;28/05/2023 02:10;Spot;Simple Earn Flexible Interest;BNB;6.8E-7;Binance Earn
71732789;28/05/2023 02:13;Spot;Simple Earn Flexible Interest;ADA;0.00127317;Binance Earn
71732789;28/05/2023 02:17;Spot;Simple Earn Flexible Interest;ETH;1.0E-7;Binance Earn
71732789;28/05/2023 02:45;Spot;Simple Earn Locked Rewards;FIO;0.00020370;Binance Earn
71732789;28/05/2023 02:55;Spot;Simple Earn Locked Rewards;IOST;0.12563562;Binance Earn
71732789;29/05/2023 00:53;Spot;Simple Earn Locked Rewards;MATIC;0.01444758;Binance Earn
71732789;29/05/2023 02:07;Spot;Simple Earn Flexible Interest;BTC;0,00 ;Binance Earn
71732789;29/05/2023 02:10;Spot;Simple Earn Flexible Interest;BNB;6.8E-7;Binance Earn
71732789;29/05/2023 02:13;Spot;Simple Earn Flexible Interest;ADA;0.00127319;Binance Earn
71732789;29/05/2023 02:16;Spot;Simple Earn Flexible Interest;ETH;1.0E-7;Binance Earn
71732789;29/05/2023 02:40;Spot;Simple Earn Locked Rewards;FIO;0.00020370;Binance Earn
71732789;29/05/2023 02:51;Spot;Simple Earn Locked Rewards;IOST;0.12563562;Binance Earn
71732789;30/05/2023 00:53;Spot;Simple Earn Locked Rewards;MATIC;0.01444758;Binance Earn
71732789;30/05/2023 02:07;Spot;Simple Earn Flexible Interest;BTC;0,00 ;Binance Earn
71732789;30/05/2023 02:10;Spot;Simple Earn Flexible Interest;BNB;6.8E-7;Binance Earn
71732789;30/05/2023 02:13;Spot;Simple Earn Flexible Interest;ADA;0.00127321;Binance Earn
71732789;30/05/2023 02:17;Spot;Simple Earn Flexible Interest;ETH;1.0E-7;Binance Earn
71732789;30/05/2023 02:29;Spot;Simple Earn Locked Rewards;FIO;0.00020370;Binance Earn
71732789;30/05/2023 02:56;Spot;Simple Earn Locked Rewards;IOST;0.12563562;Binance Earn
71732789;31/05/2023 00:53;Spot;Simple Earn Locked Rewards;MATIC;0.01341641;Binance Earn
71732789;31/05/2023 02:07;Spot;Simple Earn Flexible Interest;BTC;0,00 ;Binance Earn
71732789;31/05/2023 02:09;Spot;Simple Earn Flexible Interest;BNB;6.8E-7;Binance Earn
71732789;31/05/2023 02:12;Spot;Simple Earn Flexible Interest;ADA;0.00127323;Binance Earn
71732789;31/05/2023 02:16;Spot;Simple Earn Flexible Interest;ETH;1.0E-7;Binance Earn
71732789;31/05/2023 02:18;Spot;Simple Earn Locked Rewards;FIO;0.00020370;Binance Earn
71732789;31/05/2023 02:40;Spot;Simple Earn Locked Rewards;IOST;0.12563562;Binance Earn
71732789;01/06/2023 00:52;Spot;Simple Earn Locked Rewards;MATIC;0.01341641;Binance Earn
71732789;01/06/2023 02:06;Spot;Simple Earn Flexible Interest;BTC;0,00 ;Binance Earn
71732789;01/06/2023 02:08;Spot;Simple Earn Flexible Interest;BNB;6.8E-7;Binance Earn
71732789;01/06/2023 02:10;Spot;Simple Earn Flexible Interest;ADA;0.00127326;Binance Earn
71732789;01/06/2023 02:14;Spot;Simple Earn Flexible Interest;ETH;1.0E-7;Binance Earn
71732789;01/06/2023 02:15;Spot;Simple Earn Locked Rewards;FIO;0.00020370;Binance Earn
71732789;01/06/2023 02:36;Spot;Simple Earn Locked Rewards;IOST;0.12563562;Binance Earn
71732789;02/06/2023 00:52;Spot;Simple Earn Locked Rewards;MATIC;0.01341641;Binance Earn
71732789;02/06/2023 02:06;Spot;Simple Earn Flexible Interest;BTC;0,00 ;Binance Earn
71732789;02/06/2023 02:08;Spot;Simple Earn Flexible Interest;BNB;6.8E-7;Binance Earn
71732789;02/06/2023 02:09;Spot;Simple Earn Locked Rewards;FIO;0.00020370;Binance Earn
71732789;02/06/2023 02:10;Spot;Simple Earn Flexible Interest;ADA;0.00127328;Binance Earn
71732789;02/06/2023 02:14;Spot;Simple Earn Flexible Interest;ETH;1.0E-7;Binance Earn
71732789;02/06/2023 02:28;Spot;Simple Earn Locked Rewards;IOST;0.12563562;Binance Earn
71732789;03/06/2023 00:52;Spot;Simple Earn Locked Rewards;MATIC;0.01341641;Binance Earn
71732789;03/06/2023 02:06;Spot;Simple Earn Flexible Interest;BTC;0,00 ;Binance Earn
71732789;03/06/2023 02:08;Spot;Simple Earn Flexible Interest;BNB;6.8E-7;Binance Earn
71732789;03/06/2023 02:10;Spot;Simple Earn Flexible Interest;ADA;0.00127330;Binance Earn
71732789;03/06/2023 02:14;Spot;Simple Earn Flexible Interest;ETH;1.0E-7;Binance Earn
71732789;03/06/2023 02:27;Spot;Simple Earn Locked Rewards;FIO;0.00020370;Binance Earn
71732789;03/06/2023 02:52;Spot;Simple Earn Locked Rewards;IOST;0.12563562;Binance Earn
71732789;04/06/2023 00:51;Spot;Simple Earn Locked Rewards;MATIC;0.01341641;Binance Earn
71732789;04/06/2023 02:07;Spot;Simple Earn Flexible Interest;BTC;0,00 ;Binance Earn
71732789;04/06/2023 02:09;Spot;Simple Earn Flexible Interest;BNB;6.8E-7;Binance Earn
71732789;04/06/2023 02:11;Spot;Simple Earn Flexible Interest;ADA;0.00127332;Binance Earn
71732789;04/06/2023 02:15;Spot;Simple Earn Locked Rewards;FIO;0.00020370;Binance Earn
71732789;04/06/2023 02:16;Spot;Simple Earn Flexible Interest;ETH;1.0E-7;Binance Earn
71732789;04/06/2023 02:50;Spot;Simple Earn Locked Rewards;IOST;0.12563562;Binance Earn
71732789;05/06/2023 00:51;Spot;Simple Earn Locked Rewards;MATIC;0.01341641;Binance Earn
71732789;05/06/2023 02:07;Spot;Simple Earn Flexible Interest;BTC;0,00 ;Binance Earn
71732789;05/06/2023 02:09;Spot;Simple Earn Flexible Interest;BNB;6.8E-7;Binance Earn
71732789;05/06/2023 02:11;Spot;Simple Earn Flexible Interest;ADA;0.00127334;Binance Earn
71732789;05/06/2023 02:15;Spot;Simple Earn Flexible Interest;ETH;1.0E-7;Binance Earn
71732789;05/06/2023 02:16;Spot;Simple Earn Locked Rewards;FIO;0.00020370;Binance Earn
71732789;05/06/2023 02:47;Spot;Simple Earn Locked Rewards;IOST;0.12563562;Binance Earn
71732789;06/06/2023 00:51;Spot;Simple Earn Locked Rewards;MATIC;0.01341641;Binance Earn
71732789;06/06/2023 02:06;Spot;Simple Earn Flexible Interest;BTC;0,00 ;Binance Earn
71732789;06/06/2023 02:08;Spot;Simple Earn Flexible Interest;BNB;6.8E-7;Binance Earn
71732789;06/06/2023 02:10;Spot;Simple Earn Flexible Interest;ADA;0.00127337;Binance Earn
71732789;06/06/2023 02:14;Spot;Simple Earn Flexible Interest;ETH;1.0E-7;Binance Earn
71732789;06/06/2023 02:16;Spot;Simple Earn Locked Rewards;FIO;0.00020370;Binance Earn
71732789;06/06/2023 02:37;Spot;Simple Earn Locked Rewards;IOST;0.12563562;Binance Earn
71732789;07/06/2023 00:50;Spot;Simple Earn Locked Rewards;MATIC;0.01341641;Binance Earn
71732789;07/06/2023 02:07;Spot;Simple Earn Flexible Interest;BTC;0,00 ;Binance Earn
71732789;07/06/2023 02:09;Spot;Simple Earn Flexible Interest;BNB;6.8E-7;Binance Earn
71732789;07/06/2023 02:11;Spot;Simple Earn Flexible Interest;ADA;0.00127339;Binance Earn
71732789;07/06/2023 02:12;Spot;Simple Earn Locked Rewards;FIO;0.00020370;Binance Earn
71732789;07/06/2023 02:15;Spot;Simple Earn Flexible Interest;ETH;1.0E-7;Binance Earn
71732789;07/06/2023 02:31;Spot;Simple Earn Locked Rewards;IOST;0.12563562;Binance Earn
71732789;08/06/2023 00:53;Spot;Simple Earn Locked Rewards;MATIC;0.01341641;Binance Earn
71732789;08/06/2023 02:12;Spot;Simple Earn Locked Rewards;FIO;0.00020370;Binance Earn
71732789;08/06/2023 02:26;Spot;Simple Earn Flexible Interest;BTC;0,00 ;Binance Earn
71732789;08/06/2023 02:29;Spot;Simple Earn Flexible Interest;BNB;6.8E-7;Binance Earn
71732789;08/06/2023 02:31;Spot;Simple Earn Flexible Interest;ADA;0.00127341;Binance Earn
71732789;08/06/2023 02:35;Spot;Simple Earn Flexible Interest;ETH;1.0E-7;Binance Earn
71732789;08/06/2023 02:41;Spot;Simple Earn Locked Rewards;IOST;0.12563562;Binance Earn
71732789;09/06/2023 00:53;Spot;Simple Earn Locked Rewards;MATIC;0.01264234;Binance Earn
71732789;09/06/2023 02:08;Spot;Simple Earn Flexible Interest;BTC;0,00 ;Binance Earn
71732789;09/06/2023 02:11;Spot;Simple Earn Flexible Interest;BNB;6.8E-7;Binance Earn
71732789;09/06/2023 02:13;Spot;Simple Earn Flexible Interest;ADA;0.00127344;Binance Earn
71732789;09/06/2023 02:18;Spot;Simple Earn Flexible Interest;ETH;1.0E-7;Binance Earn
71732789;09/06/2023 02:21;Spot;Simple Earn Locked Rewards;FIO;0.00020370;Binance Earn
71732789;09/06/2023 02:38;Spot;Simple Earn Locked Rewards;IOST;0.12563562;Binance Earn
71732789;10/06/2023 00:52;Spot;Simple Earn Locked Rewards;MATIC;0.01264234;Binance Earn
71732789;10/06/2023 02:08;Spot;Simple Earn Flexible Interest;BTC;0,00 ;Binance Earn
71732789;10/06/2023 02:11;Spot;Simple Earn Flexible Interest;BNB;6.8E-7;Binance Earn
71732789;10/06/2023 02:13;Spot;Simple Earn Flexible Interest;ADA;0.00127346;Binance Earn
71732789;10/06/2023 02:17;Spot;Simple Earn Locked Rewards;FIO;0.00020370;Binance Earn
71732789;10/06/2023 02:18;Spot;Simple Earn Flexible Interest;ETH;1.0E-7;Binance Earn
71732789;10/06/2023 02:40;Spot;Simple Earn Locked Rewards;IOST;0.12563562;Binance Earn
71732789;11/06/2023 00:52;Spot;Simple Earn Locked Rewards;MATIC;0.01264234;Binance Earn
71732789;11/06/2023 02:12;Spot;Simple Earn Locked Rewards;FIO;0.00020370;Binance Earn
71732789;11/06/2023 02:27;Spot;Simple Earn Flexible Interest;BTC;0,00 ;Binance Earn
71732789;11/06/2023 02:30;Spot;Simple Earn Flexible Interest;BNB;6.8E-7;Binance Earn
71732789;11/06/2023 02:31;Spot;Simple Earn Locked Rewards;IOST;0.12563562;Binance Earn
71732789;11/06/2023 02:32;Spot;Simple Earn Flexible Interest;ADA;0.00127348;Binance Earn
71732789;11/06/2023 02:37;Spot;Simple Earn Flexible Interest;ETH;1.0E-7;Binance Earn
71732789;12/06/2023 00:52;Spot;Simple Earn Locked Rewards;MATIC;0.01264234;Binance Earn
71732789;12/06/2023 02:10;Spot;Simple Earn Locked Rewards;FIO;0.00020370;Binance Earn
71732789;12/06/2023 02:28;Spot;Simple Earn Flexible Interest;BTC;0,00 ;Binance Earn
71732789;12/06/2023 02:30;Spot;Simple Earn Locked Rewards;IOST;0.12563562;Binance Earn
71732789;12/06/2023 02:30;Spot;Simple Earn Flexible Interest;BNB;6.8E-7;Binance Earn
71732789;12/06/2023 02:33;Spot;Simple Earn Flexible Interest;ADA;0.00127352;Binance Earn
71732789;12/06/2023 02:38;Spot;Simple Earn Flexible Interest;ETH;1.0E-7;Binance Earn
71732789;13/06/2023 00:51;Spot;Simple Earn Locked Rewards;MATIC;0.01264234;Binance Earn
71732789;13/06/2023 02:09;Spot;Simple Earn Locked Rewards;FIO;0.00020370;Binance Earn
71732789;13/06/2023 02:27;Spot;Simple Earn Locked Rewards;IOST;0.12563562;Binance Earn
71732789;13/06/2023 04:07;Spot;Simple Earn Flexible Interest;BTC;0,00 ;Binance Earn
71732789;13/06/2023 04:09;Spot;Simple Earn Flexible Interest;BNB;6.8E-7;Binance Earn
71732789;13/06/2023 04:12;Spot;Simple Earn Flexible Interest;ADA;0.00127359;Binance Earn
71732789;13/06/2023 04:16;Spot;Simple Earn Flexible Interest;ETH;1.0E-7;Binance Earn
71732789;14/06/2023 00:51;Spot;Simple Earn Locked Rewards;MATIC;0.01264234;Binance Earn
71732789;14/06/2023 02:10;Spot;Simple Earn Locked Rewards;FIO;0.00020370;Binance Earn
71732789;14/06/2023 02:27;Spot;Simple Earn Flexible Interest;BTC;0,00 ;Binance Earn
71732789;14/06/2023 02:30;Spot;Simple Earn Flexible Interest;BNB;6.8E-7;Binance Earn
71732789;14/06/2023 02:33;Spot;Simple Earn Flexible Interest;ADA;0.00127363;Binance Earn
71732789;14/06/2023 02:33;Spot;Simple Earn Locked Rewards;IOST;0.12563562;Binance Earn
71732789;14/06/2023 02:38;Spot;Simple Earn Flexible Interest;ETH;1.0E-7;Binance Earn
71732789;15/06/2023 00:51;Spot;Simple Earn Locked Rewards;MATIC;0.01264234;Binance Earn
71732789;15/06/2023 02:08;Spot;Simple Earn Locked Rewards;FIO;0.00020370;Binance Earn
71732789;15/06/2023 02:23;Spot;Simple Earn Locked Rewards;IOST;0.12563562;Binance Earn
71732789;15/06/2023 03:06;Spot;Simple Earn Flexible Interest;BTC;0,00 ;Binance Earn
71732789;15/06/2023 03:09;Spot;Simple Earn Flexible Interest;BNB;6.8E-7;Binance Earn
71732789;15/06/2023 03:11;Spot;Simple Earn Flexible Interest;ADA;0.00127367;Binance Earn
71732789;15/06/2023 03:15;Spot;Simple Earn Flexible Interest;ETH;1.0E-7;Binance Earn
71732789;15/06/2023 04:34;Spot;BNB Vault Rewards;MAV;0.00771908;
71732789;16/06/2023 00:50;Spot;Simple Earn Locked Rewards;MATIC;0.01264234;Binance Earn
71732789;16/06/2023 02:08;Spot;Simple Earn Locked Rewards;FIO;0.00020370;Binance Earn
71732789;16/06/2023 02:28;Spot;Simple Earn Flexible Interest;BTC;0,00 ;Binance Earn
71732789;16/06/2023 02:30;Spot;Simple Earn Flexible Interest;BNB;6.8E-7;Binance Earn
71732789;16/06/2023 02:33;Spot;Simple Earn Flexible Interest;ADA;0.00127370;Binance Earn
71732789;16/06/2023 02:36;Spot;Simple Earn Locked Rewards;IOST;0.12563562;Binance Earn
71732789;16/06/2023 02:38;Spot;Simple Earn Flexible Interest;ETH;1.0E-7;Binance Earn
71732789;16/06/2023 04:14;Spot;BNB Vault Rewards;MAV;0.00701660;
71732789;17/06/2023 00:53;Spot;Simple Earn Locked Rewards;MATIC;0.01264234;Binance Earn
71732789;17/06/2023 02:07;Spot;Simple Earn Flexible Interest;BTC;0,00 ;Binance Earn
71732789;17/06/2023 02:10;Spot;Simple Earn Flexible Interest;BNB;6.8E-7;Binance Earn
71732789;17/06/2023 02:13;Spot;Simple Earn Locked Rewards;FIO;0.00020370;Binance Earn
71732789;17/06/2023 02:13;Spot;Simple Earn Flexible Interest;ADA;0.00127373;Binance Earn
71732789;17/06/2023 02:17;Spot;Simple Earn Flexible Interest;ETH;1.0E-7;Binance Earn
71732789;17/06/2023 02:33;Spot;Simple Earn Locked Rewards;IOST;0.12563562;Binance Earn
71732789;17/06/2023 04:31;Spot;BNB Vault Rewards;MAV;0.00686938;
71732789;18/06/2023 00:53;Spot;Simple Earn Locked Rewards;MATIC;0.01264234;Binance Earn
71732789;18/06/2023 02:08;Spot;Simple Earn Flexible Interest;BTC;0,00 ;Binance Earn
71732789;18/06/2023 02:10;Spot;Simple Earn Flexible Interest;BNB;6.8E-7;Binance Earn
71732789;18/06/2023 02:13;Spot;Simple Earn Flexible Interest;ADA;0.00127375;Binance Earn
71732789;18/06/2023 02:16;Spot;Simple Earn Locked Rewards;FIO;0.00020370;Binance Earn
71732789;18/06/2023 02:17;Spot;Simple Earn Flexible Interest;ETH;1.0E-7;Binance Earn
71732789;18/06/2023 02:35;Spot;Simple Earn Locked Rewards;IOST;0.12563562;Binance Earn
71732789;18/06/2023 04:31;Spot;BNB Vault Rewards;MAV;0.00679371;
71732789;19/06/2023 00:53;Spot;Simple Earn Locked Rewards;MATIC;0.01264234;Binance Earn
71732789;19/06/2023 02:09;Spot;Simple Earn Locked Rewards;FIO;0.00020370;Binance Earn
71732789;19/06/2023 02:30;Spot;Simple Earn Locked Rewards;IOST;0.12563562;Binance Earn
71732789;19/06/2023 03:07;Spot;Simple Earn Flexible Interest;BTC;0,00 ;Binance Earn
71732789;19/06/2023 03:10;Spot;Simple Earn Flexible Interest;BNB;6.8E-7;Binance Earn
71732789;19/06/2023 03:12;Spot;Simple Earn Flexible Interest;ADA;0.00127378;Binance Earn
71732789;19/06/2023 03:17;Spot;Simple Earn Flexible Interest;ETH;1.0E-7;Binance Earn
71732789;19/06/2023 04:21;Spot;BNB Vault Rewards;MAV;0.00675679;
71732789;20/06/2023 00:52;Spot;Simple Earn Locked Rewards;MATIC;0.01264234;Binance Earn
71732789;20/06/2023 02:08;Spot;Simple Earn Flexible Interest;BTC;0,00 ;Binance Earn
71732789;20/06/2023 02:10;Spot;Simple Earn Flexible Interest;BNB;6.8E-7;Binance Earn
71732789;20/06/2023 02:13;Spot;Simple Earn Flexible Interest;ADA;0.00127380;Binance Earn
71732789;20/06/2023 02:16;Spot;Simple Earn Locked Rewards;FIO;0.00020370;Binance Earn
71732789;20/06/2023 02:17;Spot;Simple Earn Flexible Interest;ETH;1.0E-7;Binance Earn
71732789;20/06/2023 02:38;Spot;Simple Earn Locked Rewards;IOST;0.12563562;Binance Earn
71732789;20/06/2023 03:51;Spot;BNB Vault Rewards;MAV;0.00669368;
71732789;21/06/2023 00:52;Spot;Simple Earn Locked Rewards;MATIC;0.01264234;Binance Earn
71732789;21/06/2023 02:11;Spot;Simple Earn Locked Rewards;FIO;0.00020370;Binance Earn
71732789;21/06/2023 02:27;Spot;Simple Earn Locked Rewards;IOST;0.12563562;Binance Earn
71732789;21/06/2023 02:46;Spot;Simple Earn Flexible Interest;BTC;0,00 ;Binance Earn
71732789;21/06/2023 02:49;Spot;Simple Earn Flexible Interest;BNB;6.8E-7;Binance Earn
71732789;21/06/2023 02:51;Spot;Simple Earn Flexible Interest;ADA;0.00127382;Binance Earn
71732789;21/06/2023 02:55;Spot;Simple Earn Flexible Interest;ETH;1.0E-7;Binance Earn
71732789;21/06/2023 04:09;Spot;BNB Vault Rewards;MAV;0.00662697;
71732789;22/06/2023 00:52;Spot;Simple Earn Locked Rewards;MATIC;0.01264234;Binance Earn
71732789;22/06/2023 02:07;Spot;Simple Earn Flexible Interest;BTC;0,00 ;Binance Earn
71732789;22/06/2023 02:10;Spot;Simple Earn Flexible Interest;BNB;6.8E-7;Binance Earn
71732789;22/06/2023 02:12;Spot;Simple Earn Flexible Interest;ADA;0.00127384;Binance Earn
71732789;22/06/2023 02:16;Spot;Simple Earn Locked Rewards;FIO;0.00020370;Binance Earn
71732789;22/06/2023 02:17;Spot;Simple Earn Flexible Interest;ETH;1.0E-7;Binance Earn
71732789;22/06/2023 02:35;Spot;Simple Earn Locked Rewards;IOST;0.12563562;Binance Earn
71732789;22/06/2023 04:09;Spot;BNB Vault Rewards;MAV;0.00655868;
71732789;23/06/2023 00:51;Spot;Simple Earn Locked Rewards;MATIC;0.01264234;Binance Earn
71732789;23/06/2023 02:13;Spot;Simple Earn Locked Rewards;FIO;0.00020370;Binance Earn
71732789;23/06/2023 02:27;Spot;Simple Earn Flexible Interest;BTC;0,00 ;Binance Earn
71732789;23/06/2023 02:30;Spot;Simple Earn Flexible Interest;BNB;6.8E-7;Binance Earn
71732789;23/06/2023 02:33;Spot;Simple Earn Flexible Interest;ADA;0.00127386;Binance Earn
71732789;23/06/2023 02:33;Spot;Simple Earn Locked Rewards;IOST;0.12563562;Binance Earn
71732789;23/06/2023 02:38;Spot;Simple Earn Flexible Interest;ETH;1.0E-7;Binance Earn
71732789;23/06/2023 03:53;Spot;BNB Vault Rewards;MAV;0.00653489;
71732789;24/06/2023 00:51;Spot;Simple Earn Locked Rewards;MATIC;0.01264234;Binance Earn
71732789;24/06/2023 02:12;Spot;Simple Earn Locked Rewards;FIO;0.00020370;Binance Earn
71732789;24/06/2023 02:27;Spot;Simple Earn Flexible Interest;BTC;0,00 ;Binance Earn
71732789;24/06/2023 02:30;Spot;Simple Earn Flexible Interest;BNB;6.8E-7;Binance Earn
71732789;24/06/2023 02:31;Spot;Simple Earn Locked Rewards;IOST;0.12563562;Binance Earn
71732789;24/06/2023 02:32;Spot;Simple Earn Flexible Interest;ADA;0.00127388;Binance Earn
71732789;24/06/2023 02:38;Spot;Simple Earn Flexible Interest;ETH;1.0E-7;Binance Earn
71732789;24/06/2023 04:09;Spot;BNB Vault Rewards;MAV;0.00650942;
71732789;25/06/2023 00:51;Spot;Simple Earn Locked Rewards;MATIC;0.01264234;Binance Earn
71732789;25/06/2023 02:13;Spot;Simple Earn Locked Rewards;FIO;0.00020370;Binance Earn
71732789;25/06/2023 02:27;Spot;Simple Earn Flexible Interest;BTC;0,00 ;Binance Earn
71732789;25/06/2023 02:27;Spot;Simple Earn Locked Rewards;IOST;0.12563562;Binance Earn
71732789;25/06/2023 02:30;Spot;Simple Earn Flexible Interest;BNB;6.8E-7;Binance Earn
71732789;25/06/2023 02:32;Spot;Simple Earn Flexible Interest;ADA;0.00127390;Binance Earn
71732789;25/06/2023 02:38;Spot;Simple Earn Flexible Interest;ETH;1.0E-7;Binance Earn
71732789;25/06/2023 04:09;Spot;BNB Vault Rewards;MAV;0.00649695;
71732789;26/06/2023 00:50;Spot;Simple Earn Locked Rewards;MATIC;0.01264234;Binance Earn
71732789;26/06/2023 02:13;Spot;Simple Earn Locked Rewards;FIO;0.00020370;Binance Earn
71732789;26/06/2023 02:26;Spot;Simple Earn Locked Rewards;IOST;0.12563562;Binance Earn
71732789;26/06/2023 03:26;Spot;Simple Earn Flexible Interest;BTC;0,00 ;Binance Earn
71732789;26/06/2023 03:28;Spot;Simple Earn Flexible Interest;BNB;6.8E-7;Binance Earn
71732789;26/06/2023 03:31;Spot;Simple Earn Flexible Interest;ADA;0.00127392;Binance Earn
71732789;26/06/2023 03:35;Spot;Simple Earn Flexible Interest;ETH;1.0E-7;Binance Earn
71732789;26/06/2023 04:50;Spot;BNB Vault Rewards;MAV;0.00648403;
71732789;27/06/2023 02:12;Spot;Simple Earn Locked Rewards;FIO;0.00020370;Binance Earn
71732789;27/06/2023 02:25;Spot;Simple Earn Locked Rewards;IOST;0.12563562;Binance Earn
71732789;27/06/2023 03:51;Spot;BNB Vault Rewards;MAV;0.00646780;
71732789;27/06/2023 06:26;Spot;Simple Earn Flexible Interest;BTC;0,00 ;Binance Earn
71732789;27/06/2023 06:28;Spot;Simple Earn Flexible Interest;BNB;6.8E-7;Binance Earn
71732789;27/06/2023 06:31;Spot;Simple Earn Flexible Interest;ADA;0.00127394;Binance Earn
71732789;27/06/2023 06:33;Spot;Simple Earn Flexible Interest;ETH;1.0E-7;Binance Earn
71732789;28/06/2023 02:08;Spot;Simple Earn Flexible Interest;BTC;0,00 ;Binance Earn
71732789;28/06/2023 02:10;Spot;Simple Earn Flexible Interest;BNB;6.8E-7;Binance Earn
71732789;28/06/2023 02:13;Spot;Simple Earn Flexible Interest;ADA;0.00127397;Binance Earn
71732789;28/06/2023 02:18;Spot;Simple Earn Flexible Interest;ETH;1.0E-7;Binance Earn
71732789;28/06/2023 02:26;Spot;Simple Earn Locked Rewards;FIO;0.00020370;Binance Earn
71732789;28/06/2023 02:38;Spot;Simple Earn Locked Rewards;IOST;0.12563562;Binance Earn
71732789;28/06/2023 03:21;Spot;BNB Vault Rewards;MAV;0.00645954;
71732789;29/06/2023 02:07;Spot;Simple Earn Flexible Interest;BTC;0,00 ;Binance Earn
71732789;29/06/2023 02:09;Spot;Simple Earn Flexible Interest;MATIC;0.00077314;Binance Earn
71732789;29/06/2023 02:10;Spot;Simple Earn Flexible Interest;BNB;6.8E-7;Binance Earn
71732789;29/06/2023 02:13;Spot;Simple Earn Flexible Interest;ADA;0.00127399;Binance Earn
71732789;29/06/2023 02:18;Spot;Simple Earn Flexible Interest;ETH;1.0E-7;Binance Earn
71732789;29/06/2023 02:19;Spot;Simple Earn Locked Rewards;FIO;0.00020370;Binance Earn
71732789;29/06/2023 02:35;Spot;Simple Earn Locked Rewards;IOST;0.12563562;Binance Earn
71732789;29/06/2023 03:14;Spot;BNB Vault Rewards;MAV;0.00657317;
71732789;30/06/2023 02:07;Spot;Simple Earn Flexible Interest;BTC;0,00 ;Binance Earn
71732789;30/06/2023 02:08;Spot;Simple Earn Flexible Interest;MATIC;0.00077314;Binance Earn
71732789;30/06/2023 02:10;Spot;Simple Earn Flexible Interest;BNB;6.8E-7;Binance Earn
71732789;30/06/2023 02:10;Spot;Simple Earn Locked Rewards;FIO;0.00020370;Binance Earn
71732789;30/06/2023 02:12;Spot;Simple Earn Flexible Interest;ADA;0.00127401;Binance Earn
71732789;30/06/2023 02:17;Spot;Simple Earn Flexible Interest;ETH;1.0E-7;Binance Earn
71732789;30/06/2023 02:31;Spot;Simple Earn Locked Rewards;IOST;0.12563562;Binance Earn
71732789;30/06/2023 03:28;Spot;BNB Vault Rewards;MAV;0.00664236;
71732789;01/07/2023 02:05;Spot;Simple Earn Locked Rewards;FIO;0.00020370;Binance Earn
71732789;01/07/2023 02:07;Spot;Simple Earn Flexible Interest;BTC;0,00 ;Binance Earn
71732789;01/07/2023 02:09;Spot;Simple Earn Flexible Interest;MATIC;0.00077314;Binance Earn
71732789;01/07/2023 02:10;Spot;Simple Earn Flexible Interest;BNB;6.8E-7;Binance Earn
71732789;01/07/2023 02:13;Spot;Simple Earn Flexible Interest;ADA;0.00127403;Binance Earn
71732789;01/07/2023 02:18;Spot;Simple Earn Flexible Interest;ETH;1.0E-7;Binance Earn
71732789;01/07/2023 02:28;Spot;Simple Earn Locked Rewards;IOST;0.12563562;Binance Earn
71732789;01/07/2023 03:48;Spot;BNB Vault Rewards;MAV;0.00665678;
71732789;02/07/2023 01:27;Spot;Simple Earn Flexible Interest;BTC;0,00 ;Binance Earn
71732789;02/07/2023 01:29;Spot;Simple Earn Flexible Interest;MATIC;0.00077314;Binance Earn
71732789;02/07/2023 01:30;Spot;Simple Earn Flexible Interest;BNB;6.8E-7;Binance Earn
71732789;02/07/2023 01:33;Spot;Simple Earn Flexible Interest;ADA;0.00127405;Binance Earn
71732789;02/07/2023 01:38;Spot;Simple Earn Flexible Interest;ETH;1.0E-7;Binance Earn
71732789;02/07/2023 02:13;Spot;Simple Earn Locked Rewards;FIO;0.00020370;Binance Earn
71732789;02/07/2023 02:29;Spot;Simple Earn Locked Rewards;IOST;0.12563562;Binance Earn
71732789;02/07/2023 03:39;Spot;BNB Vault Rewards;MAV;0.00661879;
71732789;03/07/2023 02:05;Spot;Simple Earn Locked Rewards;FIO;0.00020370;Binance Earn
71732789;03/07/2023 02:07;Spot;Simple Earn Flexible Interest;BTC;0,00 ;Binance Earn
71732789;03/07/2023 02:09;Spot;Simple Earn Flexible Interest;MATIC;0.00077315;Binance Earn
71732789;03/07/2023 02:10;Spot;Simple Earn Flexible Interest;BNB;6.8E-7;Binance Earn
71732789;03/07/2023 02:13;Spot;Simple Earn Flexible Interest;ADA;0.00127407;Binance Earn
71732789;03/07/2023 02:18;Spot;Simple Earn Flexible Interest;ETH;1.0E-7;Binance Earn
71732789;03/07/2023 02:31;Spot;Simple Earn Locked Rewards;IOST;0.12563562;Binance Earn
71732789;03/07/2023 03:39;Spot;BNB Vault Rewards;MAV;0.00656410;
71732789;04/07/2023 02:07;Spot;Simple Earn Flexible Interest;BTC;0,00 ;Binance Earn
71732789;04/07/2023 02:09;Spot;Simple Earn Flexible Interest;MATIC;0.00077315;Binance Earn
71732789;04/07/2023 02:10;Spot;Simple Earn Flexible Interest;BNB;6.8E-7;Binance Earn
71732789;04/07/2023 02:12;Spot;Simple Earn Locked Rewards;FIO;0.00020370;Binance Earn
71732789;04/07/2023 02:13;Spot;Simple Earn Flexible Interest;ADA;0.00127409;Binance Earn
71732789;04/07/2023 02:18;Spot;Simple Earn Flexible Interest;ETH;1.0E-7;Binance Earn
71732789;04/07/2023 02:44;Spot;Simple Earn Locked Rewards;IOST;0.12563562;Binance Earn
71732789;04/07/2023 03:38;Spot;BNB Vault Rewards;MAV;0.00660335;
71732789;05/07/2023 02:08;Spot;Simple Earn Locked Rewards;FIO;0.00020370;Binance Earn
71732789;05/07/2023 02:27;Spot;Simple Earn Flexible Interest;BTC;0,00 ;Binance Earn
71732789;05/07/2023 02:28;Spot;Simple Earn Flexible Interest;MATIC;0.00077315;Binance Earn
71732789;05/07/2023 02:29;Spot;Simple Earn Flexible Interest;BNB;6.8E-7;Binance Earn
71732789;05/07/2023 02:32;Spot;Simple Earn Flexible Interest;ADA;0.00127411;Binance Earn
71732789;05/07/2023 02:37;Spot;Simple Earn Flexible Interest;ETH;1.0E-7;Binance Earn
71732789;05/07/2023 02:45;Spot;Simple Earn Locked Rewards;IOST;0.12563562;Binance Earn
71732789;05/07/2023 05:48;Spot;BNB Vault Rewards;MAV;0.00470119;
71732789;05/07/2023 06:12;Spot;BNB Vault Rewards;PENDLE;0.00168518;
71732789;06/07/2023 02:07;Spot;Simple Earn Locked Rewards;FIO;0.00020370;Binance Earn
71732789;06/07/2023 02:09;Spot;Simple Earn Flexible Interest;BTC;0,00 ;Binance Earn
71732789;06/07/2023 02:11;Spot;Simple Earn Flexible Interest;MATIC;0.00077315;Binance Earn
71732789;06/07/2023 02:12;Spot;Simple Earn Flexible Interest;BNB;6.8E-7;Binance Earn
71732789;06/07/2023 02:16;Spot;Simple Earn Flexible Interest;ADA;0.00127413;Binance Earn
71732789;06/07/2023 02:21;Spot;Simple Earn Flexible Interest;ETH;1.0E-7;Binance Earn
71732789;06/07/2023 02:44;Spot;Simple Earn Locked Rewards;IOST;0.12563562;Binance Earn
71732789;06/07/2023 05:18;Spot;BNB Vault Rewards;MAV;0.00467414;
71732789;06/07/2023 05:42;Spot;BNB Vault Rewards;PENDLE;0.00167117;
71732789;07/07/2023 02:09;Spot;Simple Earn Flexible Interest;BTC;0,00 ;Binance Earn
71732789;07/07/2023 02:09;Spot;Simple Earn Locked Rewards;FIO;0.00020370;Binance Earn
71732789;07/07/2023 02:10;Spot;Simple Earn Flexible Interest;MATIC;0.00077315;Binance Earn
71732789;07/07/2023 02:12;Spot;Simple Earn Flexible Interest;BNB;6.8E-7;Binance Earn
71732789;07/07/2023 02:15;Spot;Simple Earn Flexible Interest;ADA;0.00127415;Binance Earn
71732789;07/07/2023 02:21;Spot;Simple Earn Flexible Interest;ETH;1.0E-7;Binance Earn
71732789;07/07/2023 02:45;Spot;Simple Earn Locked Rewards;IOST;0.11213737;Binance Earn
71732789;07/07/2023 05:01;Spot;BNB Vault Rewards;MAV;0.00469404;
71732789;07/07/2023 05:22;Spot;BNB Vault Rewards;PENDLE;0.00164439;
71732789;08/07/2023 02:09;Spot;Simple Earn Flexible Interest;BTC;0,00 ;Binance Earn
71732789;08/07/2023 02:11;Spot;Simple Earn Flexible Interest;MATIC;0.00077316;Binance Earn
71732789;08/07/2023 02:13;Spot;Simple Earn Flexible Interest;BNB;6.8E-7;Binance Earn
71732789;08/07/2023 02:16;Spot;Simple Earn Flexible Interest;ADA;0.00127417;Binance Earn
71732789;08/07/2023 02:22;Spot;Simple Earn Flexible Interest;ETH;1.0E-7;Binance Earn
71732789;08/07/2023 02:24;Spot;Simple Earn Locked Rewards;FIO;0.00020370;Binance Earn
71732789;08/07/2023 02:45;Spot;Simple Earn Locked Rewards;IOST;0.11213737;Binance Earn
71732789;08/07/2023 05:14;Spot;BNB Vault Rewards;MAV;0.00475736;
71732789;08/07/2023 05:33;Spot;BNB Vault Rewards;PENDLE;0.00160502;
71732789;09/07/2023 02:09;Spot;Simple Earn Flexible Interest;BTC;0,00 ;Binance Earn
71732789;09/07/2023 02:10;Spot;Simple Earn Locked Rewards;FIO;0.00020370;Binance Earn
71732789;09/07/2023 02:11;Spot;Simple Earn Flexible Interest;MATIC;0.00077316;Binance Earn
71732789;09/07/2023 02:13;Spot;Simple Earn Flexible Interest;BNB;6.8E-7;Binance Earn
71732789;09/07/2023 02:15;Spot;Simple Earn Flexible Interest;ADA;0.00127419;Binance Earn
71732789;09/07/2023 02:22;Spot;Simple Earn Flexible Interest;ETH;1.0E-7;Binance Earn
71732789;09/07/2023 02:32;Spot;Simple Earn Locked Rewards;IOST;0.11213737;Binance Earn
71732789;09/07/2023 05:11;Spot;BNB Vault Rewards;MAV;0.00470473;
71732789;09/07/2023 05:31;Spot;BNB Vault Rewards;PENDLE;0.00151532;
71732789;10/07/2023 02:09;Spot;Simple Earn Flexible Interest;BTC;0,00 ;Binance Earn
71732789;10/07/2023 02:11;Spot;Simple Earn Flexible Interest;MATIC;0.00077316;Binance Earn
71732789;10/07/2023 02:12;Spot;Simple Earn Flexible Interest;BNB;6.8E-7;Binance Earn
71732789;10/07/2023 02:16;Spot;Simple Earn Flexible Interest;ADA;0.00127421;Binance Earn
71732789;10/07/2023 02:22;Spot;Simple Earn Flexible Interest;ETH;1.0E-7;Binance Earn
71732789;10/07/2023 02:33;Spot;Simple Earn Locked Rewards;FIO;0.00020370;Binance Earn
71732789;10/07/2023 02:57;Spot;Simple Earn Locked Rewards;IOST;0.11213737;Binance Earn
71732789;10/07/2023 03:21;Spot;BNB Vault Rewards;PENDLE;0.00125866;
71732789;11/07/2023 02:10;Spot;Simple Earn Flexible Interest;BTC;0,00 ;Binance Earn
71732789;11/07/2023 02:11;Spot;Simple Earn Flexible Interest;MATIC;0.00077316;Binance Earn
71732789;11/07/2023 02:13;Spot;Simple Earn Flexible Interest;BNB;6.8E-7;Binance Earn
71732789;11/07/2023 02:16;Spot;Simple Earn Flexible Interest;ADA;0.00127423;Binance Earn
71732789;11/07/2023 02:22;Spot;Simple Earn Flexible Interest;ETH;1.0E-7;Binance Earn
71732789;11/07/2023 02:38;Spot;Simple Earn Locked Rewards;FIO;0.00020370;Binance Earn
71732789;11/07/2023 03:02;Spot;Simple Earn Locked Rewards;IOST;0.11213737;Binance Earn
71732789;11/07/2023 03:22;Spot;BNB Vault Rewards;PENDLE;0.00116849;
71732789;12/07/2023 02:10;Spot;Simple Earn Flexible Interest;BTC;0,00 ;Binance Earn
71732789;12/07/2023 02:11;Spot;Simple Earn Flexible Interest;MATIC;0.00077316;Binance Earn
71732789;12/07/2023 02:13;Spot;Simple Earn Flexible Interest;BNB;6.8E-7;Binance Earn
71732789;12/07/2023 02:16;Spot;Simple Earn Flexible Interest;ADA;0.00127425;Binance Earn
71732789;12/07/2023 02:22;Spot;Simple Earn Flexible Interest;ETH;1.0E-7;Binance Earn
71732789;12/07/2023 02:23;Spot;Simple Earn Locked Rewards;FIO;0.00020370;Binance Earn
71732789;12/07/2023 03:00;Spot;Simple Earn Locked Rewards;IOST;0.11213737;Binance Earn
71732789;12/07/2023 03:33;Spot;BNB Vault Rewards;PENDLE;0.00106584;
71732789;13/07/2023 02:08;Spot;Simple Earn Flexible Interest;BTC;0,00 ;Binance Earn
71732789;13/07/2023 02:09;Spot;Simple Earn Flexible Interest;MATIC;0.00077317;Binance Earn
71732789;13/07/2023 02:11;Spot;Simple Earn Flexible Interest;BNB;6.8E-7;Binance Earn
71732789;13/07/2023 02:13;Spot;Simple Earn Flexible Interest;ADA;0.00127427;Binance Earn
71732789;13/07/2023 02:19;Spot;Simple Earn Flexible Interest;ETH;1.0E-7;Binance Earn
71732789;13/07/2023 02:38;Spot;Simple Earn Locked Rewards;FIO;0.00020370;Binance Earn
71732789;13/07/2023 02:54;Spot;Simple Earn Locked Rewards;IOST;0.11213737;Binance Earn
71732789;13/07/2023 03:18;Spot;BNB Vault Rewards;PENDLE;0.00104588;
71732789;14/07/2023 01:29;Spot;Simple Earn Flexible Interest;BTC;0,00 ;Binance Earn
71732789;14/07/2023 01:30;Spot;Simple Earn Flexible Interest;MATIC;0.00077317;Binance Earn
71732789;14/07/2023 01:31;Spot;Simple Earn Flexible Interest;BNB;6.8E-7;Binance Earn
71732789;14/07/2023 01:34;Spot;Simple Earn Flexible Interest;ADA;0.00127429;Binance Earn
71732789;14/07/2023 01:40;Spot;Simple Earn Flexible Interest;ETH;1.0E-7;Binance Earn
71732789;14/07/2023 02:37;Spot;Simple Earn Locked Rewards;FIO;0.00020370;Binance Earn
71732789;14/07/2023 03:13;Spot;Simple Earn Locked Rewards;IOST;0.11213737;Binance Earn
71732789;14/07/2023 03:26;Spot;BNB Vault Rewards;PENDLE;0.00104044;
71732789;15/07/2023 02:07;Spot;Simple Earn Flexible Interest;BTC;0,00 ;Binance Earn
71732789;15/07/2023 02:09;Spot;Simple Earn Flexible Interest;MATIC;0.00077317;Binance Earn
71732789;15/07/2023 02:10;Spot;Simple Earn Flexible Interest;BNB;6.8E-7;Binance Earn
71732789;15/07/2023 02:13;Spot;Simple Earn Flexible Interest;ADA;0.00127431;Binance Earn
71732789;15/07/2023 02:16;Spot;Simple Earn Flexible Interest;ETH;1.0E-7;Binance Earn
71732789;15/07/2023 02:37;Spot;Simple Earn Locked Rewards;FIO;0.00020370;Binance Earn
71732789;15/07/2023 02:55;Spot;Simple Earn Locked Rewards;IOST;0.11213737;Binance Earn
71732789;15/07/2023 03:27;Spot;BNB Vault Rewards;PENDLE;0.00103395;
71732789;16/07/2023 02:08;Spot;Simple Earn Flexible Interest;BTC;0,00 ;Binance Earn
71732789;16/07/2023 02:09;Spot;Simple Earn Flexible Interest;MATIC;0.00077317;Binance Earn
71732789;16/07/2023 02:10;Spot;Simple Earn Flexible Interest;BNB;6.8E-7;Binance Earn
71732789;16/07/2023 02:13;Spot;Simple Earn Flexible Interest;ADA;0.00127433;Binance Earn
71732789;16/07/2023 02:17;Spot;Simple Earn Flexible Interest;ETH;1.0E-7;Binance Earn
71732789;16/07/2023 02:41;Spot;Simple Earn Locked Rewards;FIO;0.00020370;Binance Earn
71732789;16/07/2023 02:58;Spot;Simple Earn Locked Rewards;IOST;0.11213737;Binance Earn
71732789;16/07/2023 03:36;Spot;BNB Vault Rewards;PENDLE;0.00103017;
71732789;17/07/2023 02:07;Spot;Simple Earn Flexible Interest;BTC;0,00 ;Binance Earn
71732789;17/07/2023 02:08;Spot;Simple Earn Flexible Interest;MATIC;0.00077318;Binance Earn
71732789;17/07/2023 02:09;Spot;Simple Earn Flexible Interest;BNB;6.8E-7;Binance Earn
71732789;17/07/2023 02:12;Spot;Simple Earn Flexible Interest;ADA;0.00127435;Binance Earn
71732789;17/07/2023 02:16;Spot;Simple Earn Flexible Interest;ETH;1.0E-7;Binance Earn
71732789;17/07/2023 02:24;Spot;Simple Earn Locked Rewards;FIO;0.00020370;Binance Earn
71732789;17/07/2023 02:40;Spot;Simple Earn Locked Rewards;IOST;0.11213737;Binance Earn
71732789;17/07/2023 03:41;Spot;BNB Vault Rewards;PENDLE;0.00103221;
71732789;18/07/2023 02:07;Spot;Simple Earn Flexible Interest;BTC;0,00 ;Binance Earn
71732789;18/07/2023 02:08;Spot;Simple Earn Flexible Interest;MATIC;0.00077318;Binance Earn
71732789;18/07/2023 02:10;Spot;Simple Earn Flexible Interest;BNB;6.8E-7;Binance Earn
71732789;18/07/2023 02:12;Spot;Simple Earn Flexible Interest;ADA;0.00127437;Binance Earn
71732789;18/07/2023 02:17;Spot;Simple Earn Flexible Interest;ETH;1.0E-7;Binance Earn
71732789;18/07/2023 02:23;Spot;Simple Earn Locked Rewards;FIO;0.00020370;Binance Earn
71732789;18/07/2023 02:41;Spot;Simple Earn Locked Rewards;IOST;0.11213737;Binance Earn
71732789;18/07/2023 03:25;Spot;BNB Vault Rewards;PENDLE;0.00153560;
71732789;19/07/2023 02:15;Spot;Simple Earn Locked Rewards;FIO;0.00020370;Binance Earn
71732789;19/07/2023 02:27;Spot;Simple Earn Flexible Interest;BTC;0,00 ;Binance Earn
71732789;19/07/2023 02:28;Spot;Simple Earn Flexible Interest;MATIC;0.00077318;Binance Earn
71732789;19/07/2023 02:29;Spot;Simple Earn Flexible Interest;BNB;6.8E-7;Binance Earn
71732789;19/07/2023 02:32;Spot;Simple Earn Flexible Interest;ADA;0.00127439;Binance Earn
71732789;19/07/2023 02:36;Spot;Simple Earn Flexible Interest;ETH;1.0E-7;Binance Earn
71732789;19/07/2023 02:38;Spot;Simple Earn Locked Rewards;IOST;0.11213737;Binance Earn
71732789;19/07/2023 04:14;Spot;BNB Vault Rewards;PENDLE;0.00173281;
71732789;20/07/2023 02:07;Spot;Simple Earn Flexible Interest;BTC;0,00 ;Binance Earn
71732789;20/07/2023 02:09;Spot;Simple Earn Flexible Interest;MATIC;0.00077318;Binance Earn
71732789;20/07/2023 02:10;Spot;Simple Earn Flexible Interest;BNB;6.8E-7;Binance Earn
71732789;20/07/2023 02:12;Spot;Simple Earn Flexible Interest;ADA;0.00127441;Binance Earn
71732789;20/07/2023 02:17;Spot;Simple Earn Flexible Interest;ETH;1.0E-7;Binance Earn
71732789;20/07/2023 02:26;Spot;Simple Earn Locked Rewards;FIO;0.00020370;Binance Earn
71732789;20/07/2023 02:43;Spot;Simple Earn Locked Rewards;IOST;0.11213737;Binance Earn
71732789;20/07/2023 03:24;Spot;BNB Vault Rewards;PENDLE;0.00119428;
71732789;21/07/2023 02:07;Spot;Simple Earn Flexible Interest;BTC;0,00 ;Binance Earn
71732789;21/07/2023 02:08;Spot;Simple Earn Flexible Interest;MATIC;0.00077319;Binance Earn
71732789;21/07/2023 02:10;Spot;Simple Earn Flexible Interest;BNB;6.8E-7;Binance Earn
71732789;21/07/2023 02:12;Spot;Simple Earn Flexible Interest;ADA;0.00127443;Binance Earn
71732789;21/07/2023 02:17;Spot;Simple Earn Flexible Interest;ETH;1.0E-7;Binance Earn
71732789;21/07/2023 02:22;Spot;Simple Earn Locked Rewards;FIO;0.00020370;Binance Earn
71732789;21/07/2023 02:42;Spot;Simple Earn Locked Rewards;IOST;0.11213737;Binance Earn
71732789;21/07/2023 03:34;Spot;BNB Vault Rewards;PENDLE;0.00118115;
71732789;22/07/2023 01:27;Spot;Simple Earn Flexible Interest;BTC;0,00 ;Binance Earn
71732789;22/07/2023 01:28;Spot;Simple Earn Flexible Interest;MATIC;0.00077319;Binance Earn
71732789;22/07/2023 01:30;Spot;Simple Earn Flexible Interest;BNB;6.8E-7;Binance Earn
71732789;22/07/2023 01:32;Spot;Simple Earn Flexible Interest;ADA;0.00127445;Binance Earn
71732789;22/07/2023 01:37;Spot;Simple Earn Flexible Interest;ETH;1.0E-7;Binance Earn
71732789;22/07/2023 02:21;Spot;Simple Earn Locked Rewards;FIO;0.00020370;Binance Earn
71732789;22/07/2023 02:41;Spot;Simple Earn Locked Rewards;IOST;0.11213737;Binance Earn
71732789;22/07/2023 03:24;Spot;BNB Vault Rewards;PENDLE;0.00117710;
71732789;23/07/2023 02:07;Spot;Simple Earn Flexible Interest;BTC;0,00 ;Binance Earn
71732789;23/07/2023 02:08;Spot;Simple Earn Flexible Interest;MATIC;0.00077319;Binance Earn
71732789;23/07/2023 02:10;Spot;Simple Earn Flexible Interest;BNB;6.8E-7;Binance Earn
71732789;23/07/2023 02:12;Spot;Simple Earn Flexible Interest;ADA;0.00127447;Binance Earn
71732789;23/07/2023 02:17;Spot;Simple Earn Flexible Interest;ETH;1.0E-7;Binance Earn
71732789;23/07/2023 02:22;Spot;Simple Earn Locked Rewards;FIO;0.00020370;Binance Earn
71732789;23/07/2023 02:41;Spot;Simple Earn Locked Rewards;IOST;0.11213737;Binance Earn
71732789;23/07/2023 03:35;Spot;BNB Vault Rewards;PENDLE;0.00117406;
71732789;24/07/2023 02:07;Spot;Simple Earn Flexible Interest;BTC;0,00 ;Binance Earn
71732789;24/07/2023 02:08;Spot;Simple Earn Flexible Interest;MATIC;0.00077319;Binance Earn
71732789;24/07/2023 02:10;Spot;Simple Earn Flexible Interest;BNB;6.8E-7;Binance Earn
71732789;24/07/2023 02:12;Spot;Simple Earn Flexible Interest;ADA;0.00127449;Binance Earn
71732789;24/07/2023 02:17;Spot;Simple Earn Flexible Interest;ETH;1.0E-7;Binance Earn
71732789;24/07/2023 02:23;Spot;Simple Earn Locked Rewards;FIO;0.00020370;Binance Earn
71732789;24/07/2023 02:41;Spot;Simple Earn Locked Rewards;IOST;0.11213737;Binance Earn
71732789;24/07/2023 03:35;Spot;BNB Vault Rewards;PENDLE;0.00117347;
71732789;25/07/2023 02:20;Spot;Simple Earn Locked Rewards;FIO;0.00020370;Binance Earn
71732789;25/07/2023 02:58;Spot;Simple Earn Locked Rewards;IOST;0.11213737;Binance Earn
71732789;25/07/2023 03:07;Spot;Simple Earn Flexible Interest;BTC;0,00 ;Binance Earn
71732789;25/07/2023 03:08;Spot;Simple Earn Flexible Interest;MATIC;0.00077319;Binance Earn
71732789;25/07/2023 03:09;Spot;Simple Earn Flexible Interest;BNB;6.8E-7;Binance Earn
71732789;25/07/2023 03:11;Spot;Simple Earn Flexible Interest;ADA;0.00127451;Binance Earn
71732789;25/07/2023 03:15;Spot;Simple Earn Flexible Interest;ETH;1.0E-7;Binance Earn
71732789;25/07/2023 04:18;Spot;BNB Vault Rewards;PENDLE;0.00117456;
71732789;26/07/2023 02:19;Spot;Simple Earn Locked Rewards;FIO;0.00020370;Binance Earn
71732789;26/07/2023 02:27;Spot;Simple Earn Flexible Interest;BTC;0,00 ;Binance Earn
71732789;26/07/2023 02:29;Spot;Simple Earn Flexible Interest;MATIC;0.00077320;Binance Earn
71732789;26/07/2023 02:30;Spot;Simple Earn Flexible Interest;BNB;6.8E-7;Binance Earn
71732789;26/07/2023 02:33;Spot;Simple Earn Flexible Interest;ADA;0.00127453;Binance Earn
71732789;26/07/2023 02:37;Spot;Simple Earn Flexible Interest;ETH;1.0E-7;Binance Earn
71732789;26/07/2023 02:43;Spot;Simple Earn Locked Rewards;IOST;0.11213737;Binance Earn
71732789;26/07/2023 04:37;Spot;BNB Vault Rewards;PENDLE;0.00117599;
71732789;27/07/2023 02:07;Spot;Simple Earn Flexible Interest;BTC;0,00 ;Binance Earn
71732789;27/07/2023 02:08;Spot;Simple Earn Flexible Interest;MATIC;0.00077320;Binance Earn
71732789;27/07/2023 02:10;Spot;Simple Earn Flexible Interest;BNB;6.8E-7;Binance Earn
71732789;27/07/2023 02:12;Spot;Simple Earn Flexible Interest;ADA;0.00127455;Binance Earn
71732789;27/07/2023 02:16;Spot;Simple Earn Flexible Interest;ETH;1.0E-7;Binance Earn
71732789;27/07/2023 02:21;Spot;Simple Earn Locked Rewards;FIO;0.00020370;Binance Earn
71732789;27/07/2023 02:38;Spot;Simple Earn Locked Rewards;IOST;0.11213737;Binance Earn
71732789;27/07/2023 03:32;Spot;BNB Vault Rewards;PENDLE;0.00117414;
71732789;28/07/2023 02:19;Spot;Simple Earn Locked Rewards;FIO;0.00020370;Binance Earn
71732789;28/07/2023 02:27;Spot;Simple Earn Flexible Interest;BTC;0,00 ;Binance Earn
71732789;28/07/2023 02:29;Spot;Simple Earn Flexible Interest;MATIC;0.00077320;Binance Earn
71732789;28/07/2023 02:30;Spot;Simple Earn Flexible Interest;BNB;6.8E-7;Binance Earn
71732789;28/07/2023 02:32;Spot;Simple Earn Flexible Interest;ADA;0.00127457;Binance Earn
71732789;28/07/2023 02:37;Spot;Simple Earn Flexible Interest;ETH;1.0E-7;Binance Earn
71732789;28/07/2023 03:04;Spot;Simple Earn Locked Rewards;IOST;0.11213737;Binance Earn
71732789;28/07/2023 05:33;Spot;BNB Vault Rewards;PENDLE;0.00117434;
71732789;29/07/2023 02:07;Spot;Simple Earn Flexible Interest;BTC;0,00 ;Binance Earn
71732789;29/07/2023 02:09;Spot;Simple Earn Flexible Interest;MATIC;0.00077320;Binance Earn
71732789;29/07/2023 02:10;Spot;Simple Earn Flexible Interest;BNB;6.8E-7;Binance Earn
71732789;29/07/2023 02:13;Spot;Simple Earn Flexible Interest;ADA;0.00127459;Binance Earn
71732789;29/07/2023 02:17;Spot;Simple Earn Flexible Interest;ETH;1.0E-7;Binance Earn
71732789;29/07/2023 02:28;Spot;Simple Earn Locked Rewards;FIO;0.00020370;Binance Earn
71732789;29/07/2023 02:43;Spot;Simple Earn Locked Rewards;IOST;0.11213737;Binance Earn
71732789;29/07/2023 03:24;Spot;BNB Vault Rewards;PENDLE;0.00113350;
71732789;30/07/2023 02:07;Spot;Simple Earn Flexible Interest;BTC;0,00 ;Binance Earn
71732789;30/07/2023 02:08;Spot;Simple Earn Flexible Interest;MATIC;0.00077321;Binance Earn
71732789;30/07/2023 02:10;Spot;Simple Earn Flexible Interest;BNB;6.8E-7;Binance Earn
71732789;30/07/2023 02:12;Spot;Simple Earn Flexible Interest;ADA;0.00127461;Binance Earn
71732789;30/07/2023 02:17;Spot;Simple Earn Flexible Interest;ETH;1.0E-7;Binance Earn
71732789;30/07/2023 02:28;Spot;Simple Earn Locked Rewards;FIO;0.00020370;Binance Earn
71732789;30/07/2023 02:43;Spot;Simple Earn Locked Rewards;IOST;0.11213737;Binance Earn
71732789;31/07/2023 02:07;Spot;Simple Earn Flexible Interest;BTC;0,00 ;Binance Earn
71732789;31/07/2023 02:09;Spot;Simple Earn Flexible Interest;MATIC;0.00077321;Binance Earn
71732789;31/07/2023 02:10;Spot;Simple Earn Flexible Interest;BNB;6.8E-7;Binance Earn
71732789;31/07/2023 02:13;Spot;Simple Earn Flexible Interest;ADA;0.00127463;Binance Earn
71732789;31/07/2023 02:17;Spot;Simple Earn Flexible Interest;ETH;1.0E-7;Binance Earn
71732789;31/07/2023 02:28;Spot;Simple Earn Locked Rewards;FIO;0.00020370;Binance Earn
71732789;31/07/2023 02:43;Spot;Simple Earn Locked Rewards;IOST;0.11213737;Binance Earn
71732789;01/08/2023 01:57;Spot;Simple Earn Locked Rewards;FIO;0.00020370;Binance Earn
71732789;01/08/2023 02:05;Spot;Simple Earn Flexible Interest;BTC;0,00 ;Binance Earn
71732789;01/08/2023 02:07;Spot;Simple Earn Flexible Interest;BNB;6.8E-7;Binance Earn
71732789;01/08/2023 02:12;Spot;Simple Earn Flexible Interest;ETH;1.0E-7;Binance Earn
71732789;01/08/2023 02:56;Spot;Simple Earn Locked Rewards;IOST;0.11213737;Binance Earn
71732789;02/08/2023 02:05;Spot;Simple Earn Flexible Interest;BTC;0,00 ;Binance Earn
71732789;02/08/2023 02:07;Spot;Simple Earn Flexible Interest;BNB;6.8E-7;Binance Earn
71732789;02/08/2023 02:12;Spot;Simple Earn Flexible Interest;ETH;1.0E-7;Binance Earn
71732789;02/08/2023 03:02;Spot;Simple Earn Locked Rewards;FIO;0.00020370;Binance Earn
71732789;02/08/2023 03:23;Spot;Simple Earn Locked Rewards;IOST;0.11213737;Binance Earn
71732789;03/08/2023 02:05;Spot;Simple Earn Flexible Interest;BTC;0,00 ;Binance Earn
71732789;03/08/2023 02:07;Spot;Simple Earn Flexible Interest;BNB;3.9E-7;Binance Earn
71732789;03/08/2023 02:08;Spot;Simple Earn Locked Rewards;FIO;0.00020370;Binance Earn
71732789;03/08/2023 02:12;Spot;Simple Earn Flexible Interest;ETH;1.0E-7;Binance Earn
71732789;03/08/2023 02:23;Spot;Simple Earn Locked Rewards;IOST;0.11213737;Binance Earn
71732789;03/08/2023 06:02;Spot;BNB Vault Rewards;CYBER;0.00064886;
71732789;03/08/2023 06:18;Spot;BNB Vault Rewards;SEI;0.05111567;
71732789;04/08/2023 02:05;Spot;Simple Earn Flexible Interest;BTC;0,00 ;Binance Earn
71732789;04/08/2023 02:07;Spot;Simple Earn Flexible Interest;BNB;3.9E-7;Binance Earn
71732789;04/08/2023 02:13;Spot;Simple Earn Flexible Interest;ETH;1.0E-7;Binance Earn
71732789;04/08/2023 02:14;Spot;Simple Earn Locked Rewards;FIO;0.00020370;Binance Earn
71732789;04/08/2023 02:29;Spot;Simple Earn Locked Rewards;IOST;0.11213737;Binance Earn
71732789;04/08/2023 05:12;Spot;BNB Vault Rewards;CYBER;0.00061126;
71732789;04/08/2023 05:32;Spot;BNB Vault Rewards;SEI;0.04464666;
71732789;05/08/2023 02:06;Spot;Simple Earn Locked Rewards;FIO;0.00020370;Binance Earn
71732789;05/08/2023 02:20;Spot;Simple Earn Locked Rewards;IOST;0.11213737;Binance Earn
71732789;05/08/2023 03:24;Spot;Simple Earn Flexible Interest;BTC;0,00 ;Binance Earn
71732789;05/08/2023 03:26;Spot;Simple Earn Flexible Interest;BNB;3.9E-7;Binance Earn
71732789;05/08/2023 03:30;Spot;Simple Earn Flexible Interest;ETH;1.0E-7;Binance Earn
71732789;05/08/2023 06:51;Spot;BNB Vault Rewards;CYBER;0.00059458;
71732789;05/08/2023 07:11;Spot;BNB Vault Rewards;SEI;0.04317998;
71732789;06/08/2023 02:05;Spot;Simple Earn Flexible Interest;BTC;0,00 ;Binance Earn
71732789;06/08/2023 02:06;Spot;Simple Earn Locked Rewards;FIO;0.00020370;Binance Earn
71732789;06/08/2023 02:07;Spot;Simple Earn Flexible Interest;BNB;3.9E-7;Binance Earn
71732789;06/08/2023 02:13;Spot;Simple Earn Flexible Interest;ETH;1.0E-7;Binance Earn
71732789;06/08/2023 02:26;Spot;Simple Earn Locked Rewards;IOST;0.11213737;Binance Earn
71732789;06/08/2023 05:11;Spot;BNB Vault Rewards;CYBER;0.00058938;
71732789;06/08/2023 05:31;Spot;BNB Vault Rewards;SEI;0.04276117;
71732789;07/08/2023 02:05;Spot;Simple Earn Locked Rewards;FIO;0.00020370;Binance Earn
71732789;07/08/2023 02:05;Spot;Simple Earn Flexible Interest;BTC;0,00 ;Binance Earn
71732789;07/08/2023 02:07;Spot;Simple Earn Flexible Interest;BNB;3.9E-7;Binance Earn
71732789;07/08/2023 02:12;Spot;Simple Earn Flexible Interest;ETH;1.0E-7;Binance Earn
71732789;07/08/2023 02:22;Spot;Simple Earn Locked Rewards;IOST;0.11213737;Binance Earn
71732789;07/08/2023 05:11;Spot;BNB Vault Rewards;CYBER;0.00058990;
71732789;07/08/2023 05:31;Spot;BNB Vault Rewards;SEI;0.04230497;
71732789;08/08/2023 02:06;Spot;Simple Earn Flexible Interest;BTC;0,00 ;Binance Earn
71732789;08/08/2023 02:07;Spot;Simple Earn Flexible Interest;BNB;3.9E-7;Binance Earn
71732789;08/08/2023 02:11;Spot;Simple Earn Locked Rewards;FIO;0.00020370;Binance Earn
71732789;08/08/2023 02:13;Spot;Simple Earn Flexible Interest;ETH;1.0E-7;Binance Earn
71732789;08/08/2023 02:27;Spot;Simple Earn Locked Rewards;IOST;0.11213737;Binance Earn
71732789;08/08/2023 05:12;Spot;BNB Vault Rewards;CYBER;0.00058780;
71732789;08/08/2023 05:32;Spot;BNB Vault Rewards;SEI;0.04193468;
71732789;09/08/2023 02:05;Spot;Simple Earn Flexible Interest;BTC;0,00 ;Binance Earn
71732789;09/08/2023 02:07;Spot;Simple Earn Flexible Interest;BNB;3.9E-7;Binance Earn
71732789;09/08/2023 02:08;Spot;Simple Earn Locked Rewards;FIO;0.00020370;Binance Earn
71732789;09/08/2023 02:13;Spot;Simple Earn Flexible Interest;ETH;1.0E-7;Binance Earn
71732789;09/08/2023 02:15;Spot;Simple Earn Locked Rewards;IOST;0.11213737;Binance Earn
71732789;09/08/2023 05:02;Spot;BNB Vault Rewards;CYBER;0.00058774;
71732789;09/08/2023 05:22;Spot;BNB Vault Rewards;SEI;0.04167651;
71732789;10/08/2023 02:06;Spot;Simple Earn Flexible Interest;BTC;0,00 ;Binance Earn
71732789;10/08/2023 02:07;Spot;Simple Earn Flexible Interest;BNB;3.9E-7;Binance Earn
71732789;10/08/2023 02:10;Spot;Simple Earn Locked Rewards;FIO;0.00020370;Binance Earn
71732789;10/08/2023 02:13;Spot;Simple Earn Flexible Interest;ETH;1.0E-7;Binance Earn
71732789;10/08/2023 02:30;Spot;Simple Earn Locked Rewards;IOST;0.11213737;Binance Earn
71732789;10/08/2023 05:12;Spot;BNB Vault Rewards;CYBER;0.00058562;
71732789;10/08/2023 05:32;Spot;BNB Vault Rewards;SEI;0.04150916;
71732789;11/08/2023 02:06;Spot;Simple Earn Flexible Interest;BTC;0,00 ;Binance Earn
71732789;11/08/2023 02:07;Spot;Simple Earn Flexible Interest;BNB;3.9E-7;Binance Earn
71732789;11/08/2023 02:11;Spot;Simple Earn Locked Rewards;FIO;0.00020370;Binance Earn
71732789;11/08/2023 02:13;Spot;Simple Earn Flexible Interest;ETH;1.0E-7;Binance Earn
71732789;11/08/2023 02:17;Spot;Simple Earn Locked Rewards;IOST;0.11213737;Binance Earn
71732789;11/08/2023 05:32;Spot;BNB Vault Rewards;CYBER;0.00058554;
71732789;11/08/2023 05:52;Spot;BNB Vault Rewards;SEI;0.04117696;
71732789;12/08/2023 02:05;Spot;Simple Earn Flexible Interest;BTC;0,00 ;Binance Earn
71732789;12/08/2023 02:07;Spot;Simple Earn Flexible Interest;BNB;3.9E-7;Binance Earn
71732789;12/08/2023 02:13;Spot;Simple Earn Locked Rewards;FIO;0.00020370;Binance Earn
71732789;12/08/2023 02:13;Spot;Simple Earn Flexible Interest;ETH;1.0E-7;Binance Earn
71732789;12/08/2023 02:17;Spot;Simple Earn Locked Rewards;IOST;0.11213737;Binance Earn
71732789;12/08/2023 05:12;Spot;BNB Vault Rewards;CYBER;0.00059572;
71732789;12/08/2023 05:32;Spot;BNB Vault Rewards;SEI;0.04089022;
71732789;13/08/2023 02:05;Spot;Simple Earn Flexible Interest;BTC;0,00 ;Binance Earn
71732789;13/08/2023 02:07;Spot;Simple Earn Flexible Interest;BNB;3.9E-7;Binance Earn
71732789;13/08/2023 02:13;Spot;Simple Earn Flexible Interest;ETH;1.0E-7;Binance Earn
71732789;13/08/2023 02:16;Spot;Simple Earn Locked Rewards;FIO;0.00020370;Binance Earn
71732789;13/08/2023 02:35;Spot;Simple Earn Locked Rewards;IOST;0.11213737;Binance Earn
71732789;13/08/2023 05:23;Spot;BNB Vault Rewards;CYBER;0.00060256;
71732789;13/08/2023 05:43;Spot;BNB Vault Rewards;SEI;0.04046552;
71732789;14/08/2023 02:05;Spot;Simple Earn Flexible Interest;BTC;0,00 ;Binance Earn
71732789;14/08/2023 02:07;Spot;Simple Earn Flexible Interest;BNB;3.9E-7;Binance Earn
71732789;14/08/2023 02:12;Spot;Simple Earn Locked Rewards;FIO;0.00020370;Binance Earn
71732789;14/08/2023 02:13;Spot;Simple Earn Locked Rewards;IOST;0.11213737;Binance Earn
71732789;14/08/2023 02:13;Spot;Simple Earn Flexible Interest;ETH;1.0E-7;Binance Earn
71732789;14/08/2023 05:21;Spot;BNB Vault Rewards;CYBER;0.00060621;
71732789;14/08/2023 05:41;Spot;BNB Vault Rewards;SEI;0.04027339;
71732789;15/08/2023 02:06;Spot;Simple Earn Flexible Interest;BTC;0,00 ;Binance Earn
71732789;15/08/2023 02:07;Spot;Simple Earn Flexible Interest;BNB;3.9E-7;Binance Earn
71732789;15/08/2023 02:12;Spot;Simple Earn Locked Rewards;IOST;0.11213737;Binance Earn
71732789;15/08/2023 02:13;Spot;Simple Earn Flexible Interest;ETH;1.0E-7;Binance Earn
71732789;15/08/2023 02:14;Spot;Simple Earn Locked Rewards;FIO;0.00020370;Binance Earn
71732789;15/08/2023 05:01;Spot;BNB Vault Rewards;CYBER;0.00061070;
71732789;15/08/2023 05:21;Spot;BNB Vault Rewards;SEI;0.03992048;
71732789;16/08/2023 02:06;Spot;Simple Earn Flexible Interest;BTC;0,00 ;Binance Earn
71732789;16/08/2023 02:08;Spot;Simple Earn Flexible Interest;BNB;3.9E-7;Binance Earn
71732789;16/08/2023 02:13;Spot;Simple Earn Flexible Interest;ETH;1.0E-7;Binance Earn
71732789;16/08/2023 02:16;Spot;Simple Earn Locked Rewards;FIO;0.00020370;Binance Earn
71732789;16/08/2023 02:33;Spot;Simple Earn Locked Rewards;IOST;0.11213737;Binance Earn
71732789;16/08/2023 05:33;Spot;BNB Vault Rewards;CYBER;0.00067688;
71732789;16/08/2023 05:53;Spot;BNB Vault Rewards;SEI;0.03781344;
71732789;17/08/2023 02:16;Spot;Simple Earn Locked Rewards;FIO;0.00020370;Binance Earn
71732789;17/08/2023 02:25;Spot;Simple Earn Flexible Interest;BTC;0,00 ;Binance Earn
71732789;17/08/2023 02:27;Spot;Simple Earn Flexible Interest;BNB;3.9E-7;Binance Earn
71732789;17/08/2023 02:33;Spot;Simple Earn Flexible Interest;ETH;1.0E-7;Binance Earn
71732789;17/08/2023 02:40;Spot;Simple Earn Locked Rewards;IOST;0.11213737;Binance Earn
71732789;17/08/2023 05:33;Spot;BNB Vault Rewards;CYBER;0.00086429;
71732789;17/08/2023 05:53;Spot;BNB Vault Rewards;SEI;0.03349292;
71732789;18/08/2023 02:16;Spot;Simple Earn Locked Rewards;FIO;0.00020370;Binance Earn
71732789;18/08/2023 02:25;Spot;Simple Earn Flexible Interest;BTC;0,00 ;Binance Earn
71732789;18/08/2023 02:28;Spot;Simple Earn Flexible Interest;BNB;3.9E-7;Binance Earn
71732789;18/08/2023 02:33;Spot;Simple Earn Flexible Interest;ETH;1.0E-7;Binance Earn
71732789;18/08/2023 02:40;Spot;Simple Earn Locked Rewards;IOST;0.11213737;Binance Earn
71732789;18/08/2023 05:33;Spot;BNB Vault Rewards;CYBER;0.00091488;
71732789;18/08/2023 05:53;Spot;BNB Vault Rewards;SEI;0.03274793;
71732789;19/08/2023 02:06;Spot;Simple Earn Flexible Interest;BTC;0,00 ;Binance Earn
71732789;19/08/2023 02:08;Spot;Simple Earn Flexible Interest;BNB;3.9E-7;Binance Earn
71732789;19/08/2023 02:14;Spot;Simple Earn Flexible Interest;ETH;1.0E-7;Binance Earn
71732789;19/08/2023 02:20;Spot;Simple Earn Locked Rewards;FIO;0.00020370;Binance Earn
71732789;19/08/2023 02:35;Spot;Simple Earn Locked Rewards;IOST;0.11213737;Binance Earn
71732789;19/08/2023 05:34;Spot;BNB Vault Rewards;CYBER;0.00092155;
71732789;19/08/2023 05:53;Spot;BNB Vault Rewards;SEI;0.03303560;
71732789;20/08/2023 02:06;Spot;Simple Earn Flexible Interest;BTC;0,00 ;Binance Earn
71732789;20/08/2023 02:08;Spot;Simple Earn Flexible Interest;BNB;3.9E-7;Binance Earn
71732789;20/08/2023 02:14;Spot;Simple Earn Flexible Interest;ETH;1.0E-7;Binance Earn
71732789;20/08/2023 02:22;Spot;Simple Earn Locked Rewards;FIO;0.00020370;Binance Earn
71732789;20/08/2023 02:41;Spot;Simple Earn Locked Rewards;IOST;0.11213737;Binance Earn
71732789;20/08/2023 05:44;Spot;BNB Vault Rewards;CYBER;0.00092225;
71732789;20/08/2023 06:03;Spot;BNB Vault Rewards;SEI;0.03272923;
71732789;21/08/2023 02:06;Spot;Simple Earn Flexible Interest;BTC;0,00 ;Binance Earn
71732789;21/08/2023 02:08;Spot;Simple Earn Flexible Interest;BNB;3.9E-7;Binance Earn
71732789;21/08/2023 02:14;Spot;Simple Earn Flexible Interest;ETH;1.0E-7;Binance Earn
71732789;21/08/2023 02:18;Spot;Simple Earn Locked Rewards;FIO;0.00020370;Binance Earn
71732789;21/08/2023 02:34;Spot;Simple Earn Locked Rewards;IOST;0.11213737;Binance Earn
71732789;21/08/2023 05:54;Spot;BNB Vault Rewards;CYBER;0.00092302;
71732789;21/08/2023 06:14;Spot;BNB Vault Rewards;SEI;0.03266997;
71732789;22/08/2023 02:06;Spot;Simple Earn Flexible Interest;BTC;0,00 ;Binance Earn
71732789;22/08/2023 02:08;Spot;Simple Earn Flexible Interest;BNB;3.9E-7;Binance Earn
71732789;22/08/2023 02:14;Spot;Simple Earn Flexible Interest;ETH;1.0E-7;Binance Earn
71732789;22/08/2023 02:26;Spot;Simple Earn Locked Rewards;FIO;0.00020370;Binance Earn
71732789;22/08/2023 02:40;Spot;Simple Earn Locked Rewards;IOST;0.11213737;Binance Earn
71732789;22/08/2023 05:34;Spot;BNB Vault Rewards;CYBER;0.00091553;
71732789;22/08/2023 05:54;Spot;BNB Vault Rewards;SEI;0.03280569;
71732789;23/08/2023 01:08;Spot;Simple Earn Locked Redemption;FIO;0.57638000;Binance Earn
71732789;23/08/2023 02:06;Spot;Simple Earn Flexible Interest;BTC;0,00 ;Binance Earn
71732789;23/08/2023 02:08;Spot;Simple Earn Flexible Interest;BNB;3.9E-7;Binance Earn
71732789;23/08/2023 02:14;Spot;Simple Earn Flexible Interest;ETH;1.0E-7;Binance Earn
71732789;23/08/2023 02:35;Spot;Simple Earn Locked Rewards;IOST;0.11213737;Binance Earn
71732789;23/08/2023 05:44;Spot;BNB Vault Rewards;CYBER;0.00090274;
71732789;23/08/2023 06:04;Spot;BNB Vault Rewards;SEI;0.03316006;
71732789;24/08/2023 02:17;Spot;Simple Earn Locked Rewards;IOST;0.11213737;Binance Earn
71732789;24/08/2023 02:26;Spot;Simple Earn Flexible Interest;BTC;0,00 ;Binance Earn
71732789;24/08/2023 02:28;Spot;Simple Earn Flexible Interest;BNB;3.9E-7;Binance Earn
71732789;24/08/2023 02:34;Spot;Simple Earn Flexible Interest;ETH;1.0E-7;Binance Earn
71732789;24/08/2023 06:24;Spot;BNB Vault Rewards;CYBER;0.00092486;
71732789;24/08/2023 06:44;Spot;BNB Vault Rewards;SEI;0.03294193;
71732789;25/08/2023 02:45;Spot;Simple Earn Locked Rewards;IOST;0.11213737;Binance Earn
71732789;25/08/2023 03:25;Spot;Simple Earn Flexible Interest;BTC;0,00 ;Binance Earn
71732789;25/08/2023 03:26;Spot;Simple Earn Flexible Interest;BNB;3.9E-7;Binance Earn
71732789;25/08/2023 03:31;Spot;Simple Earn Flexible Interest;ETH;1.0E-7;Binance Earn
71732789;25/08/2023 07:33;Spot;BNB Vault Rewards;CYBER;0.00093345;
71732789;25/08/2023 07:53;Spot;BNB Vault Rewards;SEI;0.03271645;
71732789;26/08/2023 02:06;Spot;Simple Earn Flexible Interest;BTC;0,00 ;Binance Earn
71732789;26/08/2023 02:08;Spot;Simple Earn Flexible Interest;BNB;3.9E-7;Binance Earn
71732789;26/08/2023 02:13;Spot;Simple Earn Flexible Interest;ETH;1.0E-7;Binance Earn
71732789;26/08/2023 02:40;Spot;Simple Earn Locked Rewards;IOST;0.11213737;Binance Earn
71732789;26/08/2023 06:01;Spot;BNB Vault Rewards;CYBER;0.00094070;
71732789;26/08/2023 06:21;Spot;BNB Vault Rewards;SEI;0.03257850;
71732789;27/08/2023 02:26;Spot;Simple Earn Flexible Interest;BTC;0,00 ;Binance Earn
71732789;27/08/2023 02:28;Spot;Simple Earn Flexible Interest;BNB;3.9E-7;Binance Earn
71732789;27/08/2023 02:33;Spot;Simple Earn Flexible Interest;ETH;1.0E-7;Binance Earn
71732789;27/08/2023 02:40;Spot;Simple Earn Locked Rewards;IOST;0.11213737;Binance Earn
71732789;27/08/2023 05:51;Spot;BNB Vault Rewards;CYBER;0.00094127;
71732789;27/08/2023 06:11;Spot;BNB Vault Rewards;SEI;0.03240190;
71732789;28/08/2023 02:06;Spot;Simple Earn Flexible Interest;BTC;0,00 ;Binance Earn
71732789;28/08/2023 02:08;Spot;Simple Earn Flexible Interest;BNB;3.9E-7;Binance Earn
71732789;28/08/2023 02:13;Spot;Simple Earn Flexible Interest;ETH;1.0E-7;Binance Earn
71732789;28/08/2023 02:40;Spot;Simple Earn Locked Rewards;IOST;0.11213737;Binance Earn
71732789;28/08/2023 06:01;Spot;BNB Vault Rewards;CYBER;0.00093152;
71732789;28/08/2023 06:21;Spot;BNB Vault Rewards;SEI;0.03250122;
71732789;29/08/2023 02:06;Spot;Simple Earn Flexible Interest;BTC;0,00 ;Binance Earn
71732789;29/08/2023 02:08;Spot;Simple Earn Flexible Interest;BNB;3.9E-7;Binance Earn
71732789;29/08/2023 02:14;Spot;Simple Earn Flexible Interest;ETH;1.0E-7;Binance Earn
71732789;29/08/2023 02:42;Spot;Simple Earn Locked Rewards;IOST;0.11213737;Binance Earn
71732789;29/08/2023 06:14;Spot;BNB Vault Rewards;CYBER;0.00093041;
71732789;29/08/2023 06:34;Spot;BNB Vault Rewards;SEI;0.03254872;
71732789;30/08/2023 02:26;Spot;Simple Earn Flexible Interest;BTC;0,00 ;Binance Earn
71732789;30/08/2023 02:28;Spot;Simple Earn Flexible Interest;BNB;3.9E-7;Binance Earn
71732789;30/08/2023 02:34;Spot;Simple Earn Flexible Interest;ETH;1.0E-7;Binance Earn
71732789;30/08/2023 02:44;Spot;Simple Earn Locked Rewards;IOST;0.11213737;Binance Earn
71732789;30/08/2023 06:14;Spot;BNB Vault Rewards;CYBER;0.00090320;
71732789;30/08/2023 06:34;Spot;BNB Vault Rewards;SEI;0.03314784;
71732789;31/08/2023 02:27;Spot;Simple Earn Flexible Interest;BTC;0,00 ;Binance Earn
71732789;31/08/2023 02:29;Spot;Simple Earn Flexible Interest;BNB;3.9E-7;Binance Earn
71732789;31/08/2023 02:34;Spot;Simple Earn Flexible Interest;ETH;1.0E-7;Binance Earn
71732789;31/08/2023 02:41;Spot;Simple Earn Locked Rewards;IOST;0.11213737;Binance Earn
71732789;31/08/2023 05:44;Spot;BNB Vault Rewards;CYBER;0.00073645;
71732789;31/08/2023 06:03;Spot;BNB Vault Rewards;SEI;0.03589681;
71732789;01/09/2023 03:25;Spot;Simple Earn Flexible Interest;BTC;0,00 ;Binance Earn
71732789;01/09/2023 03:26;Spot;Simple Earn Flexible Interest;BNB;3.9E-7;Binance Earn
71732789;01/09/2023 03:30;Spot;Simple Earn Flexible Interest;ETH;1.0E-7;Binance Earn
71732789;01/09/2023 06:44;Spot;Simple Earn Locked Rewards;IOST;0.11213737;Binance Earn
71732789;01/09/2023 07:16;Spot;BNB Vault Rewards;CYBER;0.00110936;
71732789;01/09/2023 07:37;Spot;BNB Vault Rewards;SEI;0.05238966;
71732789;02/09/2023 02:28;Spot;Simple Earn Locked Rewards;IOST;0.11213737;Binance Earn
71732789;02/09/2023 03:25;Spot;Simple Earn Flexible Interest;BTC;0,00 ;Binance Earn
71732789;02/09/2023 03:26;Spot;Simple Earn Flexible Interest;BNB;6.9E-7;Binance Earn
71732789;02/09/2023 03:31;Spot;Simple Earn Flexible Interest;ETH;1.0E-7;Binance Earn
71732789;03/09/2023 03:09;Spot;Simple Earn Locked Rewards;IOST;0.11213737;Binance Earn
71732789;03/09/2023 03:25;Spot;Simple Earn Flexible Interest;BTC;0,00 ;Binance Earn
71732789;03/09/2023 03:26;Spot;Simple Earn Flexible Interest;BNB;6.9E-7;Binance Earn
71732789;03/09/2023 03:31;Spot;Simple Earn Flexible Interest;ETH;1.0E-7;Binance Earn
71732789;04/09/2023 02:05;Spot;Simple Earn Flexible Interest;BTC;0,00 ;Binance Earn
71732789;04/09/2023 02:06;Spot;Simple Earn Flexible Interest;BNB;6.9E-7;Binance Earn
71732789;04/09/2023 02:11;Spot;Simple Earn Flexible Interest;ETH;1.0E-7;Binance Earn
71732789;04/09/2023 02:21;Spot;Simple Earn Locked Rewards;IOST;0.11213737;Binance Earn
71732789;05/09/2023 02:05;Spot;Simple Earn Flexible Interest;BTC;0,00 ;Binance Earn
71732789;05/09/2023 02:06;Spot;Simple Earn Flexible Interest;BNB;6.9E-7;Binance Earn
71732789;05/09/2023 02:11;Spot;Simple Earn Flexible Interest;ETH;1.0E-7;Binance Earn
71732789;05/09/2023 02:51;Spot;Simple Earn Locked Rewards;IOST;0.11213737;Binance Earn
71732789;06/09/2023 02:05;Spot;Simple Earn Flexible Interest;BTC;0,00 ;Binance Earn
71732789;06/09/2023 02:06;Spot;Simple Earn Flexible Interest;BNB;3.9E-7;Binance Earn
71732789;06/09/2023 02:11;Spot;Simple Earn Flexible Interest;ETH;1.0E-7;Binance Earn
71732789;06/09/2023 03:34;Spot;Simple Earn Locked Rewards;IOST;0.11213737;Binance Earn
71732789;07/09/2023 02:05;Spot;Simple Earn Flexible Interest;BTC;0,00 ;Binance Earn
71732789;07/09/2023 02:06;Spot;Simple Earn Flexible Interest;BNB;3.9E-7;Binance Earn
71732789;07/09/2023 02:11;Spot;Simple Earn Flexible Interest;ETH;1.0E-7;Binance Earn
71732789;07/09/2023 02:27;Spot;Simple Earn Locked Rewards;IOST;0.10298262;Binance Earn
71732789;08/09/2023 02:05;Spot;Simple Earn Flexible Interest;BTC;0,00 ;Binance Earn
71732789;08/09/2023 02:06;Spot;Simple Earn Flexible Interest;BNB;3.9E-7;Binance Earn
71732789;08/09/2023 02:11;Spot;Simple Earn Flexible Interest;ETH;1.0E-7;Binance Earn
71732789;08/09/2023 02:42;Spot;Simple Earn Locked Rewards;IOST;0.10298262;Binance Earn
71732789;09/09/2023 01:52;Spot;Simple Earn Locked Rewards;IOST;0.10298262;Binance Earn
71732789;09/09/2023 02:25;Spot;Simple Earn Flexible Interest;BTC;0,00 ;Binance Earn
71732789;09/09/2023 02:26;Spot;Simple Earn Flexible Interest;BNB;3.9E-7;Binance Earn
71732789;09/09/2023 02:31;Spot;Simple Earn Flexible Interest;ETH;1.0E-7;Binance Earn
71732789;10/09/2023 01:52;Spot;Simple Earn Locked Rewards;IOST;0.10298262;Binance Earn
71732789;10/09/2023 02:25;Spot;Simple Earn Flexible Interest;BTC;0,00 ;Binance Earn
71732789;10/09/2023 02:26;Spot;Simple Earn Flexible Interest;BNB;3.9E-7;Binance Earn
71732789;10/09/2023 02:31;Spot;Simple Earn Flexible Interest;ETH;1.0E-7;Binance Earn
71732789;11/09/2023 02:02;Spot;Simple Earn Locked Rewards;IOST;0.10298262;Binance Earn
71732789;11/09/2023 02:25;Spot;Simple Earn Flexible Interest;BTC;0,00 ;Binance Earn
71732789;11/09/2023 02:26;Spot;Simple Earn Flexible Interest;BNB;3.9E-7;Binance Earn
71732789;11/09/2023 02:31;Spot;Simple Earn Flexible Interest;ETH;1.0E-7;Binance Earn
71732789;12/09/2023 01:52;Spot;Simple Earn Locked Rewards;IOST;0.10298262;Binance Earn
71732789;12/09/2023 02:05;Spot;Simple Earn Flexible Interest;BTC;0,00 ;Binance Earn
71732789;12/09/2023 02:06;Spot;Simple Earn Flexible Interest;BNB;3.9E-7;Binance Earn
71732789;12/09/2023 02:11;Spot;Simple Earn Flexible Interest;ETH;1.0E-7;Binance Earn
71732789;13/09/2023 01:53;Spot;Simple Earn Locked Rewards;IOST;0.10298262;Binance Earn
71732789;13/09/2023 02:25;Spot;Simple Earn Flexible Interest;BTC;0,00 ;Binance Earn
71732789;13/09/2023 02:26;Spot;Simple Earn Flexible Interest;BNB;3.9E-7;Binance Earn
71732789;13/09/2023 02:31;Spot;Simple Earn Flexible Interest;ETH;1.0E-7;Binance Earn
71732789;14/09/2023 01:52;Spot;Simple Earn Locked Rewards;IOST;0.10298262;Binance Earn
71732789;14/09/2023 02:05;Spot;Simple Earn Flexible Interest;BTC;0,00 ;Binance Earn
71732789;14/09/2023 02:07;Spot;Simple Earn Flexible Interest;BNB;3.9E-7;Binance Earn
71732789;14/09/2023 02:11;Spot;Simple Earn Flexible Interest;ETH;1.0E-7;Binance Earn
71732789;15/09/2023 01:53;Spot;Simple Earn Locked Rewards;IOST;0.10298262;Binance Earn
71732789;15/09/2023 02:25;Spot;Simple Earn Flexible Interest;BTC;0,00 ;Binance Earn
71732789;15/09/2023 02:26;Spot;Simple Earn Flexible Interest;BNB;3.9E-7;Binance Earn
71732789;15/09/2023 02:31;Spot;Simple Earn Flexible Interest;ETH;1.0E-7;Binance Earn
71732789;16/09/2023 01:53;Spot;Simple Earn Locked Rewards;IOST;0.10298262;Binance Earn
71732789;16/09/2023 02:25;Spot;Simple Earn Flexible Interest;BTC;0,00 ;Binance Earn
71732789;16/09/2023 02:26;Spot;Simple Earn Flexible Interest;BNB;3.9E-7;Binance Earn
71732789;16/09/2023 02:31;Spot;Simple Earn Flexible Interest;ETH;1.0E-7;Binance Earn
71732789;17/09/2023 01:53;Spot;Simple Earn Locked Rewards;IOST;0.10298262;Binance Earn
71732789;17/09/2023 02:25;Spot;Simple Earn Flexible Interest;BTC;0,00 ;Binance Earn
71732789;17/09/2023 02:26;Spot;Simple Earn Flexible Interest;BNB;3.9E-7;Binance Earn
71732789;17/09/2023 02:30;Spot;Simple Earn Flexible Interest;ETH;1.0E-7;Binance Earn
71732789;18/09/2023 01:53;Spot;Simple Earn Locked Rewards;IOST;0.10298262;Binance Earn
71732789;18/09/2023 02:05;Spot;Simple Earn Flexible Interest;BTC;0,00 ;Binance Earn
71732789;18/09/2023 02:07;Spot;Simple Earn Flexible Interest;BNB;3.9E-7;Binance Earn
71732789;18/09/2023 02:12;Spot;Simple Earn Flexible Interest;ETH;1.0E-7;Binance Earn
71732789;19/09/2023 01:53;Spot;Simple Earn Locked Rewards;IOST;0.10298262;Binance Earn
71732789;19/09/2023 05:05;Spot;Simple Earn Flexible Interest;BTC;0,00 ;Binance Earn
71732789;19/09/2023 05:07;Spot;Simple Earn Flexible Interest;BNB;3.9E-7;Binance Earn
71732789;19/09/2023 05:12;Spot;Simple Earn Flexible Interest;ETH;1.0E-7;Binance Earn
71732789;20/09/2023 01:52;Spot;Simple Earn Locked Rewards;IOST;0.10298262;Binance Earn
71732789;20/09/2023 02:25;Spot;Simple Earn Flexible Interest;BTC;0,00 ;Binance Earn
71732789;20/09/2023 02:27;Spot;Simple Earn Flexible Interest;BNB;3.9E-7;Binance Earn
71732789;20/09/2023 02:32;Spot;Simple Earn Flexible Interest;ETH;1.0E-7;Binance Earn
71732789;21/09/2023 01:53;Spot;Simple Earn Locked Rewards;IOST;0.10298262;Binance Earn
71732789;21/09/2023 02:25;Spot;Simple Earn Flexible Interest;BTC;0,00 ;Binance Earn
71732789;21/09/2023 02:27;Spot;Simple Earn Flexible Interest;BNB;3.9E-7;Binance Earn
71732789;21/09/2023 02:32;Spot;Simple Earn Flexible Interest;ETH;1.0E-7;Binance Earn
71732789;22/09/2023 02:25;Spot;Simple Earn Flexible Interest;BTC;0,00 ;Binance Earn
71732789;22/09/2023 02:26;Spot;Simple Earn Flexible Interest;BNB;3.9E-7;Binance Earn
71732789;22/09/2023 02:31;Spot;Simple Earn Flexible Interest;ETH;1.0E-7;Binance Earn
71732789;23/09/2023 02:05;Spot;Simple Earn Flexible Interest;BTC;0,00 ;Binance Earn
71732789;23/09/2023 02:07;Spot;Simple Earn Flexible Interest;BNB;3.9E-7;Binance Earn
71732789;23/09/2023 02:12;Spot;Simple Earn Flexible Interest;ETH;1.0E-7;Binance Earn
71732789;24/09/2023 02:25;Spot;Simple Earn Flexible Interest;BTC;0,00 ;Binance Earn
71732789;24/09/2023 02:27;Spot;Simple Earn Flexible Interest;BNB;3.9E-7;Binance Earn
71732789;24/09/2023 02:32;Spot;Simple Earn Flexible Interest;ETH;1.0E-7;Binance Earn
71732789;25/09/2023 02:05;Spot;Simple Earn Flexible Interest;BTC;0,00 ;Binance Earn
71732789;25/09/2023 02:07;Spot;Simple Earn Flexible Interest;BNB;3.9E-7;Binance Earn
71732789;25/09/2023 02:13;Spot;Simple Earn Flexible Interest;ETH;1.0E-7;Binance Earn
71732789;26/09/2023 02:25;Spot;Simple Earn Flexible Interest;BTC;0,00 ;Binance Earn
71732789;26/09/2023 02:27;Spot;Simple Earn Flexible Interest;BNB;3.9E-7;Binance Earn
71732789;26/09/2023 02:32;Spot;Simple Earn Flexible Interest;ETH;1.0E-7;Binance Earn
71732789;27/09/2023 02:25;Spot;Simple Earn Flexible Interest;BTC;0,00 ;Binance Earn
71732789;27/09/2023 02:27;Spot;Simple Earn Flexible Interest;BNB;3.9E-7;Binance Earn
71732789;27/09/2023 02:32;Spot;Simple Earn Flexible Interest;ETH;1.0E-7;Binance Earn
71732789;28/09/2023 02:25;Spot;Simple Earn Flexible Interest;BTC;0,00 ;Binance Earn
71732789;28/09/2023 02:27;Spot;Simple Earn Flexible Interest;BNB;3.9E-7;Binance Earn
71732789;28/09/2023 02:32;Spot;Simple Earn Flexible Interest;ETH;1.0E-7;Binance Earn
71732789;29/09/2023 02:25;Spot;Simple Earn Flexible Interest;BTC;0,00 ;Binance Earn
71732789;29/09/2023 02:27;Spot;Simple Earn Flexible Interest;BNB;3.9E-7;Binance Earn
71732789;29/09/2023 02:32;Spot;Simple Earn Flexible Interest;ETH;1.0E-7;Binance Earn
71732789;30/09/2023 02:25;Spot;Simple Earn Flexible Interest;BTC;0,00 ;Binance Earn
71732789;30/09/2023 02:27;Spot;Simple Earn Flexible Interest;BNB;3.9E-7;Binance Earn
71732789;30/09/2023 02:32;Spot;Simple Earn Flexible Interest;ETH;1.0E-7;Binance Earn
71732789;01/10/2023 02:25;Spot;Simple Earn Flexible Interest;BTC;0,00 ;Binance Earn
71732789;01/10/2023 02:27;Spot;Simple Earn Flexible Interest;BNB;3.9E-7;Binance Earn
71732789;01/10/2023 02:32;Spot;Simple Earn Flexible Interest;ETH;1.0E-7;Binance Earn
71732789;02/10/2023 02:25;Spot;Simple Earn Flexible Interest;BTC;0,00 ;Binance Earn
71732789;02/10/2023 02:26;Spot;Simple Earn Flexible Interest;BNB;6.9E-7;Binance Earn
71732789;02/10/2023 02:31;Spot;Simple Earn Flexible Interest;ETH;1.0E-7;Binance Earn
71732789;03/10/2023 02:05;Spot;Simple Earn Flexible Interest;BTC;0,00 ;Binance Earn
71732789;03/10/2023 02:07;Spot;Simple Earn Flexible Interest;BNB;6.9E-7;Binance Earn
71732789;03/10/2023 02:12;Spot;Simple Earn Flexible Interest;ETH;1.0E-7;Binance Earn
71732789;04/10/2023 02:25;Spot;Simple Earn Flexible Interest;BTC;0,00 ;Binance Earn
71732789;04/10/2023 02:26;Spot;Simple Earn Flexible Interest;BNB;6.9E-7;Binance Earn
71732789;04/10/2023 02:31;Spot;Simple Earn Flexible Interest;ETH;1.0E-7;Binance Earn
71732789;05/10/2023 02:05;Spot;Simple Earn Flexible Interest;BTC;0,00 ;Binance Earn
71732789;05/10/2023 02:07;Spot;Simple Earn Flexible Interest;BNB;6.9E-7;Binance Earn
71732789;05/10/2023 02:12;Spot;Simple Earn Flexible Interest;ETH;1.0E-7;Binance Earn
71732789;06/10/2023 02:25;Spot;Simple Earn Flexible Interest;BTC;0,00 ;Binance Earn
71732789;06/10/2023 02:27;Spot;Simple Earn Flexible Interest;BNB;6.9E-7;Binance Earn
71732789;06/10/2023 02:32;Spot;Simple Earn Flexible Interest;ETH;1.0E-7;Binance Earn
71732789;07/10/2023 02:25;Spot;Simple Earn Flexible Interest;BTC;0,00 ;Binance Earn
71732789;07/10/2023 02:27;Spot;Simple Earn Flexible Interest;BNB;6.9E-7;Binance Earn
71732789;07/10/2023 02:32;Spot;Simple Earn Flexible Interest;ETH;1.0E-7;Binance Earn
71732789;08/10/2023 02:25;Spot;Simple Earn Flexible Interest;BTC;0,00 ;Binance Earn
71732789;08/10/2023 02:27;Spot;Simple Earn Flexible Interest;BNB;6.9E-7;Binance Earn
71732789;08/10/2023 02:32;Spot;Simple Earn Flexible Interest;ETH;1.0E-7;Binance Earn
71732789;09/10/2023 02:05;Spot;Simple Earn Flexible Interest;BTC;0,00 ;Binance Earn
71732789;09/10/2023 02:07;Spot;Simple Earn Flexible Interest;BNB;6.9E-7;Binance Earn
71732789;09/10/2023 02:13;Spot;Simple Earn Flexible Interest;ETH;1.0E-7;Binance Earn
71732789;10/10/2023 03:05;Spot;Simple Earn Flexible Interest;BTC;0,00 ;Binance Earn
71732789;10/10/2023 03:07;Spot;Simple Earn Flexible Interest;BNB;6.9E-7;Binance Earn
71732789;10/10/2023 03:12;Spot;Simple Earn Flexible Interest;ETH;1.0E-7;Binance Earn
71732789;11/10/2023 02:25;Spot;Simple Earn Flexible Interest;BTC;0,00 ;Binance Earn
71732789;11/10/2023 02:27;Spot;Simple Earn Flexible Interest;BNB;6.9E-7;Binance Earn
71732789;11/10/2023 02:32;Spot;Simple Earn Flexible Interest;ETH;1.0E-7;Binance Earn
71732789;12/10/2023 02:25;Spot;Simple Earn Flexible Interest;BTC;0,00 ;Binance Earn
71732789;12/10/2023 02:27;Spot;Simple Earn Flexible Interest;BNB;6.9E-7;Binance Earn
71732789;12/10/2023 02:32;Spot;Simple Earn Flexible Interest;ETH;1.0E-7;Binance Earn
71732789;12/10/2023 05:05;Spot;BNB Vault Rewards;NTRN;0.00610416;
71732789;13/10/2023 02:05;Spot;Simple Earn Flexible Interest;BTC;0,00 ;Binance Earn
71732789;13/10/2023 02:07;Spot;Simple Earn Flexible Interest;BNB;6.9E-7;Binance Earn
71732789;13/10/2023 02:13;Spot;Simple Earn Flexible Interest;ETH;1.0E-7;Binance Earn
71732789;13/10/2023 04:15;Spot;BNB Vault Rewards;NTRN;0.00582409;
71732789;14/10/2023 02:25;Spot;Simple Earn Flexible Interest;BTC;0,00 ;Binance Earn
71732789;14/10/2023 02:27;Spot;Simple Earn Flexible Interest;BNB;6.9E-7;Binance Earn
71732789;14/10/2023 02:32;Spot;Simple Earn Flexible Interest;ETH;1.0E-7;Binance Earn
71732789;14/10/2023 04:15;Spot;BNB Vault Rewards;NTRN;0.00574190;
71732789;15/10/2023 03:05;Spot;Simple Earn Flexible Interest;BTC;0,00 ;Binance Earn
71732789;15/10/2023 03:07;Spot;Simple Earn Flexible Interest;BNB;6.9E-7;Binance Earn
71732789;15/10/2023 03:13;Spot;Simple Earn Flexible Interest;ETH;1.0E-7;Binance Earn
71732789;15/10/2023 05:25;Spot;BNB Vault Rewards;NTRN;0.00570300;
71732789;16/10/2023 04:25;Spot;Simple Earn Flexible Interest;BTC;0,00 ;Binance Earn
71732789;16/10/2023 04:27;Spot;Simple Earn Flexible Interest;BNB;6.9E-7;Binance Earn
71732789;16/10/2023 04:32;Spot;Simple Earn Flexible Interest;ETH;1.0E-7;Binance Earn
71732789;16/10/2023 06:45;Spot;BNB Vault Rewards;NTRN;0.00568815;
71732789;17/10/2023 03:05;Spot;Simple Earn Flexible Interest;BTC;0,00 ;Binance Earn
71732789;17/10/2023 03:07;Spot;Simple Earn Flexible Interest;BNB;6.9E-7;Binance Earn
71732789;17/10/2023 03:12;Spot;Simple Earn Flexible Interest;ETH;1.0E-7;Binance Earn
71732789;17/10/2023 05:45;Spot;BNB Vault Rewards;NTRN;0.00565962;
71732789;18/10/2023 02:25;Spot;Simple Earn Flexible Interest;BTC;0,00 ;Binance Earn
71732789;18/10/2023 02:27;Spot;Simple Earn Flexible Interest;BNB;6.9E-7;Binance Earn
71732789;18/10/2023 02:32;Spot;Simple Earn Flexible Interest;ETH;1.0E-7;Binance Earn
71732789;18/10/2023 04:25;Spot;BNB Vault Rewards;NTRN;0.00562685;
71732789;19/10/2023 03:25;Spot;Simple Earn Flexible Interest;BTC;0,00 ;Binance Earn
71732789;19/10/2023 03:27;Spot;Simple Earn Flexible Interest;BNB;6.9E-7;Binance Earn
71732789;19/10/2023 03:32;Spot;Simple Earn Flexible Interest;ETH;1.0E-7;Binance Earn
71732789;19/10/2023 05:55;Spot;BNB Vault Rewards;NTRN;0.00560715;
71732789;20/10/2023 04:05;Spot;Simple Earn Flexible Interest;BTC;0,00 ;Binance Earn
71732789;20/10/2023 04:07;Spot;Simple Earn Flexible Interest;BNB;6.9E-7;Binance Earn
71732789;20/10/2023 04:12;Spot;Simple Earn Flexible Interest;ETH;1.0E-7;Binance Earn
71732789;20/10/2023 06:15;Spot;BNB Vault Rewards;NTRN;0.00559532;
71732789;21/10/2023 02:25;Spot;Simple Earn Flexible Interest;BTC;0,00 ;Binance Earn
71732789;21/10/2023 02:27;Spot;Simple Earn Flexible Interest;BNB;6.9E-7;Binance Earn
71732789;21/10/2023 02:32;Spot;Simple Earn Flexible Interest;ETH;1.0E-7;Binance Earn
71732789;21/10/2023 04:25;Spot;BNB Vault Rewards;NTRN;0.00559775;
71732789;22/10/2023 02:05;Spot;Simple Earn Flexible Interest;BTC;0,00 ;Binance Earn
71732789;22/10/2023 02:07;Spot;Simple Earn Flexible Interest;BNB;6.9E-7;Binance Earn
71732789;22/10/2023 02:12;Spot;Simple Earn Flexible Interest;ETH;1.0E-7;Binance Earn
71732789;22/10/2023 04:25;Spot;BNB Vault Rewards;NTRN;0.00560887;
71732789;23/10/2023 02:25;Spot;Simple Earn Flexible Interest;BTC;0,00 ;Binance Earn
71732789;23/10/2023 02:26;Spot;Simple Earn Flexible Interest;BNB;6.9E-7;Binance Earn
71732789;23/10/2023 02:32;Spot;Simple Earn Flexible Interest;ETH;1.0E-7;Binance Earn
71732789;23/10/2023 04:25;Spot;BNB Vault Rewards;NTRN;0.00561665;
71732789;24/10/2023 02:25;Spot;Simple Earn Flexible Interest;BTC;0,00 ;Binance Earn
71732789;24/10/2023 02:27;Spot;Simple Earn Flexible Interest;BNB;6.9E-7;Binance Earn
71732789;24/10/2023 02:32;Spot;Simple Earn Flexible Interest;ETH;1.0E-7;Binance Earn
71732789;24/10/2023 04:25;Spot;BNB Vault Rewards;NTRN;0.00561972;
71732789;24/10/2023 21:50;Spot;Simple Earn Locked Subscription;MATIC;-1.31085676;Binance Earn
71732789;25/10/2023 02:25;Spot;Simple Earn Flexible Interest;BTC;0,00 ;Binance Earn
71732789;25/10/2023 02:27;Spot;Simple Earn Flexible Interest;BNB;6.9E-7;Binance Earn
71732789;25/10/2023 02:32;Spot;Simple Earn Flexible Interest;ETH;1.0E-7;Binance Earn
71732789;25/10/2023 04:36;Spot;BNB Vault Rewards;NTRN;0.00560514;
71732789;25/10/2023 14:46;Spot;Asset Recovery;EUR;-0.02000000;
71732789;25/10/2023 15:14;Spot;Distribution;USDT;0.02117000;Token swap distribution
71732789;26/10/2023 01:51;Spot;Simple Earn Locked Rewards;MATIC;0.00016161;Binance Earn
71732789;26/10/2023 03:25;Spot;Simple Earn Flexible Interest;BTC;0,00 ;Binance Earn
71732789;26/10/2023 03:27;Spot;Simple Earn Flexible Interest;BNB;6.9E-7;Binance Earn
71732789;26/10/2023 03:32;Spot;Simple Earn Flexible Interest;ETH;1.0E-7;Binance Earn
71732789;26/10/2023 05:45;Spot;BNB Vault Rewards;NTRN;0.00560074;
71732789;27/10/2023 01:51;Spot;Simple Earn Locked Rewards;MATIC;0.00016161;Binance Earn
71732789;27/10/2023 02:26;Spot;Simple Earn Flexible Interest;BTC;0,00 ;Binance Earn
71732789;27/10/2023 02:28;Spot;Simple Earn Flexible Interest;BNB;6.9E-7;Binance Earn
71732789;27/10/2023 02:33;Spot;Simple Earn Flexible Interest;ETH;1.0E-7;Binance Earn
71732789;27/10/2023 04:25;Spot;BNB Vault Rewards;NTRN;0.00555998;
71732789;28/10/2023 01:52;Spot;Simple Earn Locked Rewards;MATIC;0.00016161;Binance Earn
71732789;28/10/2023 02:25;Spot;Simple Earn Flexible Interest;BTC;0,00 ;Binance Earn
71732789;28/10/2023 02:27;Spot;Simple Earn Flexible Interest;BNB;6.9E-7;Binance Earn
71732789;28/10/2023 02:32;Spot;Simple Earn Flexible Interest;ETH;1.0E-7;Binance Earn
71732789;28/10/2023 04:25;Spot;BNB Vault Rewards;NTRN;0.00558065;
71732789;29/10/2023 01:52;Spot;Simple Earn Locked Rewards;MATIC;0.00016161;Binance Earn
71732789;29/10/2023 02:25;Spot;Simple Earn Flexible Interest;BTC;0,00 ;Binance Earn
71732789;29/10/2023 02:27;Spot;Simple Earn Flexible Interest;BNB;6.9E-7;Binance Earn
71732789;29/10/2023 02:32;Spot;Simple Earn Flexible Interest;ETH;1.0E-7;Binance Earn
71732789;29/10/2023 06:45;Spot;BNB Vault Rewards;NTRN;0.00777703;
71732789;29/10/2023 08:10;Spot;BNB Vault Rewards;MEME;0.17753372;
71732789;30/10/2023 01:52;Spot;Simple Earn Locked Rewards;MATIC;0.00016161;Binance Earn
71732789;30/10/2023 02:26;Spot;Simple Earn Flexible Interest;BTC;0,00 ;Binance Earn
71732789;30/10/2023 02:28;Spot;Simple Earn Flexible Interest;BNB;6.9E-7;Binance Earn
71732789;30/10/2023 02:33;Spot;Simple Earn Flexible Interest;ETH;1.0E-7;Binance Earn
71732789;30/10/2023 06:26;Spot;BNB Vault Rewards;MEME;0.16257402;
71732789;30/10/2023 06:39;Spot;BNB Vault Rewards;NTRN;0.00871268;
71732789;31/10/2023 01:52;Spot;Simple Earn Locked Rewards;MATIC;0.00016161;Binance Earn
71732789;31/10/2023 02:25;Spot;Simple Earn Flexible Interest;BTC;0,00 ;Binance Earn
71732789;31/10/2023 02:27;Spot;Simple Earn Flexible Interest;BNB;6.9E-7;Binance Earn
71732789;31/10/2023 02:33;Spot;Simple Earn Flexible Interest;ETH;1.0E-7;Binance Earn
71732789;31/10/2023 06:15;Spot;BNB Vault Rewards;MEME;0.15834434;
71732789;31/10/2023 06:29;Spot;BNB Vault Rewards;NTRN;0.01300114;
71732789;01/11/2023 02:00;Spot;Simple Earn Locked Rewards;MATIC;0.00016161;Binance Earn
71732789;01/11/2023 02:25;Spot;Simple Earn Flexible Interest;BTC;0,00 ;Binance Earn
71732789;01/11/2023 02:27;Spot;Simple Earn Flexible Interest;BNB;6.9E-7;Binance Earn
71732789;01/11/2023 02:32;Spot;Simple Earn Flexible Interest;ETH;1.0E-7;Binance Earn
71732789;01/11/2023 04:45;Spot;BNB Vault Rewards;MEME;0.23724312;
71732789;02/11/2023 02:01;Spot;Simple Earn Locked Rewards;MATIC;0.00016161;Binance Earn
71732789;02/11/2023 03:05;Spot;Simple Earn Flexible Interest;BTC;0,00 ;Binance Earn
71732789;02/11/2023 03:07;Spot;Simple Earn Flexible Interest;BNB;6.9E-7;Binance Earn
71732789;02/11/2023 03:12;Spot;Simple Earn Flexible Interest;ETH;1.0E-7;Binance Earn
71732789;02/11/2023 04:45;Spot;BNB Vault Rewards;MEME;0.23146906;
71732789;03/11/2023 01:51;Spot;Simple Earn Locked Rewards;MATIC;0.00016161;Binance Earn
71732789;03/11/2023 02:25;Spot;Simple Earn Flexible Interest;BTC;0,00 ;Binance Earn
71732789;03/11/2023 02:27;Spot;Simple Earn Flexible Interest;BNB;6.9E-7;Binance Earn
71732789;03/11/2023 02:33;Spot;Simple Earn Flexible Interest;ETH;1.0E-7;Binance Earn
71732789;03/11/2023 05:05;Spot;BNB Vault Rewards;MEME;0.23038858;
71732789;04/11/2023 01:51;Spot;Simple Earn Locked Rewards;MATIC;0.00016161;Binance Earn
71732789;04/11/2023 03:06;Spot;Simple Earn Flexible Interest;BTC;0,00 ;Binance Earn
71732789;04/11/2023 03:08;Spot;Simple Earn Flexible Interest;BNB;6.9E-7;Binance Earn
71732789;04/11/2023 03:13;Spot;Simple Earn Flexible Interest;ETH;1.0E-7;Binance Earn
71732789;04/11/2023 05:36;Spot;BNB Vault Rewards;MEME;0.23134236;
71732789;05/11/2023 01:51;Spot;Simple Earn Locked Rewards;MATIC;0.00016161;Binance Earn
71732789;05/11/2023 02:26;Spot;Simple Earn Flexible Interest;BTC;0,00 ;Binance Earn
71732789;05/11/2023 02:27;Spot;Simple Earn Flexible Interest;BNB;6.9E-7;Binance Earn
71732789;05/11/2023 02:33;Spot;Simple Earn Flexible Interest;ETH;1.0E-7;Binance Earn
71732789;05/11/2023 04:55;Spot;BNB Vault Rewards;MEME;0.23093632;
71732789;06/11/2023 01:51;Spot;Simple Earn Locked Rewards;MATIC;0.00016161;Binance Earn
71732789;06/11/2023 02:25;Spot;Simple Earn Flexible Interest;BTC;0,00 ;Binance Earn
71732789;06/11/2023 02:27;Spot;Simple Earn Flexible Interest;BNB;6.9E-7;Binance Earn
71732789;06/11/2023 02:33;Spot;Simple Earn Flexible Interest;ETH;1.0E-7;Binance Earn
71732789;06/11/2023 04:55;Spot;BNB Vault Rewards;MEME;0.23031645;
71732789;07/11/2023 01:55;Spot;Simple Earn Locked Rewards;MATIC;0.00016161;Binance Earn
71732789;07/11/2023 02:26;Spot;Simple Earn Flexible Interest;BTC;0,00 ;Binance Earn
71732789;07/11/2023 02:28;Spot;Simple Earn Flexible Interest;BNB;6.9E-7;Binance Earn
71732789;07/11/2023 02:33;Spot;Simple Earn Flexible Interest;ETH;1.0E-7;Binance Earn
71732789;07/11/2023 04:36;Spot;BNB Vault Rewards;MEME;0.22974577;
71732789;08/11/2023 02:01;Spot;Simple Earn Locked Rewards;MATIC;0.00016161;Binance Earn
71732789;08/11/2023 02:25;Spot;Simple Earn Flexible Interest;BTC;0,00 ;Binance Earn
71732789;08/11/2023 02:27;Spot;Simple Earn Flexible Interest;BNB;6.9E-7;Binance Earn
71732789;08/11/2023 02:33;Spot;Simple Earn Flexible Interest;ETH;1.0E-7;Binance Earn
71732789;08/11/2023 04:56;Spot;BNB Vault Rewards;MEME;0.23031574;
71732789;09/11/2023 02:01;Spot;Simple Earn Locked Rewards;MATIC;0.00016161;Binance Earn
71732789;09/11/2023 02:25;Spot;Simple Earn Flexible Interest;BTC;0,00 ;Binance Earn
71732789;09/11/2023 02:27;Spot;Simple Earn Flexible Interest;BNB;6.9E-7;Binance Earn
71732789;09/11/2023 02:33;Spot;Simple Earn Flexible Interest;ETH;1.0E-7;Binance Earn
71732789;09/11/2023 04:26;Spot;BNB Vault Rewards;MEME;0.23054053;
71732789;10/11/2023 02:01;Spot;Simple Earn Locked Rewards;MATIC;0.00016161;Binance Earn
71732789;10/11/2023 03:05;Spot;Simple Earn Flexible Interest;BTC;0,00 ;Binance Earn
71732789;10/11/2023 03:07;Spot;Simple Earn Flexible Interest;BNB;6.9E-7;Binance Earn
71732789;10/11/2023 03:14;Spot;Simple Earn Flexible Interest;ETH;1.0E-7;Binance Earn
71732789;10/11/2023 05:06;Spot;BNB Vault Rewards;MEME;0.23208913;
71732789;11/11/2023 02:01;Spot;Simple Earn Locked Rewards;MATIC;0.00016161;Binance Earn
71732789;11/11/2023 02:25;Spot;Simple Earn Flexible Interest;BTC;0,00 ;Binance Earn
71732789;11/11/2023 02:27;Spot;Simple Earn Flexible Interest;BNB;6.9E-7;Binance Earn
71732789;11/11/2023 02:34;Spot;Simple Earn Flexible Interest;ETH;1.0E-7;Binance Earn
71732789;11/11/2023 04:36;Spot;BNB Vault Rewards;MEME;0.23265115;
71732789;12/11/2023 02:01;Spot;Simple Earn Locked Rewards;MATIC;0.00016161;Binance Earn
71732789;12/11/2023 02:25;Spot;Simple Earn Flexible Interest;BTC;0,00 ;Binance Earn
71732789;12/11/2023 02:27;Spot;Simple Earn Flexible Interest;BNB;6.9E-7;Binance Earn
71732789;12/11/2023 02:33;Spot;Simple Earn Flexible Interest;ETH;1.0E-7;Binance Earn
71732789;12/11/2023 04:36;Spot;BNB Vault Rewards;MEME;0.23109088;
71732789;13/11/2023 02:01;Spot;Simple Earn Locked Rewards;MATIC;0.00016161;Binance Earn
71732789;13/11/2023 02:25;Spot;Simple Earn Flexible Interest;BTC;0,00 ;Binance Earn
71732789;13/11/2023 02:28;Spot;Simple Earn Flexible Interest;BNB;6.9E-7;Binance Earn
71732789;13/11/2023 02:34;Spot;Simple Earn Flexible Interest;ETH;1.0E-7;Binance Earn
71732789;13/11/2023 04:56;Spot;BNB Vault Rewards;MEME;0.23054417;
71732789;14/11/2023 02:01;Spot;Simple Earn Locked Rewards;MATIC;0.00016161;Binance Earn
71732789;14/11/2023 02:25;Spot;Simple Earn Flexible Interest;BTC;0,00 ;Binance Earn
71732789;14/11/2023 02:27;Spot;Simple Earn Flexible Interest;BNB;6.9E-7;Binance Earn
71732789;14/11/2023 02:33;Spot;Simple Earn Flexible Interest;ETH;1.0E-7;Binance Earn
71732789;14/11/2023 04:56;Spot;BNB Vault Rewards;MEME;0.23006607;
71732789;15/11/2023 02:01;Spot;Simple Earn Locked Rewards;MATIC;0.00016161;Binance Earn
71732789;15/11/2023 02:25;Spot;Simple Earn Flexible Interest;BTC;0,00 ;Binance Earn
71732789;15/11/2023 02:27;Spot;Simple Earn Flexible Interest;BNB;6.9E-7;Binance Earn
71732789;15/11/2023 02:33;Spot;Simple Earn Flexible Interest;ETH;1.0E-7;Binance Earn
71732789;15/11/2023 04:56;Spot;BNB Vault Rewards;MEME;0.22645148;
71732789;16/11/2023 02:00;Spot;Simple Earn Locked Rewards;MATIC;0.00016161;Binance Earn
71732789;16/11/2023 05:26;Spot;Simple Earn Flexible Interest;BTC;0,00 ;Binance Earn
71732789;16/11/2023 05:27;Spot;Simple Earn Flexible Interest;BNB;6.9E-7;Binance Earn
71732789;16/11/2023 05:33;Spot;Simple Earn Flexible Interest;ETH;1.0E-7;Binance Earn
71732789;16/11/2023 08:06;Spot;BNB Vault Rewards;MEME;0.22495065;
71732789;17/11/2023 02:02;Spot;Simple Earn Locked Rewards;MATIC;0.00016161;Binance Earn
71732789;17/11/2023 02:12;Spot;Simple Earn Flexible Interest;BTC;0,00 ;Binance Earn
71732789;17/11/2023 02:14;Spot;Simple Earn Flexible Interest;BNB;6.9E-7;Binance Earn
71732789;17/11/2023 02:22;Spot;Simple Earn Flexible Interest;ETH;1.0E-7;Binance Earn
71732789;17/11/2023 05:06;Spot;BNB Vault Rewards;MEME;0.22481220;
71732789;18/11/2023 02:01;Spot;Simple Earn Locked Rewards;MATIC;0.00016161;Binance Earn
71732789;18/11/2023 03:00;Spot;Simple Earn Flexible Interest;BTC;0,00 ;Binance Earn
71732789;18/11/2023 03:02;Spot;Simple Earn Flexible Interest;BNB;6.9E-7;Binance Earn
71732789;18/11/2023 03:14;Spot;Simple Earn Flexible Interest;ETH;1.0E-7;Binance Earn
71732789;18/11/2023 05:36;Spot;BNB Vault Rewards;MEME;0.22448989;
71732789;19/11/2023 02:01;Spot;Simple Earn Locked Rewards;MATIC;0.00016161;Binance Earn
71732789;19/11/2023 03:00;Spot;Simple Earn Flexible Interest;BNB;6.9E-7;Binance Earn
71732789;19/11/2023 03:08;Spot;Simple Earn Flexible Interest;BTC;0,00 ;Binance Earn
71732789;19/11/2023 03:15;Spot;Simple Earn Flexible Interest;ETH;1.0E-7;Binance Earn
71732789;19/11/2023 05:26;Spot;BNB Vault Rewards;MEME;0.22403934;
71732789;20/11/2023 02:01;Spot;Simple Earn Locked Rewards;MATIC;0.00016161;Binance Earn
71732789;20/11/2023 02:23;Spot;Simple Earn Flexible Interest;BNB;6.9E-7;Binance Earn
71732789;20/11/2023 02:26;Spot;Simple Earn Flexible Interest;ETH;1.0E-7;Binance Earn
71732789;20/11/2023 02:31;Spot;Simple Earn Flexible Interest;BTC;0,00 ;Binance Earn
71732789;20/11/2023 05:46;Spot;BNB Vault Rewards;MEME;0.22371380;
71732789;21/11/2023 02:01;Spot;Simple Earn Locked Rewards;MATIC;0.00016161;Binance Earn
71732789;21/11/2023 02:20;Spot;Simple Earn Flexible Interest;BNB;6.9E-7;Binance Earn
71732789;21/11/2023 02:24;Spot;Simple Earn Flexible Interest;ETH;1.0E-7;Binance Earn
71732789;21/11/2023 02:26;Spot;Simple Earn Flexible Interest;BTC;0,00 ;Binance Earn
71732789;21/11/2023 05:26;Spot;BNB Vault Rewards;MEME;0.22393141;
71732789;22/11/2023 02:01;Spot;Simple Earn Locked Rewards;MATIC;0.00016161;Binance Earn
71732789;22/11/2023 03:08;Spot;Simple Earn Flexible Interest;BTC;0,00 ;Binance Earn
71732789;22/11/2023 03:14;Spot;Simple Earn Flexible Interest;BNB;6.9E-7;Binance Earn
71732789;22/11/2023 03:16;Spot;Simple Earn Flexible Interest;ETH;1.0E-7;Binance Earn
71732789;22/11/2023 05:46;Spot;BNB Vault Rewards;MEME;0.22542894;
71732789;23/11/2023 02:01;Spot;Simple Earn Locked Rewards;MATIC;0.00016161;Binance Earn
71732789;23/11/2023 02:22;Spot;Simple Earn Flexible Interest;BNB;6.9E-7;Binance Earn
71732789;23/11/2023 02:31;Spot;Simple Earn Flexible Interest;BTC;0,00 ;Binance Earn
71732789;23/11/2023 02:34;Spot;Simple Earn Flexible Interest;ETH;1.0E-7;Binance Earn
71732789;23/11/2023 05:26;Spot;BNB Vault Rewards;MEME;0.22837502;
71732789;23/11/2023 19:39;Spot;Simple Earn Flexible Redemption;ADA;155.49404751;Binance Earn
71732789;23/11/2023 19:39;Spot;Simple Earn Flexible Redemption;ALICE;10.11831966;Binance Earn
71732789;23/11/2023 19:40;Spot;Simple Earn Flexible Redemption;BTC;0.02063538;Binance Earn
71732789;23/11/2023 19:40;Spot;Simple Earn Flexible Redemption;BNB;0.07198182;Binance Earn
71732789;23/11/2023 19:40;Spot;Simple Earn Flexible Redemption;CHZ;196.99066210;Binance Earn
71732789;23/11/2023 19:40;Spot;Simple Earn Flexible Redemption;COTI;156.32864473;Binance Earn
71732789;23/11/2023 19:40;Spot;Simple Earn Flexible Redemption;ETH;0.01580878;Binance Earn
71732789;23/11/2023 19:40;Spot;Simple Earn Flexible Redemption;FET;85.80800199;Binance Earn
71732789;23/11/2023 19:41;Spot;Simple Earn Flexible Redemption;IOST;836.31811556;Binance Earn
71732789;23/11/2023 19:41;Spot;Simple Earn Flexible Redemption;MATIC;94.25067204;Binance Earn
71732789;23/11/2023 19:41;Spot;Simple Earn Flexible Redemption;OCEAN;41.68665809;Binance Earn
71732789;23/11/2023 19:41;Spot;Simple Earn Flexible Redemption;SXP;16.62340814;Binance Earn
71732789;23/11/2023 19:41;Spot;Simple Earn Flexible Redemption;SOL;0.83521686;Binance Earn
71732789;23/11/2023 19:45;Spot;Transaction Fee;BNB;-0.00246446;
71732789;23/11/2023 19:45;Spot;Transaction Revenue;EUR;705.49418880;
71732789;23/11/2023 19:45;Spot;Transaction Sold;BTC;-0.02064000;
71732789;23/11/2023 19:49;Spot;Transaction Fee;BNB;-0.00014825;
71732789;23/11/2023 19:49;Spot;Transaction Revenue;EUR;42.40220000;
71732789;23/11/2023 19:49;Spot;Transaction Sold;SOL;-0.82000000;
71732789;23/11/2023 20:07;Spot;Transaction Revenue;EUR;67.10808000;
71732789;23/11/2023 20:07;Spot;Transaction Sold;MATIC;-94.20000000;
71732789;23/11/2023 20:07;Spot;Transaction Fee;BNB;-0.00023453;
71732789;23/11/2023 20:09;Spot;Transaction Sold;FET;-86.00000000;
71732789;23/11/2023 20:09;Spot;Transaction Fee;BNB;-0.00013635;
71732789;23/11/2023 20:09;Spot;Transaction Revenue;BNB;0.18180400;
71732789;23/11/2023 20:11;Spot;Transaction Fee;BNB;-0.00002738;
71732789;23/11/2023 20:11;Spot;Transaction Sold;CHZ;-115.00000000;
71732789;23/11/2023 20:11;Spot;Transaction Sold;CHZ;-81.00000000;
71732789;23/11/2023 20:11;Spot;Transaction Revenue;EUR;5.51934000;
71732789;23/11/2023 20:11;Spot;Transaction Revenue;EUR;7.83610000;
71732789;23/11/2023 20:11;Spot;Transaction Fee;BNB;-0.00001928;
71732789;23/11/2023 20:12;Spot;Transaction Sold;OCEAN;-41.00000000;
71732789;23/11/2023 20:12;Spot;Transaction Revenue;BNB;0.07589100;
71732789;23/11/2023 20:12;Spot;Transaction Fee;BNB;-0.00005691;
71732789;23/11/2023 20:15;Spot;Transaction Fee;BNB;-0.00002052;
71732789;23/11/2023 20:15;Spot;Transaction Fee;BNB;-0.00000324;
71732789;23/11/2023 20:15;Spot;Transaction Sold;IOST;-117.00000000;
71732789;23/11/2023 20:15;Spot;Transaction Revenue;ETH;0.00310059;
71732789;23/11/2023 20:15;Spot;Transaction Revenue;ETH;0.00049491;
71732789;23/11/2023 20:15;Spot;Transaction Sold;IOST;-733.00000000;
71732789;23/11/2023 20:15;Spot;Transaction Revenue;BNB;0.02872000;
71732789;23/11/2023 20:15;Spot;Transaction Sold;SNX;-2.00000000;
71732789;23/11/2023 20:15;Spot;Transaction Fee;BNB;-0.00002154;
71732789;23/11/2023 20:16;Spot;Transaction Fee;BNB;-0.00010456;
71732789;23/11/2023 20:16;Spot;Transaction Sold;ETH;-0.01580000;
71732789;23/11/2023 20:16;Spot;Transaction Revenue;EUR;29.93452200;
71732789;23/11/2023 20:19;Spot;Transaction Sold;TLM;-169.00000000;
71732789;23/11/2023 20:19;Spot;Transaction Revenue;TRY;61.27940000;
71732789;23/11/2023 20:19;Spot;Transaction Fee;BNB;-0.00000675;
71732789;23/11/2023 21:06;Spot;Transaction Fee;BNB;-0.00019083;
71732789;23/11/2023 21:06;Spot;Transaction Revenue;EUR;54.53000000;
71732789;23/11/2023 21:06;Spot;Transaction Sold;ADA;-155.80000000;
71732789;23/11/2023 21:07;Spot;Transaction Revenue;BNB;0.04850980;
71732789;23/11/2023 21:07;Spot;Transaction Sold;AAVE;-0.11800000;
71732789;23/11/2023 21:07;Spot;Transaction Fee;BNB;-0.00003638;
71732789;23/11/2023 21:20;Spot;Transaction Revenue;EUR;21.41020000;
71732789;23/11/2023 21:20;Spot;Transaction Sold;RUNE;-4.10000000;
71732789;23/11/2023 21:20;Spot;Transaction Fee;BNB;-0.00007479;
71732789;24/11/2023 02:01;Spot;Simple Earn Locked Rewards;MATIC;0.00016161;Binance Earn
71732789;24/11/2023 03:47;Spot;Transaction Revenue;BNB;0.03260400;
71732789;24/11/2023 03:47;Spot;Transaction Fee;BNB;-0.00002445;
71732789;24/11/2023 03:47;Spot;Transaction Sold;COTI;-156.00000000;
71732789;24/11/2023 05:46;Spot;BNB Vault Rewards;MEME;0.18022826;
71732789;25/11/2023 02:01;Spot;Simple Earn Locked Rewards;MATIC;0.00016161;Binance Earn
71732789;26/11/2023 02:02;Spot;Simple Earn Locked Rewards;MATIC;0.00016161;Binance Earn
71732789;27/11/2023 02:01;Spot;Simple Earn Locked Rewards;MATIC;0.00016161;Binance Earn
71732789;28/11/2023 02:01;Spot;Simple Earn Locked Rewards;MATIC;0.00016161;Binance Earn
71732789;29/11/2023 02:01;Spot;Simple Earn Locked Rewards;MATIC;0.00016161;Binance Earn
71732789;30/11/2023 02:01;Spot;Simple Earn Locked Rewards;MATIC;0.00016161;Binance Earn
71732789;01/12/2023 02:10;Spot;Simple Earn Locked Rewards;MATIC;0.00016161;Binance Earn
71732789;02/12/2023 02:21;Spot;Simple Earn Locked Rewards;MATIC;0.00016161;Binance Earn
71732789;03/12/2023 02:37;Spot;Simple Earn Locked Rewards;MATIC;0.00016161;Binance Earn
71732789;04/12/2023 02:10;Spot;Simple Earn Locked Rewards;MATIC;0.00016161;Binance Earn
71732789;05/12/2023 02:20;Spot;Simple Earn Locked Rewards;MATIC;0.00016161;Binance Earn
71732789;06/12/2023 02:38;Spot;Simple Earn Locked Rewards;MATIC;0.00016161;Binance Earn
71732789;07/12/2023 02:10;Spot;Simple Earn Locked Rewards;MATIC;0.00016161;Binance Earn
71732789;08/12/2023 02:41;Spot;Simple Earn Locked Rewards;MATIC;0.00016161;Binance Earn
71732789;09/12/2023 02:10;Spot;Simple Earn Locked Rewards;MATIC;0.00016161;Binance Earn
71732789;10/12/2023 02:00;Spot;Simple Earn Locked Rewards;MATIC;0.00016161;Binance Earn
71732789;11/12/2023 02:12;Spot;Simple Earn Locked Rewards;MATIC;0.00016161;Binance Earn
71732789;12/12/2023 02:11;Spot;Simple Earn Locked Rewards;MATIC;0.00016161;Binance Earn
71732789;13/12/2023 03:17;Spot;Simple Earn Locked Rewards;MATIC;0.00017239;Binance Earn
71732789;14/12/2023 02:59;Spot;Simple Earn Locked Rewards;MATIC;0.00017239;Binance Earn
71732789;15/12/2023 01:31;Spot;Simple Earn Locked Rewards;MATIC;0.00017239;Binance Earn
71732789;16/12/2023 01:31;Spot;Simple Earn Locked Rewards;MATIC;0.00017239;Binance Earn
71732789;17/12/2023 01:31;Spot;Simple Earn Locked Rewards;MATIC;0.00017239;Binance Earn
71732789;18/12/2023 01:32;Spot;Simple Earn Locked Rewards;MATIC;0.00017239;Binance Earn
71732789;19/12/2023 01:31;Spot;Simple Earn Locked Rewards;MATIC;0.00017239;Binance Earn
71732789;20/12/2023 01:32;Spot;Simple Earn Locked Rewards;MATIC;0.00017239;Binance Earn
71732789;21/12/2023 01:30;Spot;Simple Earn Locked Rewards;MATIC;0.00017239;Binance Earn
71732789;22/12/2023 01:31;Spot;Simple Earn Locked Rewards;MATIC;0.00017239;Binance Earn
71732789;23/12/2023 01:31;Spot;Simple Earn Locked Rewards;MATIC;0.00017239;Binance Earn
71732789;24/12/2023 01:31;Spot;Simple Earn Locked Rewards;MATIC;0.00017239;Binance Earn
71732789;25/12/2023 01:31;Spot;Simple Earn Locked Rewards;MATIC;0.00017239;Binance Earn
71732789;26/12/2023 01:31;Spot;Simple Earn Locked Rewards;MATIC;0.00017239;Binance Earn
71732789;27/12/2023 02:01;Spot;Simple Earn Locked Rewards;MATIC;0.00017239;Binance Earn
71732789;28/12/2023 01:31;Spot;Simple Earn Locked Rewards;MATIC;0.00017239;Binance Earn
71732789;29/12/2023 01:31;Spot;Simple Earn Locked Rewards;MATIC;0.00017239;Binance Earn
71732789;30/12/2023 01:31;Spot;Simple Earn Locked Rewards;MATIC;0.00017239;Binance Earn
71732789;31/12/2023 01:41;Spot;Simple Earn Locked Rewards;MATIC;0.00017239;Binance Earn
71732789;01/01/2024 01:30;Spot;Simple Earn Locked Rewards;MATIC;0.00017239;Binance Earn
71732789;02/01/2024 01:30;Spot;Simple Earn Locked Rewards;MATIC;0.00017239;Binance Earn
71732789;03/01/2024 01:31;Spot;Simple Earn Locked Rewards;MATIC;0.00017239;Binance Earn
71732789;04/01/2024 01:31;Spot;Simple Earn Locked Rewards;MATIC;0.00017239;Binance Earn
71732789;04/01/2024 17:15;Spot;Binance Convert;BUSD;-0.13698480;
71732789;04/01/2024 17:15;Spot;Binance Convert;FDUSD;0.13698480;
71732789;05/01/2024 01:31;Spot;Simple Earn Locked Rewards;MATIC;0.00017239;Binance Earn
71732789;06/01/2024 01:31;Spot;Simple Earn Locked Rewards;MATIC;0.00017239;Binance Earn
71732789;07/01/2024 01:30;Spot;Simple Earn Locked Rewards;MATIC;0.00017239;Binance Earn
71732789;08/01/2024 01:30;Spot;Simple Earn Locked Rewards;MATIC;0.00017239;Binance Earn
71732789;09/01/2024 01:30;Spot;Simple Earn Locked Rewards;MATIC;0.00017239;Binance Earn
71732789;10/01/2024 01:30;Spot;Simple Earn Locked Rewards;MATIC;0.00017239;Binance Earn
71732789;11/01/2024 01:30;Spot;Simple Earn Locked Rewards;MATIC;0.00017239;Binance Earn
71732789;12/01/2024 01:41;Spot;Simple Earn Locked Rewards;MATIC;0.00017239;Binance Earn
71732789;13/01/2024 01:41;Spot;Simple Earn Locked Rewards;MATIC;0.00017239;Binance Earn
71732789;14/01/2024 01:41;Spot;Simple Earn Locked Rewards;MATIC;0.00017239;Binance Earn
71732789;15/01/2024 01:41;Spot;Simple Earn Locked Rewards;MATIC;0.00017239;Binance Earn
71732789;16/01/2024 01:40;Spot;Simple Earn Locked Rewards;MATIC;0.00017239;Binance Earn
71732789;17/01/2024 01:31;Spot;Simple Earn Locked Rewards;MATIC;0.00017239;Binance Earn
71732789;18/01/2024 01:30;Spot;Simple Earn Locked Rewards;MATIC;0.00017239;Binance Earn
71732789;19/01/2024 01:40;Spot;Simple Earn Locked Rewards;MATIC;0.00017239;Binance Earn
71732789;20/01/2024 01:30;Spot;Simple Earn Locked Rewards;MATIC;0.00017239;Binance Earn
71732789;21/01/2024 01:31;Spot;Simple Earn Locked Rewards;MATIC;0.00017239;Binance Earn
71732789;22/01/2024 01:31;Spot;Simple Earn Locked Rewards;MATIC;0.00017239;Binance Earn
71732789;23/01/2024 01:31;Spot;Simple Earn Locked Rewards;MATIC;0.00017239;Binance Earn
71732789;24/01/2024 01:31;Spot;Simple Earn Locked Rewards;MATIC;0.00017239;Binance Earn
71732789;25/01/2024 01:31;Spot;Simple Earn Locked Rewards;MATIC;0.00017239;Binance Earn
71732789;26/01/2024 01:31;Spot;Simple Earn Locked Rewards;MATIC;0.00017239;Binance Earn
71732789;27/01/2024 01:30;Spot;Simple Earn Locked Rewards;MATIC;0.00017239;Binance Earn
71732789;28/01/2024 01:31;Spot;Simple Earn Locked Rewards;MATIC;0.00017239;Binance Earn
71732789;29/01/2024 01:31;Spot;Simple Earn Locked Rewards;MATIC;0.00017239;Binance Earn
71732789;30/01/2024 01:31;Spot;Simple Earn Locked Rewards;MATIC;0.00017239;Binance Earn
71732789;31/01/2024 01:30;Spot;Simple Earn Locked Rewards;MATIC;0.00017239;Binance Earn
71732789;01/02/2024 01:30;Spot;Simple Earn Locked Rewards;MATIC;0.00019751;Binance Earn
71732789;02/02/2024 01:30;Spot;Simple Earn Locked Rewards;MATIC;0.00019751;Binance Earn
71732789;03/02/2024 01:30;Spot;Simple Earn Locked Rewards;MATIC;0.00019751;Binance Earn
71732789;04/02/2024 01:30;Spot;Simple Earn Locked Rewards;MATIC;0.00019751;Binance Earn
71732789;05/02/2024 01:30;Spot;Simple Earn Locked Rewards;MATIC;0.00019751;Binance Earn
71732789;06/02/2024 01:30;Spot;Simple Earn Locked Rewards;MATIC;0.00019751;Binance Earn
71732789;07/02/2024 01:30;Spot;Simple Earn Locked Rewards;MATIC;0.00019751;Binance Earn
71732789;08/02/2024 01:30;Spot;Simple Earn Locked Rewards;MATIC;0.00019751;Binance Earn
71732789;09/02/2024 01:30;Spot;Simple Earn Locked Rewards;MATIC;0.00019751;Binance Earn
71732789;10/02/2024 01:30;Spot;Simple Earn Locked Rewards;MATIC;0.00019751;Binance Earn
71732789;11/02/2024 01:31;Spot;Simple Earn Locked Rewards;MATIC;0.00019751;Binance Earn
71732789;12/02/2024 01:31;Spot;Simple Earn Locked Rewards;MATIC;0.00019751;Binance Earn
71732789;13/02/2024 01:31;Spot;Simple Earn Locked Rewards;MATIC;0.00019751;Binance Earn
71732789;14/02/2024 01:31;Spot;Simple Earn Locked Rewards;MATIC;0.00019751;Binance Earn
71732789;15/02/2024 01:31;Spot;Simple Earn Locked Rewards;MATIC;0.00019751;Binance Earn
71732789;16/02/2024 01:31;Spot;Simple Earn Locked Rewards;MATIC;0.00019751;Binance Earn
71732789;17/02/2024 01:31;Spot;Simple Earn Locked Rewards;MATIC;0.00019751;Binance Earn
71732789;18/02/2024 01:41;Spot;Simple Earn Locked Rewards;MATIC;0.00019751;Binance Earn
71732789;19/02/2024 01:30;Spot;Simple Earn Locked Rewards;MATIC;0.00019751;Binance Earn
71732789;20/02/2024 01:41;Spot;Simple Earn Locked Rewards;MATIC;0.00019751;Binance Earn
71732789;20/02/2024 18:21;Spot;Binance Convert;EUR;-250.00000000;
71732789;20/02/2024 18:21;Spot;Binance Convert;BTC;0.00525402;
71732789;20/02/2024 18:22;Spot;Binance Convert;EUR;-400.00000000;
71732789;20/02/2024 18:22;Spot;Binance Convert;ETH;0.14801164;
71732789;20/02/2024 18:25;Spot;Binance Convert;EUR;11.97371339;
71732789;20/02/2024 18:25;Spot;Binance Convert;ALICE;-10.11831966;
71732789;20/02/2024 18:26;Spot;Binance Convert;EUR;-200.00000000;
71732789;20/02/2024 18:26;Spot;Binance Convert;BNB;0.61606864;
71732789;20/02/2024 18:27;Spot;Binance Convert;TRY;-61.27940000;
71732789;20/02/2024 18:27;Spot;Binance Convert;ETH;0.00066695;
71732789;20/02/2024 18:27;Spot;Binance Convert;BTC;0.00104949;
71732789;20/02/2024 18:27;Spot;Binance Convert;EUR;-50.00000000;
71732789;20/02/2024 18:28;Funding;Crypto Box;DEGO;0.00642394;Binance Pay
71732789;20/02/2024 18:29;Spot;Simple Earn Flexible Subscription;BTC;-0.00631329;Binance Earn
71732789;20/02/2024 18:30;Spot;Simple Earn Flexible Subscription;ETH;-0.15230687;Binance Earn
71732789;20/02/2024 18:31;Spot;Simple Earn Locked Subscription;BNB;-1.05214569;Binance Earn
71732789;21/02/2024 01:41;Spot;Simple Earn Locked Rewards;MATIC;0.00019751;Binance Earn
71732789;22/02/2024 01:31;Spot;Simple Earn Locked Rewards;MATIC;0.00019751;Binance Earn
71732789;22/02/2024 01:32;Spot;Simple Earn Locked Rewards;BNB;0.00010089;Binance Earn
71732789;22/02/2024 03:01;Spot;Simple Earn Flexible Interest;ETH;0.00000104;Binance Earn
71732789;22/02/2024 03:02;Spot;Simple Earn Flexible Interest;BTC;0,00 ;Binance Earn
71732789;23/02/2024 01:41;Spot;Simple Earn Locked Rewards;MATIC;0.00019751;Binance Earn
71732789;23/02/2024 01:42;Spot;Simple Earn Locked Rewards;BNB;0.00010089;Binance Earn
71732789;23/02/2024 03:03;Spot;Simple Earn Flexible Interest;ETH;0.00000104;Binance Earn
71732789;23/02/2024 03:08;Spot;Simple Earn Flexible Interest;BTC;0,00 ;Binance Earn
71732789;24/02/2024 01:41;Spot;Simple Earn Locked Rewards;MATIC;0.00019751;Binance Earn
71732789;24/02/2024 01:42;Spot;Simple Earn Locked Rewards;BNB;0.00010089;Binance Earn
71732789;24/02/2024 03:02;Spot;Simple Earn Flexible Interest;BTC;0,00 ;Binance Earn
71732789;24/02/2024 03:05;Spot;Simple Earn Flexible Interest;ETH;0.00000104;Binance Earn
71732789;25/02/2024 01:41;Spot;Simple Earn Locked Rewards;MATIC;0.00019751;Binance Earn
71732789;25/02/2024 01:41;Spot;Simple Earn Locked Rewards;BNB;0.00010089;Binance Earn
71732789;25/02/2024 03:02;Spot;Simple Earn Flexible Interest;ETH;0.00000104;Binance Earn
71732789;25/02/2024 03:10;Spot;Simple Earn Flexible Interest;BTC;0,00 ;Binance Earn
71732789;26/02/2024 01:41;Spot;Simple Earn Locked Rewards;MATIC;0.00019751;Binance Earn
71732789;26/02/2024 01:42;Spot;Simple Earn Locked Rewards;BNB;0.00010089;Binance Earn
71732789;26/02/2024 03:03;Spot;Simple Earn Flexible Interest;BTC;0,00 ;Binance Earn
71732789;26/02/2024 03:12;Spot;Simple Earn Flexible Interest;ETH;0.00000104;Binance Earn
71732789;27/02/2024 01:31;Spot;Simple Earn Locked Rewards;MATIC;0.00019751;Binance Earn
71732789;27/02/2024 01:32;Spot;Simple Earn Locked Rewards;BNB;0.00010089;Binance Earn
71732789;27/02/2024 03:00;Spot;Simple Earn Flexible Interest;BTC;0,00 ;Binance Earn
71732789;27/02/2024 03:07;Spot;Simple Earn Flexible Interest;ETH;0.00000104;Binance Earn
71732789;28/02/2024 01:31;Spot;Simple Earn Locked Rewards;MATIC;0.00019751;Binance Earn
71732789;28/02/2024 01:32;Spot;Simple Earn Locked Rewards;BNB;0.00010089;Binance Earn
71732789;28/02/2024 03:01;Spot;Simple Earn Flexible Interest;BTC;0,00 ;Binance Earn
71732789;28/02/2024 03:12;Spot;Simple Earn Flexible Interest;ETH;0.00000104;Binance Earn
71732789;29/02/2024 00:48;Spot;Launchpool Earnings Withdrawal;PORTAL;2.53851162;Binance Launchpool
71732789;29/02/2024 01:31;Spot;Simple Earn Locked Rewards;MATIC;0.00019751;Binance Earn
71732789;29/02/2024 01:31;Spot;Simple Earn Locked Rewards;BNB;0.00010089;Binance Earn
71732789;29/02/2024 03:05;Spot;Simple Earn Flexible Interest;BTC;0,00 ;Binance Earn
71732789;29/02/2024 03:09;Spot;Simple Earn Flexible Interest;ETH;0.00000104;Binance Earn
71732789;01/03/2024 01:30;Spot;Simple Earn Locked Rewards;MATIC;0.00019751;Binance Earn
71732789;01/03/2024 01:31;Spot;Simple Earn Locked Rewards;BNB;0.00010089;Binance Earn
71732789;01/03/2024 03:02;Spot;Simple Earn Flexible Interest;BTC;0,00 ;Binance Earn
71732789;01/03/2024 03:07;Spot;Simple Earn Flexible Interest;ETH;0.00000104;Binance Earn
71732789;02/03/2024 01:30;Spot;Simple Earn Locked Rewards;MATIC;0.00019751;Binance Earn
71732789;02/03/2024 01:31;Spot;Simple Earn Locked Rewards;BNB;0.00010089;Binance Earn
71732789;02/03/2024 03:06;Spot;Simple Earn Flexible Interest;ETH;0.00000104;Binance Earn
71732789;02/03/2024 03:08;Spot;Simple Earn Flexible Interest;BTC;0,00 ;Binance Earn
71732789;03/03/2024 01:31;Spot;Simple Earn Locked Rewards;MATIC;0.00019751;Binance Earn
71732789;03/03/2024 01:32;Spot;Simple Earn Locked Rewards;BNB;0.00010089;Binance Earn
71732789;03/03/2024 03:06;Spot;Simple Earn Flexible Interest;ETH;0.00000104;Binance Earn
71732789;03/03/2024 03:08;Spot;Simple Earn Flexible Interest;BTC;0,00 ;Binance Earn
71732789;04/03/2024 01:30;Spot;Simple Earn Locked Rewards;MATIC;0.00019751;Binance Earn
71732789;04/03/2024 01:31;Spot;Simple Earn Locked Rewards;BNB;0.00010089;Binance Earn
71732789;04/03/2024 04:02;Spot;Simple Earn Flexible Interest;BTC;0,00 ;Binance Earn
71732789;04/03/2024 04:11;Spot;Simple Earn Flexible Interest;ETH;0.00000104;Binance Earn
71732789;05/03/2024 01:31;Spot;Simple Earn Locked Rewards;MATIC;0.00019751;Binance Earn
71732789;05/03/2024 01:32;Spot;Simple Earn Locked Rewards;BNB;0.00010089;Binance Earn
71732789;05/03/2024 03:07;Spot;Simple Earn Flexible Interest;ETH;0.00000104;Binance Earn
71732789;05/03/2024 03:13;Spot;Simple Earn Flexible Interest;BTC;0,00 ;Binance Earn
71732789;06/03/2024 01:40;Spot;Simple Earn Locked Rewards;MATIC;0.00019751;Binance Earn
71732789;06/03/2024 01:41;Spot;Simple Earn Locked Rewards;BNB;0.00010089;Binance Earn
71732789;06/03/2024 03:03;Spot;Simple Earn Flexible Interest;BTC;0,00 ;Binance Earn
71732789;06/03/2024 03:07;Spot;Simple Earn Flexible Interest;ETH;0.00000104;Binance Earn
71732789;07/03/2024 01:30;Spot;Simple Earn Locked Rewards;MATIC;0.00019751;Binance Earn
71732789;07/03/2024 01:31;Spot;Simple Earn Locked Rewards;BNB;0.00010089;Binance Earn
71732789;07/03/2024 03:04;Spot;Simple Earn Flexible Interest;ETH;0.00000104;Binance Earn
71732789;07/03/2024 03:10;Spot;Simple Earn Flexible Interest;BTC;0,00 ;Binance Earn
71732789;07/03/2024 20:59;Spot;Simple Earn Flexible Redemption;ETH;0.15236996;Binance Earn
71732789;07/03/2024 20:59;Spot;Simple Earn Flexible Redemption;BTC;0.00631344;Binance Earn
71732789;08/03/2024 01:40;Spot;Simple Earn Locked Rewards;MATIC;0.00019751;Binance Earn
71732789;08/03/2024 01:41;Spot;Simple Earn Locked Rewards;BNB;0.00010089;Binance Earn
71732789;09/03/2024 01:40;Spot;Simple Earn Locked Rewards;MATIC;0.00019751;Binance Earn
71732789;09/03/2024 01:41;Spot;Simple Earn Locked Rewards;BNB;0.00010089;Binance Earn
71732789;10/03/2024 01:40;Spot;Simple Earn Locked Rewards;MATIC;0.00019751;Binance Earn
71732789;10/03/2024 01:41;Spot;Simple Earn Locked Rewards;BNB;0.00010089;Binance Earn
71732789;11/03/2024 01:40;Spot;Simple Earn Locked Rewards;MATIC;0.00019751;Binance Earn
71732789;11/03/2024 01:41;Spot;Simple Earn Locked Rewards;BNB;0.00010089;Binance Earn
71732789;11/03/2024 07:12;Spot;Transaction Revenue;USDT;441.70000000;
71732789;11/03/2024 07:12;Spot;Transaction Sold;BTC;-0.00631000;
71732789;11/03/2024 07:12;Spot;Transaction Fee;BNB;-0.00063231;
71732789;11/03/2024 07:40;Spot;Transaction Sold;ETH;-0.15230000;
71732789;11/03/2024 07:40;Spot;Transaction Fee;BNB;-0.00086012;
71732789;11/03/2024 07:40;Spot;Transaction Revenue;USDT;609.20000000;
71732789;11/03/2024 10:50;Spot;Binance Convert;USDT;-150.00000000;
71732789;11/03/2024 10:50;Spot;Binance Convert;MATIC;122.06875840;
71732789;12/03/2024 01:41;Spot;Simple Earn Locked Rewards;MATIC;0.00019751;Binance Earn
71732789;12/03/2024 01:42;Spot;Simple Earn Locked Rewards;BNB;0.00010089;Binance Earn
71732789;13/03/2024 00:30;Spot;Launchpool Airdrop;AEVO;2.20271703;
71732789;13/03/2024 01:41;Spot;Simple Earn Locked Rewards;MATIC;0.00019751;Binance Earn
71732789;13/03/2024 01:42;Spot;Simple Earn Locked Rewards;BNB;0.00010089;Binance Earn
71732789;13/03/2024 09:27;Spot;Binance Convert;USDT;-500.00000000;
71732789;13/03/2024 09:27;Spot;Binance Convert;BNB;0.87016483;
71732789;13/03/2024 11:03;Spot;Buy Crypto With Fiat;USDT;861.33363011;Ref - N014643682810007070720313
71732789;13/03/2024 19:42;Spot;Binance Convert;USDT;-200.00000000;
71732789;13/03/2024 19:42;Spot;Binance Convert;ADA;265.42485696;
71732789;13/03/2024 19:43;Spot;Launchpool Subscription/Redemption;BNB;-0.87070000;Binance Launchpool
71732789;13/03/2024 19:46;Spot;Binance Convert;USDT;-300.00000000;
71732789;13/03/2024 19:46;Spot;Binance Convert;SXP;544.66683654;
71732789;13/03/2024 19:47;Spot;Simple Earn Flexible Subscription;SXP;-561.29024468;Binance Earn
71732789;14/03/2024 03:41;Spot;Simple Earn Locked Rewards;MATIC;0.00019751;Binance Earn
71732789;14/03/2024 03:42;Spot;Simple Earn Locked Rewards;BNB;0.00010089;Binance Earn
71732789;14/03/2024 20:09;Spot;Binance Convert;ETH;0.13052393;
71732789;14/03/2024 20:09;Spot;Binance Convert;USDT;-500.00000000;
71732789;15/03/2024 01:41;Spot;Simple Earn Locked Rewards;MATIC;0.00019751;Binance Earn
71732789;15/03/2024 01:42;Spot;Simple Earn Locked Rewards;BNB;0.00010089;Binance Earn
71732789;15/03/2024 05:44;Spot;Binance Convert;USDT;-262.32138731;
71732789;15/03/2024 05:44;Spot;Binance Convert;BTC;0.00387579;
71732789;15/03/2024 09:11;Spot;Binance Convert;ETH;0.01394596;
71732789;15/03/2024 09:11;Spot;Binance Convert;EUR;-46.20902719;
71732789;15/03/2024 14:40;Spot;Simple Earn Flexible Subscription;ETH;-0.14455545;Binance Earn
71732789;15/03/2024 14:41;Spot;Simple Earn Flexible Subscription;BTC;-0.00387983;Binance Earn
71732789;15/03/2024 14:42;Spot;Simple Earn Locked Subscription;MATIC;-122.14449766;Binance Earn
71732789;15/03/2024 14:44;Spot;Simple Earn Locked Subscription;ADA;-265.52007056;Binance Earn
71732789;16/03/2024 01:42;Spot;Simple Earn Locked Rewards;MATIC;0.00019751;Binance Earn
71732789;16/03/2024 01:42;Spot;Simple Earn Locked Rewards;BNB;0.00010089;Binance Earn
71732789;17/03/2024 01:42;Spot;Simple Earn Locked Rewards;MATIC;0.01224462;Binance Earn
71732789;17/03/2024 01:43;Spot;Simple Earn Locked Rewards;BNB;0.00010089;Binance Earn
71732789;17/03/2024 01:43;Spot;Simple Earn Locked Rewards;ADA;0.01818546;Binance Earn
71732789;17/03/2024 03:02;Spot;Simple Earn Flexible Interest;ETH;9.9E-7;Binance Earn
71732789;17/03/2024 03:06;Spot;Simple Earn Flexible Interest;BTC;0,00 ;Binance Earn
71732789;18/03/2024 00:29;Spot;Launchpool Subscription/Redemption;BNB;0.87070000;Binance Launchpool
71732789;18/03/2024 00:43;Spot;Launchpool Airdrop;ETHFI;1.77998962;
71732789;18/03/2024 01:41;Spot;Simple Earn Locked Rewards;MATIC;0.01224462;Binance Earn
71732789;18/03/2024 01:42;Spot;Simple Earn Locked Rewards;BNB;0.00010089;Binance Earn
71732789;18/03/2024 01:43;Spot;Simple Earn Locked Rewards;ADA;0.01818546;Binance Earn
71732789;18/03/2024 03:02;Spot;Simple Earn Flexible Interest;BTC;0,00 ;Binance Earn
71732789;18/03/2024 03:03;Spot;Simple Earn Flexible Interest;ETH;9.9E-7;Binance Earn
71732789;19/03/2024 01:42;Spot;Simple Earn Locked Rewards;MATIC;0.01224462;Binance Earn
71732789;19/03/2024 01:42;Spot;Simple Earn Locked Rewards;BNB;0.00010089;Binance Earn
71732789;19/03/2024 01:43;Spot;Simple Earn Locked Rewards;ADA;0.01818546;Binance Earn
71732789;19/03/2024 03:03;Spot;Simple Earn Flexible Interest;ETH;9.9E-7;Binance Earn
71732789;19/03/2024 03:04;Spot;Simple Earn Flexible Interest;BTC;0,00 ;Binance Earn
71732789;20/03/2024 01:41;Spot;Simple Earn Locked Rewards;MATIC;0.01224462;Binance Earn
71732789;20/03/2024 01:42;Spot;Simple Earn Locked Rewards;BNB;0.00010089;Binance Earn
71732789;20/03/2024 01:42;Spot;Simple Earn Locked Rewards;ADA;0.01818546;Binance Earn
71732789;20/03/2024 03:04;Spot;Simple Earn Flexible Interest;BTC;0,00 ;Binance Earn
71732789;20/03/2024 03:07;Spot;Simple Earn Flexible Interest;ETH;9.9E-7;Binance Earn
71732789;21/03/2024 02:01;Spot;Simple Earn Locked Rewards;MATIC;0.01224462;Binance Earn
71732789;21/03/2024 02:02;Spot;Simple Earn Locked Rewards;BNB;0.00010089;Binance Earn
71732789;21/03/2024 02:02;Spot;Simple Earn Locked Rewards;ADA;0.01818546;Binance Earn
71732789;21/03/2024 03:02;Spot;Simple Earn Flexible Interest;BTC;0,00 ;Binance Earn
71732789;21/03/2024 03:03;Spot;Simple Earn Flexible Interest;ETH;9.9E-7;Binance Earn
71732789;22/03/2024 01:42;Spot;Simple Earn Locked Rewards;MATIC;0.01224462;Binance Earn
71732789;22/03/2024 01:43;Spot;Simple Earn Locked Rewards;BNB;0.00010089;Binance Earn
71732789;22/03/2024 01:43;Spot;Simple Earn Locked Rewards;ADA;0.01818546;Binance Earn
71732789;22/03/2024 03:02;Spot;Simple Earn Flexible Interest;BTC;0,00 ;Binance Earn
71732789;22/03/2024 03:03;Spot;Simple Earn Flexible Interest;ETH;9.9E-7;Binance Earn
71732789;23/03/2024 03:00;Spot;Simple Earn Flexible Interest;BTC;0,00 ;Binance Earn
71732789;23/03/2024 03:00;Spot;Simple Earn Flexible Interest;ETH;9.9E-7;Binance Earn
71732789;23/03/2024 04:49;Spot;Simple Earn Locked Rewards;MATIC;0.01224462;Binance Earn
71732789;23/03/2024 04:50;Spot;Simple Earn Locked Rewards;BNB;0.00010089;Binance Earn
71732789;23/03/2024 04:50;Spot;Simple Earn Locked Rewards;ADA;0.01818546;Binance Earn
71732789;24/03/2024 01:42;Spot;Simple Earn Locked Rewards;MATIC;0.01224462;Binance Earn
71732789;24/03/2024 01:43;Spot;Simple Earn Locked Rewards;BNB;0.00010089;Binance Earn
71732789;24/03/2024 01:43;Spot;Simple Earn Locked Rewards;ADA;0.01818546;Binance Earn
71732789;24/03/2024 03:00;Spot;Simple Earn Flexible Interest;BTC;0,00 ;Binance Earn
71732789;24/03/2024 03:03;Spot;Simple Earn Flexible Interest;ETH;9.9E-7;Binance Earn
71732789;25/03/2024 01:42;Spot;Simple Earn Locked Rewards;MATIC;0.01224462;Binance Earn
71732789;25/03/2024 01:43;Spot;Simple Earn Locked Rewards;BNB;0.00010089;Binance Earn
71732789;25/03/2024 01:43;Spot;Simple Earn Locked Rewards;ADA;0.01818546;Binance Earn
71732789;25/03/2024 03:06;Spot;Simple Earn Flexible Interest;BTC;0,00 ;Binance Earn
71732789;25/03/2024 03:06;Spot;Simple Earn Flexible Interest;ETH;9.9E-7;Binance Earn
71732789;26/03/2024 01:44;Spot;Simple Earn Locked Rewards;MATIC;0.01224462;Binance Earn
71732789;26/03/2024 01:45;Spot;Simple Earn Locked Rewards;BNB;0.00007206;Binance Earn
71732789;26/03/2024 01:45;Spot;Simple Earn Locked Rewards;ADA;0.01818546;Binance Earn
71732789;26/03/2024 03:03;Spot;Simple Earn Flexible Interest;ETH;9.9E-7;Binance Earn
71732789;26/03/2024 03:06;Spot;Simple Earn Flexible Interest;BTC;0,00 ;Binance Earn
71732789;27/03/2024 01:41;Spot;Simple Earn Locked Rewards;MATIC;0.01224462;Binance Earn
71732789;27/03/2024 01:42;Spot;Simple Earn Locked Rewards;BNB;0.00007206;Binance Earn
71732789;27/03/2024 01:42;Spot;Simple Earn Locked Rewards;ADA;0.01818546;Binance Earn
71732789;27/03/2024 03:00;Spot;Simple Earn Flexible Interest;BTC;0,00 ;Binance Earn
71732789;27/03/2024 03:05;Spot;Simple Earn Flexible Interest;ETH;9.9E-7;Binance Earn
71732789;28/03/2024 01:41;Spot;Simple Earn Locked Rewards;MATIC;0.01224462;Binance Earn
71732789;28/03/2024 01:42;Spot;Simple Earn Locked Rewards;BNB;0.00007206;Binance Earn
71732789;28/03/2024 01:42;Spot;Simple Earn Locked Rewards;ADA;0.01818546;Binance Earn
71732789;28/03/2024 03:04;Spot;Simple Earn Flexible Interest;ETH;9.9E-7;Binance Earn
71732789;28/03/2024 03:06;Spot;Simple Earn Flexible Interest;BTC;0,00 ;Binance Earn
71732789;29/03/2024 01:41;Spot;Simple Earn Locked Rewards;MATIC;0.01224462;Binance Earn
71732789;29/03/2024 01:42;Spot;Simple Earn Locked Rewards;BNB;0.00007206;Binance Earn
71732789;29/03/2024 01:42;Spot;Simple Earn Locked Rewards;ADA;0.01818546;Binance Earn
71732789;29/03/2024 03:01;Spot;Simple Earn Flexible Interest;ETH;9.9E-7;Binance Earn
71732789;29/03/2024 03:01;Spot;Simple Earn Flexible Interest;BTC;0,00 ;Binance Earn
71732789;29/03/2024 21:00;Spot;Launchpool Subscription/Redemption;BNB;-0.87220000;Binance Launchpool
71732789;30/03/2024 01:41;Spot;Simple Earn Locked Rewards;MATIC;0.01224462;Binance Earn
71732789;30/03/2024 01:42;Spot;Simple Earn Locked Rewards;BNB;0.00007206;Binance Earn
71732789;30/03/2024 01:42;Spot;Simple Earn Locked Rewards;ADA;0.01818546;Binance Earn
71732789;30/03/2024 03:03;Spot;Simple Earn Flexible Interest;BTC;0,00 ;Binance Earn
71732789;30/03/2024 03:04;Spot;Simple Earn Flexible Interest;ETH;9.9E-7;Binance Earn
71732789;31/03/2024 01:41;Spot;Simple Earn Locked Rewards;MATIC;0.01224462;Binance Earn
71732789;31/03/2024 01:42;Spot;Simple Earn Locked Rewards;BNB;0.00007206;Binance Earn
71732789;31/03/2024 01:42;Spot;Simple Earn Locked Rewards;ADA;0.01818546;Binance Earn
71732789;31/03/2024 03:03;Spot;Simple Earn Flexible Interest;ETH;9.9E-7;Binance Earn
71732789;31/03/2024 03:03;Spot;Simple Earn Flexible Interest;BTC;0,00 ;Binance Earn
71732789;01/04/2024 01:40;Spot;Simple Earn Locked Rewards;MATIC;0.01224462;Binance Earn
71732789;01/04/2024 01:41;Spot;Simple Earn Locked Rewards;BNB;0.00007206;Binance Earn
71732789;01/04/2024 01:41;Spot;Simple Earn Locked Rewards;ADA;0.01818546;Binance Earn
71732789;01/04/2024 03:03;Spot;Simple Earn Flexible Interest;BTC;0,00 ;Binance Earn
71732789;01/04/2024 03:06;Spot;Simple Earn Flexible Interest;ETH;9.9E-7;Binance Earn
71732789;02/04/2024 00:29;Spot;Launchpool Subscription/Redemption;BNB;0.87220000;Binance Launchpool
71732789;02/04/2024 00:32;Spot;Launchpool Airdrop;ENA;26.05030790;
71732789;02/04/2024 01:41;Spot;Simple Earn Locked Rewards;MATIC;0.01224462;Binance Earn
71732789;02/04/2024 01:41;Spot;Simple Earn Locked Rewards;BNB;0.00007206;Binance Earn
71732789;02/04/2024 01:42;Spot;Simple Earn Locked Rewards;ADA;0.01818546;Binance Earn
71732789;02/04/2024 03:03;Spot;Simple Earn Flexible Interest;ETH;9.9E-7;Binance Earn
71732789;02/04/2024 03:06;Spot;Simple Earn Flexible Interest;BTC;0,00 ;Binance Earn
71732789;03/04/2024 01:31;Spot;Simple Earn Locked Rewards;MATIC;0.01224462;Binance Earn
71732789;03/04/2024 01:32;Spot;Simple Earn Locked Rewards;BNB;0.00007206;Binance Earn
71732789;03/04/2024 01:32;Spot;Simple Earn Locked Rewards;ADA;0.01818546;Binance Earn
71732789;03/04/2024 03:04;Spot;Simple Earn Flexible Interest;ETH;9.9E-7;Binance Earn
71732789;03/04/2024 03:05;Spot;Simple Earn Flexible Interest;BTC;0,00 ;Binance Earn
71732789;04/04/2024 01:30;Spot;Simple Earn Locked Rewards;MATIC;0.01224462;Binance Earn
71732789;04/04/2024 01:31;Spot;Simple Earn Locked Rewards;BNB;0.00007206;Binance Earn
71732789;04/04/2024 01:31;Spot;Simple Earn Locked Rewards;ADA;0.01818546;Binance Earn
71732789;04/04/2024 03:03;Spot;Simple Earn Flexible Interest;ETH;9.9E-7;Binance Earn
71732789;04/04/2024 03:07;Spot;Simple Earn Flexible Interest;BTC;0,00 ;Binance Earn
71732789;04/04/2024 09:03;Spot;Binance Convert;ENA;-26.05030790;
71732789;04/04/2024 09:03;Spot;Binance Convert;USDT;25.12201488;
71732789;04/04/2024 09:45;Spot;Launchpool Subscription/Redemption;BNB;-0.87270000;Binance Launchpool
71732789;04/04/2024 09:47;Spot;Binance Convert;FDUSD;24.97576125;
71732789;04/04/2024 09:47;Spot;Binance Convert;USDT;-25.12201488;
71732789;04/04/2024 09:47;Spot;Launchpool Subscription/Redemption;FDUSD;-25.11270000;Binance Launchpool
71732789;05/04/2024 01:41;Spot;Simple Earn Locked Rewards;MATIC;0.01224462;Binance Earn
71732789;05/04/2024 01:42;Spot;Simple Earn Locked Rewards;BNB;0.00007206;Binance Earn
71732789;05/04/2024 01:43;Spot;Simple Earn Locked Rewards;ADA;0.01818546;Binance Earn
71732789;05/04/2024 03:04;Spot;Simple Earn Flexible Interest;ETH;9.9E-7;Binance Earn
71732789;05/04/2024 03:06;Spot;Simple Earn Flexible Interest;BTC;0,00 ;Binance Earn
71732789;06/04/2024 01:42;Spot;Simple Earn Locked Rewards;MATIC;0.01224462;Binance Earn
71732789;06/04/2024 01:43;Spot;Simple Earn Locked Rewards;BNB;0.00007206;Binance Earn
71732789;06/04/2024 01:43;Spot;Simple Earn Locked Rewards;ADA;0.01818546;Binance Earn
71732789;06/04/2024 03:01;Spot;Simple Earn Flexible Interest;BTC;0,00 ;Binance Earn
71732789;06/04/2024 03:04;Spot;Simple Earn Flexible Interest;ETH;9.9E-7;Binance Earn
71732789;07/04/2024 01:42;Spot;Simple Earn Locked Rewards;MATIC;0.01224462;Binance Earn
71732789;07/04/2024 01:42;Spot;Simple Earn Locked Rewards;BNB;0.00007206;Binance Earn
71732789;07/04/2024 01:43;Spot;Simple Earn Locked Rewards;ADA;0.01818546;Binance Earn
71732789;07/04/2024 03:00;Spot;Simple Earn Flexible Interest;BTC;0,00 ;Binance Earn
71732789;07/04/2024 03:01;Spot;Simple Earn Flexible Interest;ETH;9.9E-7;Binance Earn
71732789;08/04/2024 01:41;Spot;Simple Earn Locked Rewards;MATIC;0.01224462;Binance Earn
71732789;08/04/2024 01:42;Spot;Simple Earn Locked Rewards;BNB;0.00007206;Binance Earn
71732789;08/04/2024 01:43;Spot;Simple Earn Locked Rewards;ADA;0.01818546;Binance Earn
71732789;08/04/2024 03:04;Spot;Simple Earn Flexible Interest;BTC;0,00 ;Binance Earn
71732789;08/04/2024 03:05;Spot;Simple Earn Flexible Interest;ETH;9.9E-7;Binance Earn
71732789;09/04/2024 00:06;Spot;Launchpool Subscription/Redemption;FDUSD;25.11270000;Binance Launchpool
71732789;09/04/2024 00:06;Spot;Launchpool Airdrop;SAGA;0.08387718;
71732789;09/04/2024 00:28;Spot;Launchpool Subscription/Redemption;BNB;0.87270000;Binance Launchpool
71732789;09/04/2024 00:30;Spot;Launchpool Airdrop;SAGA;3.86667164;
71732789;09/04/2024 01:42;Spot;Simple Earn Locked Rewards;MATIC;0.01224462;Binance Earn
71732789;09/04/2024 01:43;Spot;Simple Earn Locked Rewards;BNB;0.00007206;Binance Earn
71732789;09/04/2024 01:43;Spot;Simple Earn Locked Rewards;ADA;0.01818546;Binance Earn
71732789;09/04/2024 03:02;Spot;Simple Earn Flexible Interest;ETH;9.9E-7;Binance Earn
71732789;09/04/2024 03:03;Spot;Simple Earn Flexible Interest;BTC;0,00 ;Binance Earn
71732789;10/04/2024 01:41;Spot;Simple Earn Locked Rewards;MATIC;0.01224462;Binance Earn
71732789;10/04/2024 01:42;Spot;Simple Earn Locked Rewards;BNB;0.00007206;Binance Earn
71732789;10/04/2024 01:42;Spot;Simple Earn Locked Rewards;ADA;0.01818546;Binance Earn
71732789;10/04/2024 03:03;Spot;Simple Earn Flexible Interest;BTC;0,00 ;Binance Earn
71732789;10/04/2024 03:06;Spot;Simple Earn Flexible Interest;ETH;9.9E-7;Binance Earn
71732789;11/04/2024 01:41;Spot;Simple Earn Locked Rewards;MATIC;0.01224462;Binance Earn
71732789;11/04/2024 01:42;Spot;Simple Earn Locked Rewards;BNB;0.00007206;Binance Earn
71732789;11/04/2024 01:42;Spot;Simple Earn Locked Rewards;ADA;0.01818546;Binance Earn
71732789;11/04/2024 03:03;Spot;Simple Earn Flexible Interest;ETH;9.9E-7;Binance Earn
71732789;11/04/2024 03:05;Spot;Simple Earn Flexible Interest;BTC;0,00 ;Binance Earn
71732789;11/04/2024 14:43;Spot;Binance Convert;SAGA;-3.95054882;
71732789;11/04/2024 14:43;Spot;Binance Convert;MEME;501.94773816;
71732789;12/04/2024 01:41;Spot;Simple Earn Locked Rewards;MATIC;0.01224462;Binance Earn
71732789;12/04/2024 01:42;Spot;Simple Earn Locked Rewards;BNB;0.00007206;Binance Earn
71732789;12/04/2024 01:42;Spot;Simple Earn Locked Rewards;ADA;0.01818546;Binance Earn
71732789;12/04/2024 03:04;Spot;Simple Earn Flexible Interest;BTC;0,00 ;Binance Earn
71732789;12/04/2024 03:07;Spot;Simple Earn Flexible Interest;ETH;9.9E-7;Binance Earn
71732789;12/04/2024 13:33;Spot;Launchpool Subscription/Redemption;BNB;-0.87320000;Binance Launchpool
71732789;12/04/2024 13:33;Spot;Launchpool Subscription/Redemption;FDUSD;-25.11270000;Binance Launchpool
71732789;13/04/2024 01:41;Spot;Simple Earn Locked Rewards;MATIC;0.01224462;Binance Earn
71732789;13/04/2024 01:42;Spot;Simple Earn Locked Rewards;BNB;0.00007206;Binance Earn
71732789;13/04/2024 01:42;Spot;Simple Earn Locked Rewards;ADA;0.01818546;Binance Earn
71732789;13/04/2024 03:04;Spot;Simple Earn Flexible Interest;BTC;0,00 ;Binance Earn
71732789;13/04/2024 03:06;Spot;Simple Earn Flexible Interest;ETH;9.9E-7;Binance Earn
71732789;14/04/2024 01:41;Spot;Simple Earn Locked Rewards;MATIC;0.01224462;Binance Earn
71732789;14/04/2024 01:42;Spot;Simple Earn Locked Rewards;BNB;0.00007206;Binance Earn
71732789;14/04/2024 01:42;Spot;Simple Earn Locked Rewards;ADA;0.01818546;Binance Earn
71732789;14/04/2024 03:01;Spot;Simple Earn Flexible Interest;ETH;9.9E-7;Binance Earn
71732789;14/04/2024 03:06;Spot;Simple Earn Flexible Interest;BTC;0,00 ;Binance Earn
71732789;15/04/2024 01:31;Spot;Simple Earn Locked Rewards;MATIC;0.01224462;Binance Earn
71732789;15/04/2024 01:32;Spot;Simple Earn Locked Rewards;BNB;0.00007206;Binance Earn
71732789;15/04/2024 01:32;Spot;Simple Earn Locked Rewards;ADA;0.01818546;Binance Earn
71732789;15/04/2024 03:01;Spot;Simple Earn Flexible Interest;BTC;0,00 ;Binance Earn
71732789;15/04/2024 03:02;Spot;Simple Earn Flexible Interest;ETH;9.9E-7;Binance Earn
71732789;16/04/2024 01:42;Spot;Simple Earn Locked Rewards;MATIC;0.01224462;Binance Earn
71732789;16/04/2024 01:42;Spot;Simple Earn Locked Rewards;BNB;0.00007206;Binance Earn
71732789;16/04/2024 01:43;Spot;Simple Earn Locked Rewards;ADA;0.01818546;Binance Earn
71732789;16/04/2024 03:04;Spot;Simple Earn Flexible Interest;BTC;0,00 ;Binance Earn
71732789;16/04/2024 03:05;Spot;Simple Earn Flexible Interest;ETH;9.9E-7;Binance Earn
71732789;17/04/2024 00:07;Spot;Launchpool Subscription/Redemption;FDUSD;25.11270000;Binance Launchpool
71732789;17/04/2024 00:09;Spot;Launchpool Airdrop;OMNI;0.00424454;
71732789;17/04/2024 00:30;Spot;Launchpool Subscription/Redemption;BNB;0.87320000;Binance Launchpool
71732789;17/04/2024 00:41;Spot;Launchpool Airdrop;OMNI;0.31064843;
71732789;17/04/2024 01:42;Spot;Simple Earn Locked Rewards;MATIC;0.01224462;Binance Earn
71732789;17/04/2024 01:42;Spot;Simple Earn Locked Rewards;BNB;0.00007206;Binance Earn
71732789;17/04/2024 01:43;Spot;Simple Earn Locked Rewards;ADA;0.01818546;Binance Earn
71732789;17/04/2024 03:00;Spot;Simple Earn Flexible Interest;ETH;9.9E-7;Binance Earn
71732789;17/04/2024 03:03;Spot;Simple Earn Flexible Interest;BTC;0,00 ;Binance Earn
71732789;18/04/2024 01:42;Spot;Simple Earn Locked Rewards;MATIC;0.01224462;Binance Earn
71732789;18/04/2024 01:43;Spot;Simple Earn Locked Rewards;BNB;0.00007206;Binance Earn
71732789;18/04/2024 01:43;Spot;Simple Earn Locked Rewards;ADA;0.01818546;Binance Earn
71732789;18/04/2024 03:05;Spot;Simple Earn Flexible Interest;BTC;0,00 ;Binance Earn
71732789;18/04/2024 03:05;Spot;Simple Earn Flexible Interest;ETH;9.9E-7;Binance Earn
71732789;19/04/2024 01:42;Spot;Simple Earn Locked Rewards;MATIC;0.01224462;Binance Earn
71732789;19/04/2024 01:43;Spot;Simple Earn Locked Rewards;BNB;0.00004871;Binance Earn
71732789;19/04/2024 01:43;Spot;Simple Earn Locked Rewards;ADA;0.01818546;Binance Earn
71732789;19/04/2024 03:06;Spot;Simple Earn Flexible Interest;BTC;0,00 ;Binance Earn
71732789;19/04/2024 03:06;Spot;Simple Earn Flexible Interest;ETH;9.9E-7;Binance Earn
71732789;20/04/2024 01:42;Spot;Simple Earn Locked Rewards;MATIC;0.01224462;Binance Earn
71732789;20/04/2024 01:43;Spot;Simple Earn Locked Rewards;BNB;0.00004871;Binance Earn
71732789;20/04/2024 01:43;Spot;Simple Earn Locked Rewards;ADA;0.01818546;Binance Earn
71732789;20/04/2024 03:05;Spot;Simple Earn Flexible Interest;ETH;9.9E-7;Binance Earn
71732789;20/04/2024 03:06;Spot;Simple Earn Flexible Interest;BTC;0,00 ;Binance Earn
71732789;21/04/2024 01:42;Spot;Simple Earn Locked Rewards;MATIC;0.01224462;Binance Earn
71732789;21/04/2024 01:43;Spot;Simple Earn Locked Rewards;BNB;0.00004871;Binance Earn
71732789;21/04/2024 01:43;Spot;Simple Earn Locked Rewards;ADA;0.01818546;Binance Earn
71732789;21/04/2024 03:03;Spot;Simple Earn Flexible Interest;ETH;9.9E-7;Binance Earn
71732789;21/04/2024 03:03;Spot;Simple Earn Flexible Interest;BTC;0,00 ;Binance Earn
71732789;22/04/2024 01:42;Spot;Simple Earn Locked Rewards;MATIC;0.01224462;Binance Earn
71732789;22/04/2024 01:43;Spot;Simple Earn Locked Rewards;BNB;0.00004871;Binance Earn
71732789;22/04/2024 01:43;Spot;Simple Earn Locked Rewards;ADA;0.01818546;Binance Earn
71732789;22/04/2024 03:01;Spot;Simple Earn Flexible Interest;BTC;0,00 ;Binance Earn
71732789;22/04/2024 03:03;Spot;Simple Earn Flexible Interest;ETH;9.9E-7;Binance Earn
71732789;23/04/2024 01:42;Spot;Simple Earn Locked Rewards;MATIC;0.01224462;Binance Earn
71732789;23/04/2024 01:43;Spot;Simple Earn Locked Rewards;BNB;0.00004871;Binance Earn
71732789;23/04/2024 01:43;Spot;Simple Earn Locked Rewards;ADA;0.01818546;Binance Earn
71732789;23/04/2024 03:00;Spot;Simple Earn Flexible Interest;BTC;0,00 ;Binance Earn
71732789;23/04/2024 03:06;Spot;Simple Earn Flexible Interest;ETH;9.9E-7;Binance Earn
71732789;23/04/2024 18:22;Spot;Launchpool Subscription/Redemption;BNB;-0.87390000;Binance Launchpool
71732789;23/04/2024 18:22;Spot;Launchpool Subscription/Redemption;FDUSD;-25.11270000;Binance Launchpool
71732789;24/04/2024 01:43;Spot;Simple Earn Locked Rewards;MATIC;0.01224462;Binance Earn
71732789;24/04/2024 01:44;Spot;Simple Earn Locked Rewards;BNB;0.00004871;Binance Earn
71732789;24/04/2024 01:44;Spot;Simple Earn Locked Rewards;ADA;0.01818546;Binance Earn
71732789;24/04/2024 03:01;Spot;Simple Earn Flexible Interest;BTC;0,00 ;Binance Earn
71732789;24/04/2024 03:05;Spot;Simple Earn Flexible Interest;ETH;9.9E-7;Binance Earn
71732789;25/04/2024 01:42;Spot;Simple Earn Locked Rewards;MATIC;0.01224462;Binance Earn
71732789;25/04/2024 01:43;Spot;Simple Earn Locked Rewards;BNB;0.00004871;Binance Earn
71732789;25/04/2024 01:43;Spot;Simple Earn Locked Rewards;ADA;0.01818546;Binance Earn
71732789;25/04/2024 03:00;Spot;Simple Earn Flexible Interest;BTC;0,00 ;Binance Earn
71732789;25/04/2024 03:03;Spot;Simple Earn Flexible Interest;ETH;9.9E-7;Binance Earn
71732789;26/04/2024 01:31;Spot;Simple Earn Locked Rewards;MATIC;0.01224462;Binance Earn
71732789;26/04/2024 01:32;Spot;Simple Earn Locked Rewards;BNB;0.00004871;Binance Earn
71732789;26/04/2024 01:33;Spot;Simple Earn Locked Rewards;ADA;0.01818546;Binance Earn
71732789;26/04/2024 07:21;Spot;Simple Earn Flexible Interest;ETH;9.9E-7;Binance Earn
71732789;26/04/2024 07:25;Spot;Simple Earn Flexible Interest;BTC;0,00 ;Binance Earn
71732789;27/04/2024 01:41;Spot;Simple Earn Locked Rewards;MATIC;0.01224462;Binance Earn
71732789;27/04/2024 01:42;Spot;Simple Earn Locked Rewards;BNB;0.00004871;Binance Earn
71732789;27/04/2024 01:42;Spot;Simple Earn Locked Rewards;ADA;0.01818546;Binance Earn
71732789;27/04/2024 03:01;Spot;Simple Earn Flexible Interest;BTC;0,00 ;Binance Earn
71732789;27/04/2024 03:05;Spot;Simple Earn Flexible Interest;ETH;9.9E-7;Binance Earn
71732789;28/04/2024 01:42;Spot;Simple Earn Locked Rewards;MATIC;0.01224462;Binance Earn
71732789;28/04/2024 01:43;Spot;Simple Earn Locked Rewards;BNB;0.00004871;Binance Earn
71732789;28/04/2024 01:43;Spot;Simple Earn Locked Rewards;ADA;0.01818546;Binance Earn
71732789;28/04/2024 03:21;Spot;Simple Earn Flexible Interest;ETH;9.9E-7;Binance Earn
71732789;28/04/2024 03:26;Spot;Simple Earn Flexible Interest;BTC;0,00 ;Binance Earn
71732789;29/04/2024 01:41;Spot;Simple Earn Locked Rewards;MATIC;0.01224462;Binance Earn
71732789;29/04/2024 01:42;Spot;Simple Earn Locked Rewards;BNB;0.00004871;Binance Earn
71732789;29/04/2024 01:42;Spot;Simple Earn Locked Rewards;ADA;0.01818546;Binance Earn
71732789;29/04/2024 03:02;Spot;Simple Earn Flexible Interest;BTC;0,00 ;Binance Earn
71732789;29/04/2024 03:03;Spot;Simple Earn Flexible Interest;ETH;9.9E-7;Binance Earn
71732789;30/04/2024 00:07;Spot;Launchpool Subscription/Redemption;FDUSD;25.11270000;Binance Launchpool
71732789;30/04/2024 00:07;Spot;Launchpool Airdrop;REZ;0.27078216;
71732789;30/04/2024 00:29;Spot;Launchpool Subscription/Redemption;BNB;0.87390000;Binance Launchpool
71732789;30/04/2024 00:39;Spot;Launchpool Airdrop;REZ;22.18214234;
71732789;30/04/2024 01:41;Spot;Simple Earn Locked Rewards;MATIC;0.01224462;Binance Earn
71732789;30/04/2024 01:42;Spot;Simple Earn Locked Rewards;BNB;0.00004294;Binance Earn
71732789;30/04/2024 01:42;Spot;Simple Earn Locked Rewards;ADA;0.01818546;Binance Earn
71732789;30/04/2024 03:01;Spot;Simple Earn Flexible Interest;ETH;9.9E-7;Binance Earn
71732789;30/04/2024 03:06;Spot;Simple Earn Flexible Interest;BTC;0,00 ;Binance Earn
71732789;01/05/2024 01:41;Spot;Simple Earn Locked Rewards;MATIC;0.01224462;Binance Earn
71732789;01/05/2024 01:41;Spot;Simple Earn Locked Rewards;BNB;0.00004294;Binance Earn
71732789;01/05/2024 01:42;Spot;Simple Earn Locked Rewards;ADA;0.01818546;Binance Earn
71732789;01/05/2024 04:03;Spot;Simple Earn Flexible Interest;ETH;9.9E-7;Binance Earn
71732789;01/05/2024 04:05;Spot;Simple Earn Flexible Interest;BTC;0,00 ;Binance Earn
71732789;02/05/2024 01:31;Spot;Simple Earn Locked Rewards;MATIC;0.01224462;Binance Earn
71732789;02/05/2024 01:32;Spot;Simple Earn Locked Rewards;BNB;0.00004294;Binance Earn
71732789;02/05/2024 01:32;Spot;Simple Earn Locked Rewards;ADA;0.01818546;Binance Earn
71732789;02/05/2024 03:00;Spot;Simple Earn Flexible Interest;BTC;0,00 ;Binance Earn
71732789;02/05/2024 03:06;Spot;Simple Earn Flexible Interest;ETH;9.9E-7;Binance Earn
71732789;03/05/2024 01:30;Spot;Simple Earn Locked Rewards;MATIC;0.01224462;Binance Earn
71732789;03/05/2024 01:31;Spot;Simple Earn Locked Rewards;BNB;0.00004294;Binance Earn
71732789;03/05/2024 01:31;Spot;Simple Earn Locked Rewards;ADA;0.01818546;Binance Earn
71732789;03/05/2024 03:01;Spot;Simple Earn Flexible Interest;ETH;9.9E-7;Binance Earn
71732789;03/05/2024 03:05;Spot;Simple Earn Flexible Interest;BTC;0,00 ;Binance Earn
71732789;04/05/2024 01:40;Spot;Simple Earn Locked Rewards;MATIC;0.01224462;Binance Earn
71732789;04/05/2024 01:41;Spot;Simple Earn Locked Rewards;BNB;0.00004294;Binance Earn
71732789;04/05/2024 01:41;Spot;Simple Earn Locked Rewards;ADA;0.01818546;Binance Earn
71732789;04/05/2024 03:03;Spot;Simple Earn Flexible Interest;BTC;0,00 ;Binance Earn
71732789;04/05/2024 03:05;Spot;Simple Earn Flexible Interest;ETH;9.9E-7;Binance Earn
71732789;05/05/2024 01:41;Spot;Simple Earn Locked Rewards;MATIC;0.01224462;Binance Earn
71732789;05/05/2024 01:42;Spot;Simple Earn Locked Rewards;BNB;0.00004294;Binance Earn
71732789;05/05/2024 01:42;Spot;Simple Earn Locked Rewards;ADA;0.01818546;Binance Earn
71732789;05/05/2024 03:02;Spot;Simple Earn Flexible Interest;BTC;0,00 ;Binance Earn
71732789;05/05/2024 03:05;Spot;Simple Earn Flexible Interest;ETH;9.9E-7;Binance Earn
71732789;06/05/2024 01:41;Spot;Simple Earn Locked Rewards;MATIC;0.01224462;Binance Earn
71732789;06/05/2024 01:42;Spot;Simple Earn Locked Rewards;BNB;0.00004294;Binance Earn
71732789;06/05/2024 01:42;Spot;Simple Earn Locked Rewards;ADA;0.01818546;Binance Earn
71732789;06/05/2024 03:01;Spot;Simple Earn Flexible Interest;BTC;0,00 ;Binance Earn
71732789;06/05/2024 03:03;Spot;Simple Earn Flexible Interest;ETH;9.9E-7;Binance Earn
71732789;07/05/2024 01:41;Spot;Simple Earn Locked Rewards;MATIC;0.01224462;Binance Earn
71732789;07/05/2024 01:42;Spot;Simple Earn Locked Rewards;BNB;0.00004006;Binance Earn
71732789;07/05/2024 01:42;Spot;Simple Earn Locked Rewards;ADA;0.01818546;Binance Earn
71732789;07/05/2024 03:04;Spot;Simple Earn Flexible Interest;ETH;9.9E-7;Binance Earn
71732789;07/05/2024 03:05;Spot;Simple Earn Flexible Interest;BTC;0,00 ;Binance Earn
71732789;08/05/2024 01:41;Spot;Simple Earn Locked Rewards;MATIC;0.01224462;Binance Earn
71732789;08/05/2024 01:42;Spot;Simple Earn Locked Rewards;BNB;0.00004006;Binance Earn
71732789;08/05/2024 01:42;Spot;Simple Earn Locked Rewards;ADA;0.01818546;Binance Earn
71732789;08/05/2024 03:03;Spot;Simple Earn Flexible Interest;BTC;0,00 ;Binance Earn
71732789;08/05/2024 03:06;Spot;Simple Earn Flexible Interest;ETH;9.9E-7;Binance Earn
71732789;09/05/2024 01:41;Spot;Simple Earn Locked Rewards;MATIC;0.01224462;Binance Earn
71732789;09/05/2024 01:42;Spot;Simple Earn Locked Rewards;BNB;0.00004006;Binance Earn
71732789;09/05/2024 01:42;Spot;Simple Earn Locked Rewards;ADA;0.01818546;Binance Earn
71732789;09/05/2024 03:00;Spot;Simple Earn Flexible Interest;BTC;0,00 ;Binance Earn
71732789;09/05/2024 03:05;Spot;Simple Earn Flexible Interest;ETH;9.9E-7;Binance Earn
71732789;10/05/2024 01:41;Spot;Simple Earn Locked Rewards;MATIC;0.01224462;Binance Earn
71732789;10/05/2024 01:42;Spot;Simple Earn Locked Rewards;BNB;0.00004006;Binance Earn
71732789;10/05/2024 01:42;Spot;Simple Earn Locked Rewards;ADA;0.01818546;Binance Earn
71732789;10/05/2024 03:01;Spot;Simple Earn Flexible Interest;BTC;0,00 ;Binance Earn
71732789;10/05/2024 03:05;Spot;Simple Earn Flexible Interest;ETH;9.9E-7;Binance Earn
71732789;11/05/2024 01:41;Spot;Simple Earn Locked Rewards;MATIC;0.01224462;Binance Earn
71732789;11/05/2024 01:42;Spot;Simple Earn Locked Rewards;BNB;0.00004006;Binance Earn
71732789;11/05/2024 01:42;Spot;Simple Earn Locked Rewards;ADA;0.01818546;Binance Earn
71732789;11/05/2024 03:00;Spot;Simple Earn Flexible Interest;BTC;0,00 ;Binance Earn
71732789;11/05/2024 03:03;Spot;Simple Earn Flexible Interest;ETH;9.9E-7;Binance Earn
71732789;11/05/2024 18:57;Spot;Launchpool Subscription/Redemption;BNB;-0.87470000;Binance Launchpool
71732789;11/05/2024 18:57;Spot;Launchpool Subscription/Redemption;FDUSD;-25.11270000;Binance Launchpool
71732789;12/05/2024 01:32;Spot;Simple Earn Locked Rewards;MATIC;0.01224462;Binance Earn
71732789;12/05/2024 01:33;Spot;Simple Earn Locked Rewards;BNB;0.00004006;Binance Earn
71732789;12/05/2024 01:33;Spot;Simple Earn Locked Rewards;ADA;0.01818546;Binance Earn
71732789;12/05/2024 03:02;Spot;Simple Earn Flexible Interest;ETH;9.9E-7;Binance Earn
71732789;12/05/2024 03:05;Spot;Simple Earn Flexible Interest;BTC;0,00 ;Binance Earn
71732789;13/05/2024 01:52;Spot;Simple Earn Locked Rewards;MATIC;0.01224462;Binance Earn
71732789;13/05/2024 01:53;Spot;Simple Earn Locked Rewards;BNB;0.00004006;Binance Earn
71732789;13/05/2024 01:53;Spot;Simple Earn Locked Rewards;ADA;0.01818546;Binance Earn
71732789;13/05/2024 03:04;Spot;Simple Earn Flexible Interest;BTC;0,00 ;Binance Earn
71732789;13/05/2024 03:04;Spot;Simple Earn Flexible Interest;ETH;9.9E-7;Binance Earn
71732789;13/05/2024 04:56;Spot;Megadrop Rewards;BB;10.82138655;
71732789;14/05/2024 01:52;Spot;Simple Earn Locked Rewards;MATIC;0.01224462;Binance Earn
71732789;14/05/2024 01:53;Spot;Simple Earn Locked Rewards;BNB;0.00004006;Binance Earn
71732789;14/05/2024 01:53;Spot;Simple Earn Locked Rewards;ADA;0.01818546;Binance Earn
71732789;14/05/2024 03:03;Spot;Simple Earn Flexible Interest;ETH;9.9E-7;Binance Earn
71732789;14/05/2024 03:05;Spot;Simple Earn Flexible Interest;BTC;0,00 ;Binance Earn
71732789;15/05/2024 01:41;Spot;Simple Earn Locked Rewards;MATIC;0.01224462;Binance Earn
71732789;15/05/2024 01:42;Spot;Simple Earn Locked Rewards;BNB;0.00004006;Binance Earn
71732789;15/05/2024 01:42;Spot;Simple Earn Locked Rewards;ADA;0.01818546;Binance Earn
71732789;15/05/2024 03:05;Spot;Simple Earn Flexible Interest;BTC;0,00 ;Binance Earn
71732789;15/05/2024 03:05;Spot;Simple Earn Flexible Interest;ETH;9.9E-7;Binance Earn
71732789;16/05/2024 00:08;Spot;Launchpool Airdrop;NOT;4.37000000;
71732789;16/05/2024 00:09;Spot;Launchpool Subscription/Redemption;FDUSD;25.11270000;Binance Launchpool
71732789;16/05/2024 00:30;Spot;Launchpool Subscription/Redemption;BNB;0.87470000;Binance Launchpool
71732789;16/05/2024 00:34;Spot;Launchpool Airdrop;NOT;280.01000000;
71732789;16/05/2024 01:52;Spot;Simple Earn Locked Rewards;MATIC;0.01224462;Binance Earn
71732789;16/05/2024 01:53;Spot;Simple Earn Locked Rewards;BNB;0.00004006;Binance Earn
71732789;16/05/2024 01:53;Spot;Simple Earn Locked Rewards;ADA;0.01818546;Binance Earn
71732789;16/05/2024 03:01;Spot;Simple Earn Flexible Interest;BTC;0,00 ;Binance Earn
71732789;16/05/2024 03:05;Spot;Simple Earn Flexible Interest;ETH;9.9E-7;Binance Earn
71732789;17/05/2024 01:41;Spot;Simple Earn Locked Rewards;MATIC;0.01224462;Binance Earn
71732789;17/05/2024 01:42;Spot;Simple Earn Locked Rewards;BNB;0.00004006;Binance Earn
71732789;17/05/2024 01:42;Spot;Simple Earn Locked Rewards;ADA;0.01818546;Binance Earn
71732789;17/05/2024 03:00;Spot;Simple Earn Flexible Interest;BTC;0,00 ;Binance Earn
71732789;17/05/2024 03:03;Spot;Simple Earn Flexible Interest;ETH;9.9E-7;Binance Earn
71732789;18/05/2024 01:42;Spot;Simple Earn Locked Rewards;MATIC;0.01224462;Binance Earn
71732789;18/05/2024 01:43;Spot;Simple Earn Locked Rewards;BNB;0.00004006;Binance Earn
71732789;18/05/2024 01:43;Spot;Simple Earn Locked Rewards;ADA;0.01738625;Binance Earn
71732789;18/05/2024 03:03;Spot;Simple Earn Flexible Interest;ETH;9.9E-7;Binance Earn
71732789;18/05/2024 03:06;Spot;Simple Earn Flexible Interest;BTC;0,00 ;Binance Earn
71732789;19/05/2024 01:42;Spot;Simple Earn Locked Rewards;MATIC;0.01224462;Binance Earn
71732789;19/05/2024 01:43;Spot;Simple Earn Locked Rewards;BNB;0.00004006;Binance Earn
71732789;19/05/2024 01:43;Spot;Simple Earn Locked Rewards;ADA;0.01738625;Binance Earn
71732789;19/05/2024 03:00;Spot;Simple Earn Flexible Interest;BTC;0,00 ;Binance Earn
71732789;19/05/2024 03:04;Spot;Simple Earn Flexible Interest;ETH;9.9E-7;Binance Earn
71732789;20/05/2024 01:41;Spot;Simple Earn Locked Rewards;MATIC;0.01224462;Binance Earn
71732789;20/05/2024 01:42;Spot;Simple Earn Locked Rewards;BNB;0.00004006;Binance Earn
71732789;20/05/2024 01:42;Spot;Simple Earn Locked Rewards;ADA;0.01738625;Binance Earn
71732789;20/05/2024 03:05;Spot;Simple Earn Flexible Interest;BTC;0,00 ;Binance Earn
71732789;20/05/2024 03:06;Spot;Simple Earn Flexible Interest;ETH;9.9E-7;Binance Earn
71732789;21/05/2024 01:41;Spot;Simple Earn Locked Rewards;MATIC;0.01224462;Binance Earn
71732789;21/05/2024 01:42;Spot;Simple Earn Locked Rewards;BNB;0.00004006;Binance Earn
71732789;21/05/2024 01:42;Spot;Simple Earn Locked Rewards;ADA;0.01738625;Binance Earn
71732789;21/05/2024 03:04;Spot;Simple Earn Flexible Interest;ETH;9.9E-7;Binance Earn
71732789;21/05/2024 03:06;Spot;Simple Earn Flexible Interest;BTC;0,00 ;Binance Earn
71732789;22/05/2024 01:42;Spot;Simple Earn Locked Rewards;MATIC;0.01224462;Binance Earn
71732789;22/05/2024 01:43;Spot;Simple Earn Locked Rewards;BNB;0.00004006;Binance Earn
71732789;22/05/2024 01:43;Spot;Simple Earn Locked Rewards;ADA;0.01738625;Binance Earn
71732789;22/05/2024 03:01;Spot;Simple Earn Flexible Interest;ETH;9.9E-7;Binance Earn
71732789;22/05/2024 03:05;Spot;Simple Earn Flexible Interest;BTC;0,00 ;Binance Earn
71732789;23/05/2024 01:52;Spot;Simple Earn Locked Rewards;MATIC;0.01224462;Binance Earn
71732789;23/05/2024 01:53;Spot;Simple Earn Locked Rewards;BNB;0.00004006;Binance Earn
71732789;23/05/2024 01:53;Spot;Simple Earn Locked Rewards;ADA;0.01738625;Binance Earn
71732789;23/05/2024 03:21;Spot;Simple Earn Flexible Interest;BTC;0,00 ;Binance Earn
71732789;23/05/2024 03:26;Spot;Simple Earn Flexible Interest;ETH;9.9E-7;Binance Earn
71732789;24/05/2024 01:32;Spot;Simple Earn Locked Rewards;MATIC;0.01224462;Binance Earn
71732789;24/05/2024 01:33;Spot;Simple Earn Locked Rewards;BNB;0.00004006;Binance Earn
71732789;24/05/2024 01:33;Spot;Simple Earn Locked Rewards;ADA;0.01738625;Binance Earn
71732789;24/05/2024 03:01;Spot;Simple Earn Flexible Interest;BTC;0,00 ;Binance Earn
71732789;24/05/2024 03:03;Spot;Simple Earn Flexible Interest;ETH;9.9E-7;Binance Earn
71732789;25/05/2024 02:05;Spot;Simple Earn Locked Rewards;MATIC;0.01224462;Binance Earn
71732789;25/05/2024 02:06;Spot;Simple Earn Locked Rewards;BNB;0.00004006;Binance Earn
71732789;25/05/2024 02:06;Spot;Simple Earn Locked Rewards;ADA;0.01665872;Binance Earn
71732789;25/05/2024 03:03;Spot;Simple Earn Flexible Interest;BTC;0,00 ;Binance Earn
71732789;25/05/2024 03:06;Spot;Simple Earn Flexible Interest;ETH;9.9E-7;Binance Earn
71732789;25/05/2024 16:09;Funding;Crypto Box;FDUSD;0.01200000;Binance Pay
71732789;26/05/2024 01:32;Spot;Simple Earn Locked Rewards;MATIC;0.01224462;Binance Earn
71732789;26/05/2024 01:33;Spot;Simple Earn Locked Rewards;BNB;0.00004006;Binance Earn
71732789;26/05/2024 01:33;Spot;Simple Earn Locked Rewards;ADA;0.01665872;Binance Earn
71732789;26/05/2024 03:04;Spot;Simple Earn Flexible Interest;BTC;0,00 ;Binance Earn
71732789;26/05/2024 03:04;Spot;Simple Earn Flexible Interest;ETH;9.9E-7;Binance Earn
71732789;27/05/2024 01:32;Spot;Simple Earn Locked Rewards;MATIC;0.01224462;Binance Earn
71732789;27/05/2024 01:33;Spot;Simple Earn Locked Rewards;BNB;0.00004006;Binance Earn
71732789;27/05/2024 01:33;Spot;Simple Earn Locked Rewards;ADA;0.01593120;Binance Earn
71732789;27/05/2024 03:01;Spot;Simple Earn Flexible Interest;ETH;9.9E-7;Binance Earn
71732789;27/05/2024 03:01;Spot;Simple Earn Flexible Interest;BTC;0,00 ;Binance Earn
71732789;28/05/2024 01:32;Spot;Simple Earn Locked Rewards;MATIC;0.01224462;Binance Earn
71732789;28/05/2024 01:33;Spot;Simple Earn Locked Rewards;BNB;0.00003429;Binance Earn
71732789;28/05/2024 01:33;Spot;Simple Earn Locked Rewards;ADA;0.01593120;Binance Earn
71732789;28/05/2024 03:03;Spot;Simple Earn Flexible Interest;BTC;0,00 ;Binance Earn
71732789;28/05/2024 03:05;Spot;Simple Earn Flexible Interest;ETH;9.9E-7;Binance Earn
71732789;29/05/2024 01:31;Spot;Simple Earn Locked Rewards;MATIC;0.01224462;Binance Earn
71732789;29/05/2024 01:32;Spot;Simple Earn Locked Rewards;BNB;0.00002882;Binance Earn
71732789;29/05/2024 01:32;Spot;Simple Earn Locked Rewards;ADA;0.01593120;Binance Earn
71732789;29/05/2024 03:01;Spot;Simple Earn Flexible Interest;ETH;9.9E-7;Binance Earn
71732789;29/05/2024 03:03;Spot;Simple Earn Flexible Interest;BTC;0,00 ;Binance Earn
71732789;30/05/2024 02:31;Spot;Simple Earn Locked Rewards;MATIC;0.01224462;Binance Earn
71732789;30/05/2024 02:32;Spot;Simple Earn Locked Rewards;BNB;0.00002594;Binance Earn
71732789;30/05/2024 02:33;Spot;Simple Earn Locked Rewards;ADA;0.01593120;Binance Earn
71732789;30/05/2024 03:04;Spot;Simple Earn Flexible Interest;BTC;0,00 ;Binance Earn
71732789;30/05/2024 03:05;Spot;Simple Earn Flexible Interest;ETH;9.9E-7;Binance Earn
71732789;31/05/2024 01:41;Spot;Simple Earn Locked Rewards;MATIC;0.01224462;Binance Earn
71732789;31/05/2024 01:42;Spot;Simple Earn Locked Rewards;BNB;0.00002306;Binance Earn
71732789;31/05/2024 01:43;Spot;Simple Earn Locked Rewards;ADA;0.01593120;Binance Earn
71732789;31/05/2024 03:04;Spot;Simple Earn Flexible Interest;BTC;0,00 ;Binance Earn
71732789;31/05/2024 03:05;Spot;Simple Earn Flexible Interest;ETH;9.9E-7;Binance Earn
71732789;01/06/2024 01:42;Spot;Simple Earn Locked Rewards;MATIC;0.01224462;Binance Earn
71732789;01/06/2024 01:43;Spot;Simple Earn Locked Rewards;BNB;0.00002162;Binance Earn
71732789;01/06/2024 01:43;Spot;Simple Earn Locked Rewards;ADA;0.01593120;Binance Earn
71732789;01/06/2024 03:20;Spot;Simple Earn Flexible Interest;BTC;0,00 ;Binance Earn
71732789;01/06/2024 03:21;Spot;Simple Earn Flexible Interest;ETH;9.9E-7;Binance Earn
71732789;02/06/2024 01:41;Spot;Simple Earn Locked Rewards;MATIC;0.01224462;Binance Earn
71732789;02/06/2024 01:42;Spot;Simple Earn Locked Rewards;BNB;0.00002162;Binance Earn
71732789;02/06/2024 01:42;Spot;Simple Earn Locked Rewards;ADA;0.01593120;Binance Earn
71732789;02/06/2024 03:00;Spot;Simple Earn Flexible Interest;ETH;9.9E-7;Binance Earn
71732789;02/06/2024 03:05;Spot;Simple Earn Flexible Interest;BTC;0,00 ;Binance Earn
71732789;03/06/2024 01:41;Spot;Simple Earn Locked Rewards;MATIC;0.01224462;Binance Earn
71732789;03/06/2024 01:42;Spot;Simple Earn Locked Rewards;BNB;0.00002162;Binance Earn
71732789;03/06/2024 01:42;Spot;Simple Earn Locked Rewards;ADA;0.01593120;Binance Earn
71732789;03/06/2024 03:06;Spot;Simple Earn Flexible Interest;BTC;0,00 ;Binance Earn
71732789;03/06/2024 03:07;Spot;Simple Earn Flexible Interest;ETH;9.9E-7;Binance Earn
71732789;04/06/2024 01:41;Spot;Simple Earn Locked Rewards;MATIC;0.01224462;Binance Earn
71732789;04/06/2024 01:42;Spot;Simple Earn Locked Rewards;BNB;0.00001988;Binance Earn
71732789;04/06/2024 01:42;Spot;Simple Earn Locked Rewards;ADA;0.01593120;Binance Earn
71732789;04/06/2024 03:02;Spot;Simple Earn Flexible Interest;ETH;9.9E-7;Binance Earn
71732789;04/06/2024 03:03;Spot;Simple Earn Flexible Interest;BTC;0,00 ;Binance Earn
71732789;05/06/2024 01:41;Spot;Simple Earn Locked Rewards;MATIC;0.01224462;Binance Earn
71732789;05/06/2024 01:42;Spot;Simple Earn Locked Rewards;BNB;0.00001988;Binance Earn
71732789;05/06/2024 01:42;Spot;Simple Earn Locked Rewards;ADA;0.01593120;Binance Earn
71732789;05/06/2024 03:04;Spot;Simple Earn Flexible Interest;BTC;0,00 ;Binance Earn
71732789;05/06/2024 03:05;Spot;Simple Earn Flexible Interest;ETH;9.9E-7;Binance Earn
71732789;06/06/2024 01:41;Spot;Simple Earn Locked Rewards;MATIC;0.01224462;Binance Earn
71732789;06/06/2024 01:42;Spot;Simple Earn Locked Rewards;BNB;0.00001988;Binance Earn
71732789;06/06/2024 01:42;Spot;Simple Earn Locked Rewards;ADA;0.01593120;Binance Earn
71732789;06/06/2024 03:04;Spot;Simple Earn Flexible Interest;ETH;9.9E-7;Binance Earn
71732789;06/06/2024 03:06;Spot;Simple Earn Flexible Interest;BTC;0,00 ;Binance Earn
71732789;07/06/2024 01:41;Spot;Simple Earn Locked Rewards;MATIC;0.01224462;Binance Earn
71732789;07/06/2024 01:42;Spot;Simple Earn Locked Rewards;BNB;0.00001988;Binance Earn
71732789;07/06/2024 01:42;Spot;Simple Earn Locked Rewards;ADA;0.01593120;Binance Earn
71732789;07/06/2024 03:03;Spot;Simple Earn Flexible Interest;BTC;0,00 ;Binance Earn
71732789;07/06/2024 03:05;Spot;Simple Earn Flexible Interest;ETH;9.9E-7;Binance Earn
71732789;08/06/2024 01:42;Spot;Simple Earn Locked Rewards;MATIC;0.01224462;Binance Earn
71732789;08/06/2024 01:43;Spot;Simple Earn Locked Rewards;BNB;0.00001931;Binance Earn
71732789;08/06/2024 01:43;Spot;Simple Earn Locked Rewards;ADA;0.01593120;Binance Earn
71732789;08/06/2024 03:23;Spot;Simple Earn Flexible Interest;ETH;9.9E-7;Binance Earn
71732789;08/06/2024 03:25;Spot;Simple Earn Flexible Interest;BTC;0,00 ;Binance Earn
71732789;08/06/2024 12:45;Spot;Launchpool Subscription/Redemption;FDUSD;-25.11270000;Binance Launchpool
71732789;08/06/2024 12:45;Spot;Launchpool Subscription/Redemption;BNB;-0.87560000;Binance Launchpool
71732789;09/06/2024 01:41;Spot;Simple Earn Locked Rewards;MATIC;0.01224462;Binance Earn
71732789;09/06/2024 01:42;Spot;Simple Earn Locked Rewards;BNB;0.00001873;Binance Earn
71732789;09/06/2024 01:43;Spot;Simple Earn Locked Rewards;ADA;0.01593120;Binance Earn
71732789;09/06/2024 03:02;Spot;Simple Earn Flexible Interest;ETH;9.9E-7;Binance Earn
71732789;09/06/2024 03:04;Spot;Simple Earn Flexible Interest;BTC;0,00 ;Binance Earn
71732789;10/06/2024 01:42;Spot;Simple Earn Locked Rewards;MATIC;0.01224462;Binance Earn
71732789;10/06/2024 01:43;Spot;Simple Earn Locked Rewards;BNB;0.00001873;Binance Earn
71732789;10/06/2024 01:43;Spot;Simple Earn Locked Rewards;ADA;0.01593120;Binance Earn
71732789;10/06/2024 03:03;Spot;Simple Earn Flexible Interest;BTC;0,00 ;Binance Earn
71732789;10/06/2024 03:04;Spot;Simple Earn Flexible Interest;ETH;9.9E-7;Binance Earn
71732789;11/06/2024 00:08;Spot;Launchpool Airdrop;IO;0.01920733;
71732789;11/06/2024 00:10;Spot;Launchpool Subscription/Redemption;FDUSD;25.11270000;Binance Launchpool
71732789;11/06/2024 00:22;Spot;Launchpool Subscription/Redemption;BNB;0.87560000;Binance Launchpool
71732789;11/06/2024 00:25;Spot;Launchpool Airdrop;IO;1.45799079;
71732789;11/06/2024 01:41;Spot;Simple Earn Locked Rewards;MATIC;0.01224462;Binance Earn
71732789;11/06/2024 01:42;Spot;Simple Earn Locked Rewards;BNB;0.00001585;Binance Earn
71732789;11/06/2024 01:42;Spot;Simple Earn Locked Rewards;ADA;0.01593120;Binance Earn
71732789;11/06/2024 03:01;Spot;Simple Earn Flexible Interest;ETH;9.9E-7;Binance Earn
71732789;11/06/2024 03:04;Spot;Simple Earn Flexible Interest;BTC;0,00 ;Binance Earn
71732789;12/06/2024 01:42;Spot;Simple Earn Locked Rewards;MATIC;0.01224462;Binance Earn
71732789;12/06/2024 01:44;Spot;Simple Earn Locked Rewards;BNB;0.00001411;Binance Earn
71732789;12/06/2024 01:44;Spot;Simple Earn Locked Rewards;ADA;0.01593120;Binance Earn
71732789;12/06/2024 03:03;Spot;Simple Earn Flexible Interest;BTC;0,00 ;Binance Earn
71732789;12/06/2024 03:04;Spot;Simple Earn Flexible Interest;ETH;9.9E-7;Binance Earn
71732789;13/06/2024 01:41;Spot;Simple Earn Locked Rewards;MATIC;0.01224462;Binance Earn
71732789;13/06/2024 01:42;Spot;Simple Earn Locked Rewards;BNB;0.00001411;Binance Earn
71732789;13/06/2024 01:43;Spot;Simple Earn Locked Rewards;ADA;0.01593120;Binance Earn
71732789;13/06/2024 03:01;Spot;Simple Earn Flexible Interest;ETH;9.9E-7;Binance Earn
71732789;13/06/2024 03:01;Spot;Simple Earn Flexible Interest;BTC;0,00 ;Binance Earn
71732789;14/06/2024 01:41;Spot;Simple Earn Locked Rewards;MATIC;0.01224462;Binance Earn
71732789;14/06/2024 01:42;Spot;Simple Earn Locked Rewards;BNB;0.00001411;Binance Earn
71732789;14/06/2024 01:43;Spot;Simple Earn Locked Rewards;ADA;0.01374862;Binance Earn
71732789;14/06/2024 03:00;Spot;Simple Earn Flexible Interest;BTC;0,00 ;Binance Earn
71732789;14/06/2024 03:03;Spot;Simple Earn Flexible Interest;ETH;9.9E-7;Binance Earn
71732789;15/06/2024 02:02;Spot;Simple Earn Locked Rewards;MATIC;0.01224462;Binance Earn
71732789;15/06/2024 02:04;Spot;Simple Earn Locked Rewards;BNB;0.00001297;Binance Earn
71732789;15/06/2024 02:04;Spot;Simple Earn Locked Rewards;ADA;0.01374862;Binance Earn
71732789;15/06/2024 03:00;Spot;Simple Earn Flexible Interest;ETH;9.9E-7;Binance Earn
71732789;15/06/2024 03:03;Spot;Simple Earn Flexible Interest;BTC;0,00 ;Binance Earn
71732789;16/06/2024 01:41;Spot;Simple Earn Locked Rewards;MATIC;0.01224462;Binance Earn
71732789;16/06/2024 01:42;Spot;Simple Earn Locked Rewards;BNB;0.00001181;Binance Earn
71732789;16/06/2024 01:42;Spot;Simple Earn Locked Rewards;ADA;0.01374862;Binance Earn
71732789;16/06/2024 03:02;Spot;Simple Earn Flexible Interest;ETH;9.9E-7;Binance Earn
71732789;16/06/2024 03:05;Spot;Simple Earn Flexible Interest;BTC;0,00 ;Binance Earn
71732789;17/06/2024 01:42;Spot;Simple Earn Locked Rewards;MATIC;0.01224462;Binance Earn
71732789;17/06/2024 01:43;Spot;Simple Earn Locked Rewards;BNB;0.00001095;Binance Earn
71732789;17/06/2024 01:43;Spot;Simple Earn Locked Rewards;ADA;0.01374862;Binance Earn
71732789;17/06/2024 03:00;Spot;Simple Earn Flexible Interest;BTC;0,00 ;Binance Earn
71732789;17/06/2024 03:01;Spot;Simple Earn Flexible Interest;ETH;9.9E-7;Binance Earn
71732789;18/06/2024 01:42;Spot;Simple Earn Locked Rewards;MATIC;0.01224462;Binance Earn
71732789;18/06/2024 01:43;Spot;Simple Earn Locked Rewards;BNB;0.00001095;Binance Earn
71732789;18/06/2024 01:43;Spot;Simple Earn Locked Rewards;ADA;0.01374862;Binance Earn
71732789;18/06/2024 03:00;Spot;Simple Earn Flexible Interest;BTC;0,00 ;Binance Earn
71732789;18/06/2024 03:02;Spot;Simple Earn Flexible Interest;ETH;9.9E-7;Binance Earn
71732789;19/06/2024 01:42;Spot;Simple Earn Locked Rewards;MATIC;0.00719936;Binance Earn
71732789;19/06/2024 01:43;Spot;Simple Earn Locked Rewards;BNB;0.00000980;Binance Earn
71732789;19/06/2024 01:43;Spot;Simple Earn Locked Rewards;ADA;0.00938347;Binance Earn
71732789;19/06/2024 03:05;Spot;Simple Earn Flexible Interest;ETH;9.9E-7;Binance Earn
71732789;19/06/2024 03:06;Spot;Simple Earn Flexible Interest;BTC;0,00 ;Binance Earn
71732789;20/06/2024 01:52;Spot;Simple Earn Locked Rewards;MATIC;0.00719936;Binance Earn
71732789;20/06/2024 01:53;Spot;Simple Earn Locked Rewards;BNB;0.00000980;Binance Earn
71732789;20/06/2024 01:53;Spot;Simple Earn Locked Rewards;ADA;0.00938347;Binance Earn
71732789;20/06/2024 03:04;Spot;Simple Earn Flexible Interest;BTC;0,00 ;Binance Earn
71732789;20/06/2024 03:06;Spot;Simple Earn Flexible Interest;ETH;9.9E-7;Binance Earn
71732789;20/06/2024 07:07;Spot;Megadrop Rewards;LISTA;5.05729152;
71732789;21/06/2024 01:41;Spot;Simple Earn Locked Rewards;MATIC;0.00719936;Binance Earn
71732789;21/06/2024 01:42;Spot;Simple Earn Locked Rewards;BNB;0.00000980;Binance Earn
71732789;21/06/2024 01:42;Spot;Simple Earn Locked Rewards;ADA;0.00938347;Binance Earn
71732789;21/06/2024 03:00;Spot;Simple Earn Flexible Interest;BTC;0,00 ;Binance Earn
71732789;21/06/2024 03:01;Spot;Simple Earn Flexible Interest;ETH;9.9E-7;Binance Earn
71732789;22/06/2024 01:41;Spot;Simple Earn Locked Rewards;MATIC;0.00719936;Binance Earn
71732789;22/06/2024 01:42;Spot;Simple Earn Locked Rewards;BNB;0.00000980;Binance Earn
71732789;22/06/2024 01:43;Spot;Simple Earn Locked Rewards;ADA;0.00938347;Binance Earn
71732789;22/06/2024 03:01;Spot;Simple Earn Flexible Interest;ETH;9.9E-7;Binance Earn
71732789;22/06/2024 03:05;Spot;Simple Earn Flexible Interest;BTC;0,00 ;Binance Earn
71732789;23/06/2024 01:41;Spot;Simple Earn Locked Rewards;MATIC;0.00719936;Binance Earn
71732789;23/06/2024 01:42;Spot;Simple Earn Locked Rewards;BNB;0.00000980;Binance Earn
71732789;23/06/2024 01:42;Spot;Simple Earn Locked Rewards;ADA;0.00938347;Binance Earn
71732789;23/06/2024 03:02;Spot;Simple Earn Flexible Interest;BTC;0,00 ;Binance Earn
71732789;23/06/2024 03:03;Spot;Simple Earn Flexible Interest;ETH;9.9E-7;Binance Earn
71732789;24/06/2024 01:41;Spot;Simple Earn Locked Rewards;MATIC;0.00719936;Binance Earn
71732789;24/06/2024 01:42;Spot;Simple Earn Locked Rewards;BNB;0.00000980;Binance Earn
71732789;24/06/2024 01:42;Spot;Simple Earn Locked Rewards;ADA;0.00938347;Binance Earn
71732789;24/06/2024 03:01;Spot;Simple Earn Flexible Interest;BTC;0,00 ;Binance Earn
71732789;24/06/2024 03:04;Spot;Simple Earn Flexible Interest;ETH;9.9E-7;Binance Earn
71732789;25/06/2024 01:41;Spot;Simple Earn Locked Rewards;MATIC;0.00719936;Binance Earn
71732789;25/06/2024 01:42;Spot;Simple Earn Locked Rewards;BNB;0.00000980;Binance Earn
71732789;25/06/2024 01:43;Spot;Simple Earn Locked Rewards;ADA;0.00938347;Binance Earn
71732789;25/06/2024 03:01;Spot;Simple Earn Flexible Interest;ETH;9.9E-7;Binance Earn
71732789;25/06/2024 03:05;Spot;Simple Earn Flexible Interest;BTC;0,00 ;Binance Earn
71732789;26/06/2024 01:42;Spot;Simple Earn Locked Rewards;MATIC;0.00719936;Binance Earn
71732789;26/06/2024 01:43;Spot;Simple Earn Locked Rewards;BNB;0.00000980;Binance Earn
71732789;26/06/2024 01:43;Spot;Simple Earn Locked Rewards;ADA;0.00938347;Binance Earn
71732789;26/06/2024 03:05;Spot;Simple Earn Flexible Interest;ETH;9.9E-7;Binance Earn
71732789;26/06/2024 03:05;Spot;Simple Earn Flexible Interest;BTC;0,00 ;Binance Earn
71732789;27/06/2024 01:40;Spot;Simple Earn Locked Rewards;MATIC;0.00719936;Binance Earn
71732789;27/06/2024 01:40;Spot;Simple Earn Locked Rewards;BNB;0.00000980;Binance Earn
71732789;27/06/2024 01:41;Spot;Simple Earn Locked Rewards;ADA;0.00938347;Binance Earn
71732789;27/06/2024 03:04;Spot;Simple Earn Flexible Interest;ETH;9.9E-7;Binance Earn
71732789;27/06/2024 03:05;Spot;Simple Earn Flexible Interest;BTC;0,00 ;Binance Earn
71732789;28/06/2024 01:41;Spot;Simple Earn Locked Rewards;MATIC;0.00719936;Binance Earn
71732789;28/06/2024 01:42;Spot;Simple Earn Locked Rewards;BNB;0.00000980;Binance Earn
71732789;28/06/2024 01:42;Spot;Simple Earn Locked Rewards;ADA;0.00938347;Binance Earn
71732789;28/06/2024 03:03;Spot;Simple Earn Flexible Interest;BTC;0,00 ;Binance Earn
71732789;28/06/2024 03:06;Spot;Simple Earn Flexible Interest;ETH;9.9E-7;Binance Earn
71732789;29/06/2024 01:42;Spot;Simple Earn Locked Rewards;MATIC;0.00719936;Binance Earn
71732789;29/06/2024 01:43;Spot;Simple Earn Locked Rewards;BNB;0.00000980;Binance Earn
71732789;29/06/2024 01:43;Spot;Simple Earn Locked Rewards;ADA;0.00938347;Binance Earn
71732789;29/06/2024 03:04;Spot;Simple Earn Flexible Interest;ETH;9.9E-7;Binance Earn
71732789;29/06/2024 03:05;Spot;Simple Earn Flexible Interest;BTC;0,00 ;Binance Earn
71732789;30/06/2024 01:41;Spot;Simple Earn Locked Rewards;MATIC;0.00719936;Binance Earn
71732789;30/06/2024 01:42;Spot;Simple Earn Locked Rewards;BNB;0.00000980;Binance Earn
71732789;30/06/2024 01:43;Spot;Simple Earn Locked Rewards;ADA;0.00938347;Binance Earn
71732789;30/06/2024 03:03;Spot;Simple Earn Flexible Interest;BTC;0,00 ;Binance Earn
71732789;30/06/2024 03:03;Spot;Simple Earn Flexible Interest;ETH;9.9E-7;Binance Earn
71732789;01/07/2024 01:42;Spot;Simple Earn Locked Rewards;MATIC;0.00719936;Binance Earn
71732789;01/07/2024 01:43;Spot;Simple Earn Locked Rewards;BNB;0.00000980;Binance Earn
71732789;01/07/2024 01:43;Spot;Simple Earn Locked Rewards;ADA;0.00938347;Binance Earn
71732789;01/07/2024 14:55;Spot;Simple Earn Flexible Interest;ETH;9.9E-7;Binance Earn
71732789;01/07/2024 14:57;Spot;Simple Earn Flexible Interest;BTC;0,00 ;Binance Earn
71732789;02/07/2024 01:29;Spot;Simple Earn Locked Rewards;MATIC;0.00719936;Binance Earn
71732789;02/07/2024 01:30;Spot;Simple Earn Locked Rewards;BNB;0.00000980;Binance Earn
71732789;02/07/2024 01:30;Spot;Simple Earn Locked Rewards;ADA;0.00938347;Binance Earn
71732789;02/07/2024 02:25;Spot;Simple Earn Flexible Interest;ETH;9.9E-7;Binance Earn
71732789;02/07/2024 02:26;Spot;Simple Earn Flexible Interest;BTC;0,00 ;Binance Earn
71732789;03/07/2024 01:30;Spot;Simple Earn Locked Rewards;MATIC;0.00719936;Binance Earn
71732789;03/07/2024 01:31;Spot;Simple Earn Locked Rewards;BNB;0.00000980;Binance Earn
71732789;03/07/2024 01:31;Spot;Simple Earn Locked Rewards;ADA;0.00938347;Binance Earn
71732789;03/07/2024 03:03;Spot;Simple Earn Flexible Interest;ETH;9.9E-7;Binance Earn
71732789;03/07/2024 03:05;Spot;Simple Earn Flexible Interest;BTC;0,00 ;Binance Earn
71732789;04/07/2024 01:31;Spot;Simple Earn Locked Rewards;MATIC;0.00719936;Binance Earn
71732789;04/07/2024 01:31;Spot;Simple Earn Locked Rewards;BNB;0.00000980;Binance Earn
71732789;04/07/2024 01:32;Spot;Simple Earn Locked Rewards;ADA;0.00938347;Binance Earn
71732789;04/07/2024 03:01;Spot;Simple Earn Flexible Interest;ETH;9.9E-7;Binance Earn
71732789;04/07/2024 03:02;Spot;Simple Earn Flexible Interest;BTC;0,00 ;Binance Earn
71732789;04/07/2024 09:10;Spot;Asset Recovery;OCEAN;-0.68665809;
71732789;05/07/2024 01:31;Spot;Simple Earn Locked Rewards;MATIC;0.00719936;Binance Earn
71732789;05/07/2024 01:32;Spot;Simple Earn Locked Rewards;BNB;0.00000980;Binance Earn
71732789;05/07/2024 01:32;Spot;Simple Earn Locked Rewards;ADA;0.00938347;Binance Earn
71732789;05/07/2024 03:02;Spot;Simple Earn Flexible Interest;BTC;0,00 ;Binance Earn
71732789;05/07/2024 03:06;Spot;Simple Earn Flexible Interest;ETH;9.9E-7;Binance Earn
71732789;05/07/2024 09:58;Spot;Token Swap - Distribution;FET;0.29747814;
71732789;06/07/2024 01:31;Spot;Simple Earn Locked Rewards;MATIC;0.00718858;Binance Earn
71732789;06/07/2024 01:32;Spot;Simple Earn Locked Rewards;BNB;0.00000980;Binance Earn
71732789;06/07/2024 01:32;Spot;Simple Earn Locked Rewards;ADA;0.00938347;Binance Earn
71732789;06/07/2024 03:01;Spot;Simple Earn Flexible Interest;BTC;0,00 ;Binance Earn
71732789;06/07/2024 03:01;Spot;Simple Earn Flexible Interest;ETH;9.9E-7;Binance Earn
71732789;07/07/2024 01:31;Spot;Simple Earn Locked Rewards;MATIC;0.00718858;Binance Earn
71732789;07/07/2024 01:31;Spot;Simple Earn Locked Rewards;BNB;0.00000980;Binance Earn
71732789;07/07/2024 01:32;Spot;Simple Earn Locked Rewards;ADA;0.00938347;Binance Earn
71732789;07/07/2024 03:02;Spot;Simple Earn Flexible Interest;BTC;0,00 ;Binance Earn
71732789;07/07/2024 03:03;Spot;Simple Earn Flexible Interest;ETH;9.9E-7;Binance Earn
71732789;08/07/2024 01:31;Spot;Simple Earn Locked Rewards;MATIC;0.00718858;Binance Earn
71732789;08/07/2024 01:31;Spot;Simple Earn Locked Rewards;BNB;0.00000980;Binance Earn
71732789;08/07/2024 01:32;Spot;Simple Earn Locked Rewards;ADA;0.00938347;Binance Earn
71732789;08/07/2024 03:04;Spot;Simple Earn Flexible Interest;BTC;0,00 ;Binance Earn
71732789;08/07/2024 03:04;Spot;Simple Earn Flexible Interest;ETH;9.9E-7;Binance Earn
71732789;09/07/2024 01:28;Spot;Simple Earn Locked Rewards;MATIC;0.00718858;Binance Earn
71732789;09/07/2024 01:28;Spot;Simple Earn Locked Rewards;BNB;0.00000980;Binance Earn
71732789;09/07/2024 01:29;Spot;Simple Earn Locked Rewards;ADA;0.00938347;Binance Earn
71732789;09/07/2024 04:01;Spot;Simple Earn Flexible Interest;BTC;0,00 ;Binance Earn
71732789;09/07/2024 04:02;Spot;Simple Earn Flexible Interest;ETH;9.9E-7;Binance Earn
71732789;10/07/2024 01:30;Spot;Simple Earn Locked Rewards;MATIC;0.00718858;Binance Earn
71732789;10/07/2024 01:31;Spot;Simple Earn Locked Rewards;BNB;0.00000980;Binance Earn
71732789;10/07/2024 01:31;Spot;Simple Earn Locked Rewards;ADA;0.00938347;Binance Earn
71732789;10/07/2024 03:01;Spot;Simple Earn Flexible Interest;BTC;0,00 ;Binance Earn
71732789;10/07/2024 03:02;Spot;Simple Earn Flexible Interest;ETH;9.9E-7;Binance Earn
71732789;11/07/2024 01:30;Spot;Simple Earn Locked Rewards;MATIC;0.00718858;Binance Earn
71732789;11/07/2024 01:31;Spot;Simple Earn Locked Rewards;BNB;0.00000980;Binance Earn
71732789;11/07/2024 01:31;Spot;Simple Earn Locked Rewards;ADA;0.00938347;Binance Earn
71732789;11/07/2024 03:03;Spot;Simple Earn Flexible Interest;BTC;0,00 ;Binance Earn
71732789;11/07/2024 03:05;Spot;Simple Earn Flexible Interest;ETH;9.9E-7;Binance Earn
71732789;12/07/2024 01:31;Spot;Simple Earn Locked Rewards;MATIC;0.00718858;Binance Earn
71732789;12/07/2024 01:31;Spot;Simple Earn Locked Rewards;BNB;0.00000980;Binance Earn
71732789;12/07/2024 01:32;Spot;Simple Earn Locked Rewards;ADA;0.00938347;Binance Earn
71732789;12/07/2024 03:05;Spot;Simple Earn Flexible Interest;BTC;0,00 ;Binance Earn
71732789;12/07/2024 03:05;Spot;Simple Earn Flexible Interest;ETH;9.9E-7;Binance Earn
71732789;13/07/2024 01:31;Spot;Simple Earn Locked Rewards;MATIC;0.00718858;Binance Earn
71732789;13/07/2024 01:32;Spot;Simple Earn Locked Rewards;BNB;0.00000980;Binance Earn
71732789;13/07/2024 01:32;Spot;Simple Earn Locked Rewards;ADA;0.00938347;Binance Earn
71732789;13/07/2024 03:00;Spot;Simple Earn Flexible Interest;BTC;0,00 ;Binance Earn
71732789;13/07/2024 03:05;Spot;Simple Earn Flexible Interest;ETH;9.9E-7;Binance Earn
71732789;14/07/2024 01:31;Spot;Simple Earn Locked Rewards;MATIC;0.00718858;Binance Earn
71732789;14/07/2024 01:32;Spot;Simple Earn Locked Rewards;BNB;0.00000980;Binance Earn
71732789;14/07/2024 01:32;Spot;Simple Earn Locked Rewards;ADA;0.00938347;Binance Earn
71732789;14/07/2024 03:03;Spot;Simple Earn Flexible Interest;BTC;0,00 ;Binance Earn
71732789;14/07/2024 03:04;Spot;Simple Earn Flexible Interest;ETH;9.9E-7;Binance Earn
71732789;15/07/2024 01:31;Spot;Simple Earn Locked Rewards;MATIC;0.00718858;Binance Earn
71732789;15/07/2024 01:32;Spot;Simple Earn Locked Rewards;BNB;0.00000980;Binance Earn
71732789;15/07/2024 01:32;Spot;Simple Earn Locked Rewards;ADA;0.00938347;Binance Earn
71732789;15/07/2024 03:00;Spot;Simple Earn Flexible Interest;ETH;9.9E-7;Binance Earn
71732789;15/07/2024 03:02;Spot;Simple Earn Flexible Interest;BTC;0,00 ;Binance Earn
71732789;16/07/2024 01:31;Spot;Simple Earn Locked Rewards;MATIC;0.00718858;Binance Earn
71732789;16/07/2024 01:31;Spot;Simple Earn Locked Rewards;BNB;0.00000980;Binance Earn
71732789;16/07/2024 01:31;Spot;Simple Earn Locked Rewards;ADA;0.00938347;Binance Earn
71732789;16/07/2024 03:03;Spot;Simple Earn Flexible Interest;ETH;9.9E-7;Binance Earn
71732789;16/07/2024 03:03;Spot;Simple Earn Flexible Interest;BTC;0,00 ;Binance Earn
71732789;17/07/2024 01:31;Spot;Simple Earn Locked Rewards;MATIC;0.00718858;Binance Earn
71732789;17/07/2024 01:32;Spot;Simple Earn Locked Rewards;BNB;0.00000980;Binance Earn
71732789;17/07/2024 01:32;Spot;Simple Earn Locked Rewards;ADA;0.00938347;Binance Earn
71732789;17/07/2024 03:05;Spot;Simple Earn Flexible Interest;ETH;9.9E-7;Binance Earn
71732789;17/07/2024 03:07;Spot;Simple Earn Flexible Interest;BTC;0,00 ;Binance Earn
71732789;18/07/2024 01:30;Spot;Simple Earn Locked Rewards;MATIC;0.00718858;Binance Earn
71732789;18/07/2024 01:31;Spot;Simple Earn Locked Rewards;BNB;0.00000980;Binance Earn
71732789;18/07/2024 01:31;Spot;Simple Earn Locked Rewards;ADA;0.00938347;Binance Earn
71732789;18/07/2024 03:01;Spot;Simple Earn Flexible Interest;BTC;0,00 ;Binance Earn
71732789;18/07/2024 03:02;Spot;Simple Earn Flexible Interest;ETH;9.9E-7;Binance Earn
71732789;19/07/2024 01:30;Spot;Simple Earn Locked Rewards;MATIC;0.00718858;Binance Earn
71732789;19/07/2024 01:31;Spot;Simple Earn Locked Rewards;BNB;0.00000980;Binance Earn
71732789;19/07/2024 01:31;Spot;Simple Earn Locked Rewards;ADA;0.00938347;Binance Earn
71732789;19/07/2024 03:00;Spot;Simple Earn Flexible Interest;BTC;0,00 ;Binance Earn
71732789;19/07/2024 03:07;Spot;Simple Earn Flexible Interest;ETH;9.9E-7;Binance Earn
71732789;19/07/2024 06:53;Spot;Airdrop Assets;BANANA;0.05480725;
71732789;20/07/2024 01:30;Spot;Simple Earn Locked Rewards;MATIC;0.00718858;Binance Earn
71732789;20/07/2024 01:31;Spot;Simple Earn Locked Rewards;BNB;0.00000980;Binance Earn
71732789;20/07/2024 01:31;Spot;Simple Earn Locked Rewards;ADA;0.00938347;Binance Earn
71732789;20/07/2024 03:06;Spot;Simple Earn Flexible Interest;ETH;9.9E-7;Binance Earn
71732789;20/07/2024 03:06;Spot;Simple Earn Flexible Interest;BTC;0,00 ;Binance Earn
71732789;21/07/2024 01:30;Spot;Simple Earn Locked Rewards;MATIC;0.00718858;Binance Earn
71732789;21/07/2024 01:31;Spot;Simple Earn Locked Rewards;BNB;0.00000980;Binance Earn
71732789;21/07/2024 01:31;Spot;Simple Earn Locked Rewards;ADA;0.00938347;Binance Earn
71732789;21/07/2024 03:00;Spot;Simple Earn Flexible Interest;BTC;0,00 ;Binance Earn
71732789;21/07/2024 03:02;Spot;Simple Earn Flexible Interest;ETH;9.9E-7;Binance Earn
71732789;22/07/2024 01:30;Spot;Simple Earn Locked Rewards;MATIC;0.00718858;Binance Earn
71732789;22/07/2024 01:31;Spot;Simple Earn Locked Rewards;BNB;0.00000980;Binance Earn
71732789;22/07/2024 01:31;Spot;Simple Earn Locked Rewards;ADA;0.00938347;Binance Earn
71732789;22/07/2024 03:01;Spot;Simple Earn Flexible Interest;BTC;0,00 ;Binance Earn
71732789;22/07/2024 03:02;Spot;Simple Earn Flexible Interest;ETH;9.9E-7;Binance Earn
71732789;23/07/2024 01:30;Spot;Simple Earn Locked Rewards;MATIC;0.00718858;Binance Earn
71732789;23/07/2024 01:31;Spot;Simple Earn Locked Rewards;BNB;0.00000980;Binance Earn
71732789;23/07/2024 01:31;Spot;Simple Earn Locked Rewards;ADA;0.00938347;Binance Earn
71732789;23/07/2024 03:00;Spot;Simple Earn Flexible Interest;BTC;0,00 ;Binance Earn
71732789;23/07/2024 03:05;Spot;Simple Earn Flexible Interest;ETH;9.9E-7;Binance Earn
71732789;24/07/2024 01:30;Spot;Simple Earn Locked Rewards;MATIC;0.00718858;Binance Earn
71732789;24/07/2024 01:31;Spot;Simple Earn Locked Rewards;BNB;0.00000980;Binance Earn
71732789;24/07/2024 01:31;Spot;Simple Earn Locked Rewards;ADA;0.00938347;Binance Earn
71732789;24/07/2024 03:02;Spot;Simple Earn Flexible Interest;ETH;9.9E-7;Binance Earn
71732789;24/07/2024 03:05;Spot;Simple Earn Flexible Interest;BTC;0,00 ;Binance Earn
71732789;25/07/2024 01:31;Spot;Simple Earn Locked Rewards;MATIC;0.00718858;Binance Earn
71732789;25/07/2024 01:31;Spot;Simple Earn Locked Rewards;BNB;0.00000980;Binance Earn
71732789;25/07/2024 01:32;Spot;Simple Earn Locked Rewards;ADA;0.00938347;Binance Earn
71732789;25/07/2024 03:01;Spot;Simple Earn Flexible Interest;BTC;0,00 ;Binance Earn
71732789;25/07/2024 03:04;Spot;Simple Earn Flexible Interest;ETH;9.9E-7;Binance Earn
71732789;26/07/2024 01:30;Spot;Simple Earn Locked Rewards;MATIC;0.00718858;Binance Earn
71732789;26/07/2024 01:31;Spot;Simple Earn Locked Rewards;BNB;0.00000980;Binance Earn
71732789;26/07/2024 01:31;Spot;Simple Earn Locked Rewards;ADA;0.00938347;Binance Earn
71732789;26/07/2024 03:04;Spot;Simple Earn Flexible Interest;ETH;9.9E-7;Binance Earn
71732789;26/07/2024 03:08;Spot;Simple Earn Flexible Interest;BTC;0,00 ;Binance Earn
71732789;27/07/2024 01:30;Spot;Simple Earn Locked Rewards;MATIC;0.00718858;Binance Earn
71732789;27/07/2024 01:30;Spot;Simple Earn Locked Rewards;BNB;0.00000980;Binance Earn
71732789;27/07/2024 01:31;Spot;Simple Earn Locked Rewards;ADA;0.00938347;Binance Earn
71732789;27/07/2024 03:03;Spot;Simple Earn Flexible Interest;ETH;9.9E-7;Binance Earn
71732789;27/07/2024 03:07;Spot;Simple Earn Flexible Interest;BTC;0,00 ;Binance Earn
71732789;28/07/2024 01:30;Spot;Simple Earn Locked Rewards;MATIC;0.00718858;Binance Earn
71732789;28/07/2024 01:31;Spot;Simple Earn Locked Rewards;BNB;0.00000980;Binance Earn
71732789;28/07/2024 01:31;Spot;Simple Earn Locked Rewards;ADA;0.00938347;Binance Earn
71732789;28/07/2024 03:02;Spot;Simple Earn Flexible Interest;ETH;9.9E-7;Binance Earn
71732789;28/07/2024 03:05;Spot;Simple Earn Flexible Interest;BTC;0,00 ;Binance Earn
71732789;29/07/2024 01:29;Spot;Simple Earn Locked Rewards;MATIC;0.00718858;Binance Earn
71732789;29/07/2024 01:30;Spot;Simple Earn Locked Rewards;BNB;0.00000980;Binance Earn
71732789;29/07/2024 01:30;Spot;Simple Earn Locked Rewards;ADA;0.00938347;Binance Earn
71732789;29/07/2024 03:03;Spot;Simple Earn Flexible Interest;ETH;9.9E-7;Binance Earn
71732789;29/07/2024 03:07;Spot;Simple Earn Flexible Interest;BTC;0,00 ;Binance Earn
71732789;30/07/2024 01:30;Spot;Simple Earn Locked Rewards;MATIC;0.00718858;Binance Earn
71732789;30/07/2024 01:31;Spot;Simple Earn Locked Rewards;BNB;0.00000980;Binance Earn
71732789;30/07/2024 01:31;Spot;Simple Earn Locked Rewards;ADA;0.00938347;Binance Earn
71732789;30/07/2024 03:06;Spot;Simple Earn Flexible Interest;BTC;0,00 ;Binance Earn
71732789;30/07/2024 03:07;Spot;Simple Earn Flexible Interest;ETH;9.9E-7;Binance Earn
71732789;31/07/2024 01:30;Spot;Simple Earn Locked Rewards;MATIC;0.00718858;Binance Earn
71732789;31/07/2024 01:31;Spot;Simple Earn Locked Rewards;BNB;0.00000980;Binance Earn
71732789;31/07/2024 01:31;Spot;Simple Earn Locked Rewards;ADA;0.00938347;Binance Earn
71732789;31/07/2024 03:03;Spot;Simple Earn Flexible Interest;BTC;0,00 ;Binance Earn
71732789;31/07/2024 03:07;Spot;Simple Earn Flexible Interest;ETH;9.9E-7;Binance Earn
71732789;01/08/2024 01:30;Spot;Simple Earn Locked Rewards;MATIC;0.00718858;Binance Earn
71732789;01/08/2024 01:31;Spot;Simple Earn Locked Rewards;BNB;0.00000980;Binance Earn
71732789;01/08/2024 01:31;Spot;Simple Earn Locked Rewards;ADA;0.00938347;Binance Earn
71732789;01/08/2024 03:02;Spot;Simple Earn Flexible Interest;ETH;9.9E-7;Binance Earn
71732789;01/08/2024 03:07;Spot;Simple Earn Flexible Interest;BTC;0,00 ;Binance Earn
71732789;02/08/2024 01:19;Spot;Simple Earn Locked Rewards;MATIC;0.00718858;Binance Earn
71732789;02/08/2024 01:20;Spot;Simple Earn Locked Rewards;BNB;0.00000980;Binance Earn
71732789;02/08/2024 01:20;Spot;Simple Earn Locked Rewards;ADA;0.00938347;Binance Earn
71732789;02/08/2024 03:04;Spot;Simple Earn Flexible Interest;BTC;0,00 ;Binance Earn
71732789;02/08/2024 03:04;Spot;Simple Earn Flexible Interest;ETH;9.9E-7;Binance Earn
71732789;03/08/2024 01:19;Spot;Simple Earn Locked Rewards;MATIC;0.00718858;Binance Earn
71732789;03/08/2024 01:20;Spot;Simple Earn Locked Rewards;BNB;0.00000980;Binance Earn
71732789;03/08/2024 01:20;Spot;Simple Earn Locked Rewards;ADA;0.00938347;Binance Earn
71732789;03/08/2024 03:00;Spot;Simple Earn Flexible Interest;BTC;0,00 ;Binance Earn
71732789;03/08/2024 03:05;Spot;Simple Earn Flexible Interest;ETH;9.9E-7;Binance Earn
71732789;04/08/2024 01:19;Spot;Simple Earn Locked Rewards;MATIC;0.00718858;Binance Earn
71732789;04/08/2024 01:20;Spot;Simple Earn Locked Rewards;BNB;0.00000980;Binance Earn
71732789;04/08/2024 01:20;Spot;Simple Earn Locked Rewards;ADA;0.00938347;Binance Earn
71732789;04/08/2024 03:04;Spot;Simple Earn Flexible Interest;BTC;0,00 ;Binance Earn
71732789;04/08/2024 03:07;Spot;Simple Earn Flexible Interest;ETH;9.9E-7;Binance Earn
71732789;05/08/2024 01:19;Spot;Simple Earn Locked Rewards;MATIC;0.00718858;Binance Earn
71732789;05/08/2024 01:20;Spot;Simple Earn Locked Rewards;BNB;0.00000980;Binance Earn
71732789;05/08/2024 01:20;Spot;Simple Earn Locked Rewards;ADA;0.00938347;Binance Earn
71732789;05/08/2024 03:01;Spot;Simple Earn Flexible Interest;BTC;0,00 ;Binance Earn
71732789;05/08/2024 03:02;Spot;Simple Earn Flexible Interest;ETH;9.9E-7;Binance Earn
71732789;06/08/2024 01:29;Spot;Simple Earn Locked Rewards;MATIC;0.00718858;Binance Earn
71732789;06/08/2024 01:30;Spot;Simple Earn Locked Rewards;BNB;0.00000980;Binance Earn
71732789;06/08/2024 01:30;Spot;Simple Earn Locked Rewards;ADA;0.00938347;Binance Earn
71732789;06/08/2024 03:07;Spot;Simple Earn Flexible Interest;BTC;0,00 ;Binance Earn
71732789;06/08/2024 03:08;Spot;Simple Earn Flexible Interest;ETH;9.9E-7;Binance Earn
71732789;07/08/2024 01:49;Spot;Simple Earn Locked Rewards;MATIC;0.00718858;Binance Earn
71732789;07/08/2024 01:50;Spot;Simple Earn Locked Rewards;BNB;0.00000980;Binance Earn
71732789;07/08/2024 01:50;Spot;Simple Earn Locked Rewards;ADA;0.00938347;Binance Earn
71732789;07/08/2024 03:06;Spot;Simple Earn Flexible Interest;BTC;0,00 ;Binance Earn
71732789;07/08/2024 03:07;Spot;Simple Earn Flexible Interest;ETH;9.9E-7;Binance Earn
71732789;08/08/2024 01:28;Spot;Simple Earn Locked Rewards;MATIC;0.00718858;Binance Earn
71732789;08/08/2024 01:29;Spot;Simple Earn Locked Rewards;BNB;0.00000980;Binance Earn
71732789;08/08/2024 01:29;Spot;Simple Earn Locked Rewards;ADA;0.00938347;Binance Earn
71732789;08/08/2024 03:03;Spot;Simple Earn Flexible Interest;ETH;9.9E-7;Binance Earn
71732789;08/08/2024 03:07;Spot;Simple Earn Flexible Interest;BTC;0,00 ;Binance Earn
71732789;09/08/2024 01:18;Spot;Simple Earn Locked Rewards;MATIC;0.00718858;Binance Earn
71732789;09/08/2024 01:19;Spot;Simple Earn Locked Rewards;BNB;0.00000980;Binance Earn
71732789;09/08/2024 01:19;Spot;Simple Earn Locked Rewards;ADA;0.00938347;Binance Earn
71732789;09/08/2024 03:01;Spot;Simple Earn Flexible Interest;ETH;9.9E-7;Binance Earn
71732789;09/08/2024 03:03;Spot;Simple Earn Flexible Interest;BTC;0,00 ;Binance Earn
71732789;10/08/2024 01:17;Spot;Simple Earn Locked Rewards;MATIC;0.00718858;Binance Earn
71732789;10/08/2024 01:18;Spot;Simple Earn Locked Rewards;BNB;0.00000980;Binance Earn
71732789;10/08/2024 01:18;Spot;Simple Earn Locked Rewards;ADA;0.00938347;Binance Earn
71732789;10/08/2024 03:06;Spot;Simple Earn Flexible Interest;BTC;0,00 ;Binance Earn
71732789;10/08/2024 03:06;Spot;Simple Earn Flexible Interest;ETH;9.9E-7;Binance Earn
71732789;11/08/2024 01:18;Spot;Simple Earn Locked Rewards;MATIC;0.00718858;Binance Earn
71732789;11/08/2024 01:19;Spot;Simple Earn Locked Rewards;BNB;0.00000980;Binance Earn
71732789;11/08/2024 01:19;Spot;Simple Earn Locked Rewards;ADA;0.00938347;Binance Earn
71732789;11/08/2024 03:00;Spot;Simple Earn Flexible Interest;ETH;9.9E-7;Binance Earn
71732789;11/08/2024 03:03;Spot;Simple Earn Flexible Interest;BTC;0,00 ;Binance Earn
71732789;12/08/2024 01:18;Spot;Simple Earn Locked Rewards;MATIC;0.00718858;Binance Earn
71732789;12/08/2024 01:18;Spot;Simple Earn Locked Rewards;BNB;0.00000980;Binance Earn
71732789;12/08/2024 01:19;Spot;Simple Earn Locked Rewards;ADA;0.00938347;Binance Earn
71732789;12/08/2024 03:01;Spot;Simple Earn Flexible Interest;BTC;0,00 ;Binance Earn
71732789;12/08/2024 03:02;Spot;Simple Earn Flexible Interest;ETH;9.9E-7;Binance Earn
71732789;13/08/2024 01:18;Spot;Simple Earn Locked Rewards;MATIC;0.00718858;Binance Earn
71732789;13/08/2024 01:19;Spot;Simple Earn Locked Rewards;BNB;0.00000980;Binance Earn
71732789;13/08/2024 01:19;Spot;Simple Earn Locked Rewards;ADA;0.00938347;Binance Earn
71732789;13/08/2024 03:04;Spot;Simple Earn Flexible Interest;BTC;0,00 ;Binance Earn
71732789;13/08/2024 03:04;Spot;Simple Earn Flexible Interest;ETH;9.9E-7;Binance Earn
71732789;14/08/2024 01:19;Spot;Simple Earn Locked Rewards;MATIC;0.00718858;Binance Earn
71732789;14/08/2024 01:19;Spot;Simple Earn Locked Rewards;BNB;0.00000980;Binance Earn
71732789;14/08/2024 01:19;Spot;Simple Earn Locked Rewards;ADA;0.00938347;Binance Earn
71732789;14/08/2024 03:02;Spot;Simple Earn Flexible Interest;ETH;9.9E-7;Binance Earn
71732789;14/08/2024 03:03;Spot;Simple Earn Flexible Interest;BTC;0,00 ;Binance Earn
71732789;15/08/2024 01:18;Spot;Simple Earn Locked Rewards;MATIC;0.00718858;Binance Earn
71732789;15/08/2024 01:19;Spot;Simple Earn Locked Rewards;BNB;0.00000980;Binance Earn
71732789;15/08/2024 01:19;Spot;Simple Earn Locked Rewards;ADA;0.00938347;Binance Earn
71732789;15/08/2024 03:04;Spot;Simple Earn Flexible Interest;BTC;0,00 ;Binance Earn
71732789;15/08/2024 03:05;Spot;Simple Earn Flexible Interest;ETH;9.9E-7;Binance Earn
71732789;16/08/2024 01:18;Spot;Simple Earn Locked Rewards;MATIC;0.00718858;Binance Earn
71732789;16/08/2024 01:19;Spot;Simple Earn Locked Rewards;BNB;0.00000980;Binance Earn
71732789;16/08/2024 01:19;Spot;Simple Earn Locked Rewards;ADA;0.00938347;Binance Earn
71732789;16/08/2024 03:00;Spot;Simple Earn Flexible Interest;BTC;0,00 ;Binance Earn
71732789;16/08/2024 03:02;Spot;Simple Earn Flexible Interest;ETH;9.9E-7;Binance Earn
71732789;17/08/2024 01:18;Spot;Simple Earn Locked Rewards;MATIC;0.00718858;Binance Earn
71732789;17/08/2024 01:19;Spot;Simple Earn Locked Rewards;BNB;0.00000980;Binance Earn
71732789;17/08/2024 01:19;Spot;Simple Earn Locked Rewards;ADA;0.00938347;Binance Earn
71732789;17/08/2024 03:00;Spot;Simple Earn Flexible Interest;BTC;0,00 ;Binance Earn
71732789;17/08/2024 03:03;Spot;Simple Earn Flexible Interest;ETH;9.9E-7;Binance Earn
71732789;18/08/2024 01:18;Spot;Simple Earn Locked Rewards;MATIC;0.00718858;Binance Earn
71732789;18/08/2024 01:19;Spot;Simple Earn Locked Rewards;BNB;0.00000980;Binance Earn
71732789;18/08/2024 01:19;Spot;Simple Earn Locked Rewards;ADA;0.00938347;Binance Earn
71732789;18/08/2024 03:03;Spot;Simple Earn Flexible Interest;BTC;0,00 ;Binance Earn
71732789;18/08/2024 03:04;Spot;Simple Earn Flexible Interest;ETH;9.9E-7;Binance Earn
71732789;19/08/2024 01:28;Spot;Simple Earn Locked Rewards;MATIC;0.00718858;Binance Earn
71732789;19/08/2024 01:29;Spot;Simple Earn Locked Rewards;BNB;0.00000980;Binance Earn
71732789;19/08/2024 01:29;Spot;Simple Earn Locked Rewards;ADA;0.00938347;Binance Earn
71732789;19/08/2024 03:03;Spot;Simple Earn Flexible Interest;ETH;9.9E-7;Binance Earn
71732789;19/08/2024 03:04;Spot;Simple Earn Flexible Interest;BTC;0,00 ;Binance Earn
71732789;20/08/2024 01:48;Spot;Simple Earn Locked Rewards;MATIC;0.00718858;Binance Earn
71732789;20/08/2024 01:49;Spot;Simple Earn Locked Rewards;BNB;0.00000980;Binance Earn
71732789;20/08/2024 01:49;Spot;Simple Earn Locked Rewards;ADA;0.00938347;Binance Earn
71732789;20/08/2024 03:00;Spot;Simple Earn Flexible Interest;ETH;9.9E-7;Binance Earn
71732789;20/08/2024 03:04;Spot;Simple Earn Flexible Interest;BTC;0,00 ;Binance Earn
71732789;21/08/2024 01:18;Spot;Simple Earn Locked Rewards;MATIC;0.00718858;Binance Earn
71732789;21/08/2024 01:19;Spot;Simple Earn Locked Rewards;BNB;0.00000980;Binance Earn
71732789;21/08/2024 01:19;Spot;Simple Earn Locked Rewards;ADA;0.00938347;Binance Earn
71732789;21/08/2024 03:01;Spot;Simple Earn Flexible Interest;BTC;0,00 ;Binance Earn
71732789;21/08/2024 03:02;Spot;Simple Earn Flexible Interest;ETH;9.9E-7;Binance Earn
71732789;22/08/2024 01:18;Spot;Simple Earn Locked Rewards;MATIC;0.00718858;Binance Earn
71732789;22/08/2024 01:18;Spot;Simple Earn Locked Rewards;BNB;0.00000980;Binance Earn
71732789;22/08/2024 01:19;Spot;Simple Earn Locked Rewards;ADA;0.00938347;Binance Earn
71732789;22/08/2024 03:27;Spot;Simple Earn Flexible Interest;ETH;9.9E-7;Binance Earn
71732789;22/08/2024 03:27;Spot;Simple Earn Flexible Interest;BTC;0,00 ;Binance Earn
71732789;23/08/2024 01:18;Spot;Simple Earn Locked Rewards;MATIC;0.00718858;Binance Earn
71732789;23/08/2024 01:18;Spot;Simple Earn Locked Rewards;ADA;0.00938347;Binance Earn
71732789;23/08/2024 01:18;Spot;Simple Earn Locked Rewards;BNB;0.00000980;Binance Earn
71732789;23/08/2024 03:03;Spot;Simple Earn Flexible Interest;ETH;9.9E-7;Binance Earn
71732789;23/08/2024 03:06;Spot;Simple Earn Flexible Interest;BTC;0,00 ;Binance Earn
71732789;24/08/2024 02:18;Spot;Simple Earn Locked Rewards;MATIC;0.00718858;Binance Earn
71732789;24/08/2024 02:18;Spot;Simple Earn Locked Rewards;ADA;0.00938347;Binance Earn
71732789;24/08/2024 02:19;Spot;Simple Earn Locked Rewards;BNB;0.00000980;Binance Earn
71732789;24/08/2024 03:22;Spot;Simple Earn Flexible Interest;ETH;9.9E-7;Binance Earn
71732789;24/08/2024 03:24;Spot;Simple Earn Flexible Interest;BTC;0,00 ;Binance Earn
71732789;25/08/2024 01:28;Spot;Simple Earn Locked Rewards;MATIC;0.00718858;Binance Earn
71732789;25/08/2024 01:28;Spot;Simple Earn Locked Rewards;ADA;0.00938347;Binance Earn
71732789;25/08/2024 01:29;Spot;Simple Earn Locked Rewards;BNB;0.00000980;Binance Earn
71732789;25/08/2024 03:02;Spot;Simple Earn Flexible Interest;ETH;9.9E-7;Binance Earn
71732789;25/08/2024 03:03;Spot;Simple Earn Flexible Interest;BTC;0,00 ;Binance Earn
71732789;26/08/2024 00:35;Spot;Launchpool Airdrop;DOGS;908.63000000;
71732789;26/08/2024 01:28;Spot;Simple Earn Locked Rewards;MATIC;0.00718858;Binance Earn
71732789;26/08/2024 01:28;Spot;Simple Earn Locked Rewards;ADA;0.00938347;Binance Earn
71732789;26/08/2024 01:29;Spot;Simple Earn Locked Rewards;BNB;0.00000980;Binance Earn
71732789;26/08/2024 03:25;Spot;Simple Earn Flexible Interest;BTC;0,00 ;Binance Earn
71732789;26/08/2024 03:25;Spot;Simple Earn Flexible Interest;ETH;9.9E-7;Binance Earn
71732789;27/08/2024 01:38;Spot;Simple Earn Locked Rewards;MATIC;0.00718858;Binance Earn
71732789;27/08/2024 01:39;Spot;Simple Earn Locked Rewards;ADA;0.00938347;Binance Earn
71732789;27/08/2024 01:39;Spot;Simple Earn Locked Rewards;BNB;0.00000980;Binance Earn
71732789;27/08/2024 03:00;Spot;Simple Earn Flexible Interest;BTC;0,00 ;Binance Earn
71732789;27/08/2024 03:02;Spot;Simple Earn Flexible Interest;ETH;9.9E-7;Binance Earn
71732789;28/08/2024 01:18;Spot;Simple Earn Locked Rewards;MATIC;0.00718858;Binance Earn
71732789;28/08/2024 01:18;Spot;Simple Earn Locked Rewards;ADA;0.00938347;Binance Earn
71732789;28/08/2024 01:19;Spot;Simple Earn Locked Rewards;BNB;0.00000980;Binance Earn
71732789;28/08/2024 03:25;Spot;Simple Earn Flexible Interest;BTC;0,00 ;Binance Earn
71732789;28/08/2024 03:26;Spot;Simple Earn Flexible Interest;ETH;9.9E-7;Binance Earn
71732789;29/08/2024 01:18;Spot;Simple Earn Locked Rewards;MATIC;0.00718858;Binance Earn
71732789;29/08/2024 01:18;Spot;Simple Earn Locked Rewards;ADA;0.00938347;Binance Earn
71732789;29/08/2024 01:19;Spot;Simple Earn Locked Rewards;BNB;0.00000980;Binance Earn
71732789;29/08/2024 03:02;Spot;Simple Earn Flexible Interest;ETH;9.9E-7;Binance Earn
71732789;29/08/2024 03:04;Spot;Simple Earn Flexible Interest;BTC;0,00 ;Binance Earn
71732789;30/08/2024 01:17;Spot;Simple Earn Locked Rewards;MATIC;0.00718858;Binance Earn
71732789;30/08/2024 01:17;Spot;Simple Earn Locked Rewards;ADA;0.00938347;Binance Earn
71732789;30/08/2024 01:18;Spot;Simple Earn Locked Rewards;BNB;0.00000980;Binance Earn
71732789;30/08/2024 03:23;Spot;Simple Earn Flexible Interest;BTC;0,00 ;Binance Earn
71732789;30/08/2024 03:23;Spot;Simple Earn Flexible Interest;ETH;9.9E-7;Binance Earn
71732789;31/08/2024 01:28;Spot;Simple Earn Locked Rewards;MATIC;0.00646829;Binance Earn
71732789;31/08/2024 01:28;Spot;Simple Earn Locked Rewards;ADA;0.00938347;Binance Earn
71732789;31/08/2024 01:29;Spot;Simple Earn Locked Rewards;BNB;0.00000980;Binance Earn
71732789;31/08/2024 03:03;Spot;Simple Earn Flexible Interest;BTC;0,00 ;Binance Earn
71732789;31/08/2024 03:04;Spot;Simple Earn Flexible Interest;ETH;9.9E-7;Binance Earn
71732789;01/09/2024 01:27;Spot;Simple Earn Locked Rewards;MATIC;0.00646829;Binance Earn
71732789;01/09/2024 01:28;Spot;Simple Earn Locked Rewards;ADA;0.00938347;Binance Earn
71732789;01/09/2024 01:28;Spot;Simple Earn Locked Rewards;BNB;0.00000980;Binance Earn
71732789;01/09/2024 03:24;Spot;Simple Earn Flexible Interest;ETH;9.9E-7;Binance Earn
71732789;01/09/2024 03:24;Spot;Simple Earn Flexible Interest;BTC;0,00 ;Binance Earn
71732789;02/09/2024 01:27;Spot;Simple Earn Locked Rewards;MATIC;0.00646829;Binance Earn
71732789;02/09/2024 01:28;Spot;Simple Earn Locked Rewards;ADA;0.00938347;Binance Earn
71732789;02/09/2024 01:28;Spot;Simple Earn Locked Rewards;BNB;0.00000980;Binance Earn
71732789;02/09/2024 03:02;Spot;Simple Earn Flexible Interest;BTC;0,00 ;Binance Earn
71732789;02/09/2024 03:03;Spot;Simple Earn Flexible Interest;ETH;9.9E-7;Binance Earn
71732789;03/09/2024 01:27;Spot;Simple Earn Locked Rewards;MATIC;0.00646829;Binance Earn
71732789;03/09/2024 01:28;Spot;Simple Earn Locked Rewards;ADA;0.00938347;Binance Earn
71732789;03/09/2024 01:28;Spot;Simple Earn Locked Rewards;BNB;0.00000980;Binance Earn
71732789;03/09/2024 03:01;Spot;Simple Earn Flexible Interest;BTC;0,00 ;Binance Earn
71732789;03/09/2024 03:04;Spot;Simple Earn Flexible Interest;ETH;9.9E-7;Binance Earn
71732789;04/09/2024 00:32;Spot;Launchpool Airdrop;TON;0.38584804;
71732789;04/09/2024 01:37;Spot;Simple Earn Locked Rewards;MATIC;0.00646829;Binance Earn
71732789;04/09/2024 01:37;Spot;Simple Earn Locked Rewards;ADA;0.00938347;Binance Earn
71732789;04/09/2024 01:38;Spot;Simple Earn Locked Rewards;BNB;0.00000980;Binance Earn
71732789;04/09/2024 03:04;Spot;Simple Earn Flexible Interest;BTC;0,00 ;Binance Earn
71732789;04/09/2024 03:06;Spot;Simple Earn Flexible Interest;ETH;9.9E-7;Binance Earn
71732789;05/09/2024 01:48;Spot;Simple Earn Locked Rewards;MATIC;0.00646829;Binance Earn
71732789;05/09/2024 01:49;Spot;Simple Earn Locked Rewards;ADA;0.00938347;Binance Earn
71732789;05/09/2024 01:49;Spot;Simple Earn Locked Rewards;BNB;0.00000980;Binance Earn
71732789;05/09/2024 03:04;Spot;Simple Earn Flexible Interest;BTC;0,00 ;Binance Earn
71732789;05/09/2024 03:07;Spot;Simple Earn Flexible Interest;ETH;9.9E-7;Binance Earn
71732789;06/09/2024 01:17;Spot;Simple Earn Locked Rewards;MATIC;0.00646829;Binance Earn
71732789;06/09/2024 01:18;Spot;Simple Earn Locked Rewards;ADA;0.00938347;Binance Earn
71732789;06/09/2024 01:18;Spot;Simple Earn Locked Rewards;BNB;0.00000980;Binance Earn
71732789;06/09/2024 03:05;Spot;Simple Earn Flexible Interest;BTC;0,00 ;Binance Earn
71732789;06/09/2024 03:06;Spot;Simple Earn Flexible Interest;ETH;0.00000297;Binance Earn
71732789;07/09/2024 01:17;Spot;Simple Earn Locked Rewards;MATIC;0.00646829;Binance Earn
71732789;07/09/2024 01:18;Spot;Simple Earn Locked Rewards;ADA;0.00938347;Binance Earn
71732789;07/09/2024 01:18;Spot;Simple Earn Locked Rewards;BNB;0.00000980;Binance Earn
71732789;07/09/2024 03:02;Spot;Simple Earn Flexible Interest;ETH;0.00000297;Binance Earn
71732789;07/09/2024 03:04;Spot;Simple Earn Flexible Interest;BTC;0,00 ;Binance Earn
71732789;08/09/2024 01:17;Spot;Simple Earn Locked Rewards;MATIC;0.00646829;Binance Earn
71732789;08/09/2024 01:18;Spot;Simple Earn Locked Rewards;ADA;0.00938347;Binance Earn
71732789;08/09/2024 01:18;Spot;Simple Earn Locked Rewards;BNB;0.00000980;Binance Earn
71732789;08/09/2024 03:02;Spot;Simple Earn Flexible Interest;BTC;0,00 ;Binance Earn
71732789;08/09/2024 03:03;Spot;Simple Earn Flexible Interest;ETH;0.00000297;Binance Earn
71732789;09/09/2024 01:28;Spot;Simple Earn Locked Rewards;MATIC;0.00646829;Binance Earn
71732789;09/09/2024 01:28;Spot;Simple Earn Locked Rewards;ADA;0.00938347;Binance Earn
71732789;09/09/2024 01:29;Spot;Simple Earn Locked Rewards;BNB;0.00000980;Binance Earn
71732789;09/09/2024 03:05;Spot;Simple Earn Flexible Interest;ETH;0.00000297;Binance Earn
71732789;09/09/2024 03:06;Spot;Simple Earn Flexible Interest;BTC;0,00 ;Binance Earn
71732789;09/09/2024 03:35;Spot;Simple Earn Locked Redemption;MATIC;122.14449766;Binance Earn
71732789;09/09/2024 05:29;Spot;Simple Earn Locked Redemption;MATIC;1.31085676;Binance Earn
71732789;10/09/2024 01:18;Spot;Simple Earn Locked Rewards;ADA;0.00938347;Binance Earn
71732789;10/09/2024 01:18;Spot;Simple Earn Locked Rewards;BNB;0.00000980;Binance Earn
71732789;10/09/2024 03:25;Spot;Simple Earn Flexible Interest;BTC;0,00 ;Binance Earn
71732789;10/09/2024 03:26;Spot;Simple Earn Flexible Interest;ETH;0.00000297;Binance Earn
71732789;10/09/2024 09:14;Spot;Asset Recovery;HEGIC;-184.31000000;
71732789;11/09/2024 01:18;Spot;Simple Earn Locked Rewards;ADA;0.00938347;Binance Earn
71732789;11/09/2024 01:18;Spot;Simple Earn Locked Rewards;BNB;0.00000980;Binance Earn
71732789;11/09/2024 04:00;Spot;Simple Earn Flexible Interest;BTC;0,00 ;Binance Earn
71732789;11/09/2024 04:01;Spot;Simple Earn Flexible Interest;ETH;0.00000297;Binance Earn
71732789;11/09/2024 11:50;Spot;Asset Recovery;MATIC;-125.19617871;
71732789;12/09/2024 01:15;Spot;Simple Earn Locked Rewards;ADA;0.00938347;Binance Earn
71732789;12/09/2024 01:16;Spot;Simple Earn Locked Rewards;BNB;0.00000980;Binance Earn
71732789;12/09/2024 03:05;Spot;Simple Earn Flexible Interest;ETH;0.00000297;Binance Earn
71732789;12/09/2024 03:07;Spot;Simple Earn Flexible Interest;BTC;0,00 ;Binance Earn
71732789;12/09/2024 15:02;Spot;Token Swap - Distribution;POL;125.19617871;
71732789;13/09/2024 01:15;Spot;Simple Earn Locked Rewards;ADA;0.00938347;Binance Earn
71732789;13/09/2024 01:16;Spot;Simple Earn Locked Rewards;BNB;0.00000980;Binance Earn
71732789;13/09/2024 03:02;Spot;Simple Earn Flexible Interest;ETH;0.00000297;Binance Earn
71732789;13/09/2024 03:07;Spot;Simple Earn Flexible Interest;BTC;0,00 ;Binance Earn
71732789;13/09/2024 10:02;Spot;Simple Earn Locked Subscription;POL;-122.14449766;Binance Earn
71732789;13/09/2024 10:02;Spot;Simple Earn Locked Subscription;POL;-1.31085676;Binance Earn
71732789;14/09/2024 01:16;Spot;Simple Earn Locked Rewards;ADA;0.00938347;Binance Earn
71732789;14/09/2024 01:16;Spot;Simple Earn Locked Rewards;BNB;0.00000980;Binance Earn
71732789;14/09/2024 03:04;Spot;Simple Earn Flexible Interest;ETH;0.00000297;Binance Earn
71732789;14/09/2024 03:06;Spot;Simple Earn Flexible Interest;BTC;0,00 ;Binance Earn
71732789;15/09/2024 01:15;Spot;Simple Earn Locked Rewards;POL;0.00646829;Binance Earn
71732789;15/09/2024 01:16;Spot;Simple Earn Locked Rewards;ADA;0.00938347;Binance Earn
71732789;15/09/2024 01:16;Spot;Simple Earn Locked Rewards;BNB;0.00000980;Binance Earn
71732789;15/09/2024 03:03;Spot;Simple Earn Flexible Interest;ETH;0.00000297;Binance Earn
71732789;15/09/2024 03:06;Spot;Simple Earn Flexible Interest;BTC;0,00 ;Binance Earn
71732789;16/09/2024 01:15;Spot;Simple Earn Locked Rewards;POL;0.00646829;Binance Earn
71732789;16/09/2024 01:16;Spot;Simple Earn Locked Rewards;ADA;0.00938347;Binance Earn
71732789;16/09/2024 01:16;Spot;Simple Earn Locked Rewards;BNB;0.00000980;Binance Earn
71732789;16/09/2024 03:05;Spot;Simple Earn Flexible Interest;BTC;0,00 ;Binance Earn
71732789;16/09/2024 03:05;Spot;Simple Earn Flexible Interest;ETH;0.00000297;Binance Earn
71732789;17/09/2024 01:15;Spot;Simple Earn Locked Rewards;POL;0.00646829;Binance Earn
71732789;17/09/2024 01:16;Spot;Simple Earn Locked Rewards;ADA;0.00938347;Binance Earn
71732789;17/09/2024 01:16;Spot;Simple Earn Locked Rewards;BNB;0.00000980;Binance Earn
71732789;17/09/2024 03:04;Spot;Simple Earn Flexible Interest;ETH;0.00000297;Binance Earn
71732789;17/09/2024 03:07;Spot;Simple Earn Flexible Interest;BTC;0,00 ;Binance Earn
71732789;18/09/2024 01:16;Spot;Simple Earn Locked Rewards;POL;0.00646829;Binance Earn
71732789;18/09/2024 01:16;Spot;Simple Earn Locked Rewards;ADA;0.00938347;Binance Earn
71732789;18/09/2024 01:16;Spot;Simple Earn Locked Rewards;BNB;0.00000980;Binance Earn
71732789;18/09/2024 05:01;Spot;Simple Earn Flexible Interest;ETH;0.00000297;Binance Earn
71732789;18/09/2024 05:04;Spot;Simple Earn Flexible Interest;BTC;0,00 ;Binance Earn
71732789;19/09/2024 01:16;Spot;Simple Earn Locked Rewards;POL;0.00646829;Binance Earn
71732789;19/09/2024 01:16;Spot;Simple Earn Locked Rewards;ADA;0.00938347;Binance Earn
71732789;19/09/2024 01:17;Spot;Simple Earn Locked Rewards;BNB;0.00000980;Binance Earn
71732789;19/09/2024 03:06;Spot;Simple Earn Flexible Interest;BTC;0,00 ;Binance Earn
71732789;19/09/2024 03:07;Spot;Simple Earn Flexible Interest;ETH;0.00000297;Binance Earn
71732789;20/09/2024 00:23;Spot;Launchpool Airdrop;CATI;4.39497398;
71732789;20/09/2024 01:18;Spot;Simple Earn Locked Rewards;POL;0.00646829;Binance Earn
71732789;20/09/2024 01:18;Spot;Simple Earn Locked Rewards;ADA;0.00938347;Binance Earn
71732789;20/09/2024 01:18;Spot;Simple Earn Locked Rewards;BNB;0.00000980;Binance Earn
71732789;20/09/2024 03:25;Spot;Simple Earn Flexible Interest;ETH;5.9E-7;Binance Earn
71732789;20/09/2024 03:26;Spot;Simple Earn Flexible Interest;BTC;0,00 ;Binance Earn
71732789;21/09/2024 01:18;Spot;Simple Earn Locked Rewards;POL;0.00646829;Binance Earn
71732789;21/09/2024 01:19;Spot;Simple Earn Locked Rewards;ADA;0.00938347;Binance Earn
71732789;21/09/2024 01:19;Spot;Simple Earn Locked Rewards;BNB;0.00000980;Binance Earn
71732789;21/09/2024 03:05;Spot;Simple Earn Flexible Interest;BTC;0,00 ;Binance Earn
71732789;21/09/2024 03:09;Spot;Simple Earn Flexible Interest;ETH;5.9E-7;Binance Earn
71732789;22/09/2024 01:18;Spot;Simple Earn Locked Rewards;POL;0.00646829;Binance Earn
71732789;22/09/2024 01:18;Spot;Simple Earn Locked Rewards;ADA;0.00938347;Binance Earn
71732789;22/09/2024 01:18;Spot;Simple Earn Locked Rewards;BNB;0.00000980;Binance Earn
71732789;22/09/2024 03:02;Spot;Simple Earn Flexible Interest;ETH;5.9E-7;Binance Earn
71732789;22/09/2024 03:05;Spot;Simple Earn Flexible Interest;BTC;0,00 ;Binance Earn
71732789;23/09/2024 01:18;Spot;Simple Earn Locked Rewards;POL;0.00646829;Binance Earn
71732789;23/09/2024 01:18;Spot;Simple Earn Locked Rewards;ADA;0.00938347;Binance Earn
71732789;23/09/2024 01:18;Spot;Simple Earn Locked Rewards;BNB;0.00000980;Binance Earn
71732789;23/09/2024 03:07;Spot;Simple Earn Flexible Interest;BTC;0,00 ;Binance Earn
71732789;23/09/2024 03:08;Spot;Simple Earn Flexible Interest;ETH;5.9E-7;Binance Earn
71732789;24/09/2024 01:28;Spot;Simple Earn Locked Rewards;POL;0.00646829;Binance Earn
71732789;24/09/2024 01:28;Spot;Simple Earn Locked Rewards;ADA;0.00938347;Binance Earn
71732789;24/09/2024 01:29;Spot;Simple Earn Locked Rewards;BNB;0.00000980;Binance Earn
71732789;24/09/2024 03:24;Spot;Simple Earn Flexible Interest;ETH;5.9E-7;Binance Earn
71732789;24/09/2024 03:28;Spot;Simple Earn Flexible Interest;BTC;0,00 ;Binance Earn
71732789;25/09/2024 01:38;Spot;Simple Earn Locked Rewards;POL;0.00646829;Binance Earn
71732789;25/09/2024 01:38;Spot;Simple Earn Locked Rewards;ADA;0.00938347;Binance Earn
71732789;25/09/2024 01:39;Spot;Simple Earn Locked Rewards;BNB;0.00000980;Binance Earn
71732789;25/09/2024 03:02;Spot;Simple Earn Flexible Interest;BTC;0,00 ;Binance Earn
71732789;25/09/2024 03:06;Spot;Simple Earn Flexible Interest;ETH;5.9E-7;Binance Earn
71732789;26/09/2024 00:29;Spot;Launchpool Airdrop;HMSTR;146.53000000;
71732789;26/09/2024 01:38;Spot;Simple Earn Locked Rewards;POL;0.00646829;Binance Earn
71732789;26/09/2024 01:38;Spot;Simple Earn Locked Rewards;ADA;0.00938347;Binance Earn
71732789;26/09/2024 01:39;Spot;Simple Earn Locked Rewards;BNB;0.00000980;Binance Earn
71732789;26/09/2024 03:03;Spot;Simple Earn Flexible Interest;BTC;0,00 ;Binance Earn
71732789;26/09/2024 03:05;Spot;Simple Earn Flexible Interest;ETH;5.9E-7;Binance Earn
71732789;27/09/2024 01:28;Spot;Simple Earn Locked Rewards;POL;0.00646829;Binance Earn
71732789;27/09/2024 01:29;Spot;Simple Earn Locked Rewards;ADA;0.00938347;Binance Earn
71732789;27/09/2024 01:29;Spot;Simple Earn Locked Rewards;BNB;0.00000980;Binance Earn
71732789;27/09/2024 03:24;Spot;Simple Earn Flexible Interest;BTC;0,00 ;Binance Earn
71732789;27/09/2024 03:26;Spot;Simple Earn Flexible Interest;ETH;5.9E-7;Binance Earn
71732789;28/09/2024 01:29;Spot;Simple Earn Locked Rewards;POL;0.00646829;Binance Earn
71732789;28/09/2024 01:29;Spot;Simple Earn Locked Rewards;ADA;0.00938347;Binance Earn
71732789;28/09/2024 01:30;Spot;Simple Earn Locked Rewards;BNB;0.00000980;Binance Earn
71732789;28/09/2024 03:24;Spot;Simple Earn Flexible Interest;BTC;0,00 ;Binance Earn
71732789;28/09/2024 03:25;Spot;Simple Earn Flexible Interest;ETH;5.9E-7;Binance Earn
71732789;29/09/2024 01:29;Spot;Simple Earn Locked Rewards;POL;0.00646829;Binance Earn
71732789;29/09/2024 01:29;Spot;Simple Earn Locked Rewards;ADA;0.00938347;Binance Earn
71732789;29/09/2024 01:30;Spot;Simple Earn Locked Rewards;BNB;0.00000980;Binance Earn
71732789;29/09/2024 03:01;Spot;Simple Earn Flexible Interest;BTC;0,00 ;Binance Earn
71732789;29/09/2024 03:05;Spot;Simple Earn Flexible Interest;ETH;5.9E-7;Binance Earn
71732789;30/09/2024 01:39;Spot;Simple Earn Locked Rewards;POL;0.00646829;Binance Earn
71732789;30/09/2024 01:40;Spot;Simple Earn Locked Rewards;ADA;0.00938347;Binance Earn
71732789;30/09/2024 01:41;Spot;Simple Earn Locked Rewards;BNB;0.00000980;Binance Earn
71732789;30/09/2024 03:22;Spot;Simple Earn Flexible Interest;ETH;5.9E-7;Binance Earn
71732789;30/09/2024 03:26;Spot;Simple Earn Flexible Interest;BTC;0,00 ;Binance Earn
71732789;01/10/2024 01:39;Spot;Simple Earn Locked Rewards;POL;0.00646829;Binance Earn
71732789;01/10/2024 01:40;Spot;Simple Earn Locked Rewards;ADA;0.00938347;Binance Earn
71732789;01/10/2024 01:40;Spot;Simple Earn Locked Rewards;BNB;0.00000980;Binance Earn
71732789;01/10/2024 03:07;Spot;Simple Earn Flexible Interest;ETH;5.9E-7;Binance Earn
71732789;01/10/2024 03:08;Spot;Simple Earn Flexible Interest;BTC;0,00 ;Binance Earn
71732789;02/10/2024 01:41;Spot;Simple Earn Locked Rewards;POL;0.00646829;Binance Earn
71732789;02/10/2024 01:41;Spot;Simple Earn Locked Rewards;ADA;0.00938347;Binance Earn
71732789;02/10/2024 01:42;Spot;Simple Earn Locked Rewards;BNB;0.00000980;Binance Earn
71732789;02/10/2024 03:05;Spot;Simple Earn Flexible Interest;ETH;5.9E-7;Binance Earn
71732789;02/10/2024 03:08;Spot;Simple Earn Flexible Interest;BTC;0,00 ;Binance Earn
71732789;03/10/2024 01:20;Spot;Simple Earn Locked Rewards;POL;0.00646829;Binance Earn
71732789;03/10/2024 01:21;Spot;Simple Earn Locked Rewards;ADA;0.00938347;Binance Earn
71732789;03/10/2024 01:22;Spot;Simple Earn Locked Rewards;BNB;0.00000980;Binance Earn
71732789;03/10/2024 03:07;Spot;Simple Earn Flexible Interest;BTC;0,00 ;Binance Earn
71732789;03/10/2024 03:10;Spot;Simple Earn Flexible Interest;ETH;5.9E-7;Binance Earn
71732789;04/10/2024 01:20;Spot;Simple Earn Locked Rewards;POL;0.00646829;Binance Earn
71732789;04/10/2024 01:20;Spot;Simple Earn Locked Rewards;ADA;0.00938347;Binance Earn
71732789;04/10/2024 01:21;Spot;Simple Earn Locked Rewards;BNB;0.00000980;Binance Earn
71732789;04/10/2024 03:04;Spot;Simple Earn Flexible Interest;ETH;5.9E-7;Binance Earn
71732789;04/10/2024 03:07;Spot;Simple Earn Flexible Interest;BTC;0,00 ;Binance Earn
71732789;05/10/2024 01:20;Spot;Simple Earn Locked Rewards;POL;0.00646829;Binance Earn
71732789;05/10/2024 01:20;Spot;Simple Earn Locked Rewards;ADA;0.00938347;Binance Earn
71732789;05/10/2024 01:21;Spot;Simple Earn Locked Rewards;BNB;0.00000980;Binance Earn
71732789;05/10/2024 03:02;Spot;Simple Earn Flexible Interest;ETH;5.9E-7;Binance Earn
71732789;05/10/2024 03:10;Spot;Simple Earn Flexible Interest;BTC;0,00 ;Binance Earn
71732789;06/10/2024 01:30;Spot;Simple Earn Locked Rewards;POL;0.00646829;Binance Earn
71732789;06/10/2024 01:30;Spot;Simple Earn Locked Rewards;ADA;0.00938347;Binance Earn
71732789;06/10/2024 01:31;Spot;Simple Earn Locked Rewards;BNB;0.00000980;Binance Earn
71732789;06/10/2024 03:01;Spot;Simple Earn Flexible Interest;ETH;5.9E-7;Binance Earn
71732789;06/10/2024 03:05;Spot;Simple Earn Flexible Interest;BTC;0,00 ;Binance Earn
71732789;07/10/2024 01:19;Spot;Simple Earn Locked Rewards;POL;0.00646829;Binance Earn
71732789;07/10/2024 01:19;Spot;Simple Earn Locked Rewards;ADA;0.00938347;Binance Earn
71732789;07/10/2024 01:20;Spot;Simple Earn Locked Rewards;BNB;0.00000980;Binance Earn
71732789;07/10/2024 03:05;Spot;Simple Earn Flexible Interest;ETH;5.9E-7;Binance Earn
71732789;07/10/2024 03:07;Spot;Simple Earn Flexible Interest;BTC;0,00 ;Binance Earn
71732789;08/10/2024 01:19;Spot;Simple Earn Locked Rewards;POL;0.00646829;Binance Earn
71732789;08/10/2024 01:20;Spot;Simple Earn Locked Rewards;ADA;0.00938347;Binance Earn
71732789;08/10/2024 01:20;Spot;Simple Earn Locked Rewards;BNB;0.00000980;Binance Earn
71732789;08/10/2024 03:02;Spot;Simple Earn Flexible Interest;ETH;5.9E-7;Binance Earn
71732789;08/10/2024 03:06;Spot;Simple Earn Flexible Interest;BTC;0,00 ;Binance Earn
71732789;09/10/2024 01:19;Spot;Simple Earn Locked Rewards;POL;0.00646829;Binance Earn
71732789;09/10/2024 01:20;Spot;Simple Earn Locked Rewards;ADA;0.00938347;Binance Earn
71732789;09/10/2024 01:20;Spot;Simple Earn Locked Rewards;BNB;0.00000980;Binance Earn
71732789;09/10/2024 04:02;Spot;Simple Earn Flexible Interest;ETH;5.9E-7;Binance Earn
71732789;09/10/2024 04:10;Spot;Simple Earn Flexible Interest;BTC;0,00 ;Binance Earn
71732789;10/10/2024 01:19;Spot;Simple Earn Locked Rewards;POL;0.00646829;Binance Earn
71732789;10/10/2024 01:19;Spot;Simple Earn Locked Rewards;ADA;0.00938347;Binance Earn
71732789;10/10/2024 01:20;Spot;Simple Earn Locked Rewards;BNB;0.00000980;Binance Earn
71732789;10/10/2024 03:01;Spot;Simple Earn Flexible Interest;BTC;0,00 ;Binance Earn
71732789;10/10/2024 03:06;Spot;Simple Earn Flexible Interest;ETH;5.9E-7;Binance Earn
71732789;11/10/2024 00:27;Spot;Launchpool Airdrop;SCR;2.62456094;
71732789;11/10/2024 01:18;Spot;Simple Earn Locked Rewards;POL;0.00646829;Binance Earn
71732789;11/10/2024 01:19;Spot;Simple Earn Locked Rewards;ADA;0.00938347;Binance Earn
71732789;11/10/2024 01:19;Spot;Simple Earn Locked Rewards;BNB;0.00000980;Binance Earn
71732789;11/10/2024 03:09;Spot;Simple Earn Flexible Interest;BTC;0,00 ;Binance Earn
71732789;11/10/2024 03:09;Spot;Simple Earn Flexible Interest;ETH;5.9E-7;Binance Earn
71732789;12/10/2024 01:18;Spot;Simple Earn Locked Rewards;POL;0.00646829;Binance Earn
71732789;12/10/2024 01:19;Spot;Simple Earn Locked Rewards;ADA;0.00938347;Binance Earn
71732789;12/10/2024 01:19;Spot;Simple Earn Locked Rewards;BNB;0.00000980;Binance Earn
71732789;12/10/2024 03:06;Spot;Simple Earn Flexible Interest;BTC;0,00 ;Binance Earn
71732789;12/10/2024 03:09;Spot;Simple Earn Flexible Interest;ETH;5.9E-7;Binance Earn
71732789;13/10/2024 01:18;Spot;Simple Earn Locked Rewards;POL;0.00646829;Binance Earn
71732789;13/10/2024 01:19;Spot;Simple Earn Locked Rewards;ADA;0.00938347;Binance Earn
71732789;13/10/2024 01:19;Spot;Simple Earn Locked Rewards;BNB;0.00000980;Binance Earn
71732789;13/10/2024 03:05;Spot;Simple Earn Flexible Interest;ETH;5.9E-7;Binance Earn
71732789;13/10/2024 03:07;Spot;Simple Earn Flexible Interest;BTC;0,00 ;Binance Earn
71732789;14/10/2024 01:18;Spot;Simple Earn Locked Rewards;POL;0.00646829;Binance Earn
71732789;14/10/2024 01:19;Spot;Simple Earn Locked Rewards;ADA;0.00938347;Binance Earn
71732789;14/10/2024 01:19;Spot;Simple Earn Locked Rewards;BNB;0.00000980;Binance Earn
71732789;14/10/2024 03:04;Spot;Simple Earn Flexible Interest;ETH;5.9E-7;Binance Earn
71732789;14/10/2024 03:08;Spot;Simple Earn Flexible Interest;BTC;0,00 ;Binance Earn
71732789;15/10/2024 01:19;Spot;Simple Earn Locked Rewards;POL;0.00646829;Binance Earn
71732789;15/10/2024 01:19;Spot;Simple Earn Locked Rewards;ADA;0.00938347;Binance Earn
71732789;15/10/2024 01:20;Spot;Simple Earn Locked Rewards;BNB;0.00000980;Binance Earn
71732789;15/10/2024 03:03;Spot;Simple Earn Flexible Interest;BTC;0,00 ;Binance Earn
71732789;15/10/2024 03:03;Spot;Simple Earn Flexible Interest;ETH;3.9E-7;Binance Earn
71732789;16/10/2024 01:19;Spot;Simple Earn Locked Rewards;POL;0.00646829;Binance Earn
71732789;16/10/2024 01:19;Spot;Simple Earn Locked Rewards;ADA;0.00938347;Binance Earn
71732789;16/10/2024 01:20;Spot;Simple Earn Locked Rewards;BNB;0.00000980;Binance Earn
71732789;16/10/2024 03:05;Spot;Simple Earn Flexible Interest;ETH;3.9E-7;Binance Earn
71732789;16/10/2024 03:06;Spot;Simple Earn Flexible Interest;BTC;0,00 ;Binance Earn
71732789;17/10/2024 01:19;Spot;Simple Earn Locked Rewards;POL;0.00646829;Binance Earn
71732789;17/10/2024 01:19;Spot;Simple Earn Locked Rewards;ADA;0.00938347;Binance Earn
71732789;17/10/2024 01:20;Spot;Simple Earn Locked Rewards;BNB;0.00000980;Binance Earn
71732789;17/10/2024 03:26;Spot;Simple Earn Flexible Interest;BTC;0,00 ;Binance Earn
71732789;17/10/2024 03:27;Spot;Simple Earn Flexible Interest;ETH;3.9E-7;Binance Earn
71732789;18/10/2024 01:19;Spot;Simple Earn Locked Rewards;POL;0.00646829;Binance Earn
71732789;18/10/2024 01:19;Spot;Simple Earn Locked Rewards;ADA;0.00938347;Binance Earn
71732789;18/10/2024 01:20;Spot;Simple Earn Locked Rewards;BNB;0.00000980;Binance Earn
71732789;18/10/2024 03:28;Spot;Simple Earn Flexible Interest;ETH;3.9E-7;Binance Earn
71732789;18/10/2024 03:29;Spot;Simple Earn Flexible Interest;BTC;0,00 ;Binance Earn
71732789;19/10/2024 01:19;Spot;Simple Earn Locked Rewards;POL;0.00646829;Binance Earn
71732789;19/10/2024 01:19;Spot;Simple Earn Locked Rewards;ADA;0.00938347;Binance Earn
71732789;19/10/2024 01:20;Spot;Simple Earn Locked Rewards;BNB;0.00000980;Binance Earn
71732789;19/10/2024 03:01;Spot;Simple Earn Flexible Interest;ETH;3.9E-7;Binance Earn
71732789;19/10/2024 03:08;Spot;Simple Earn Flexible Interest;BTC;0,00 ;Binance Earn
71732789;20/10/2024 01:18;Spot;Simple Earn Locked Rewards;POL;0.00646829;Binance Earn
71732789;20/10/2024 01:18;Spot;Simple Earn Locked Rewards;ADA;0.00938347;Binance Earn
71732789;20/10/2024 01:19;Spot;Simple Earn Locked Rewards;BNB;0.00000980;Binance Earn
71732789;20/10/2024 03:22;Spot;Simple Earn Flexible Interest;ETH;3.9E-7;Binance Earn
71732789;20/10/2024 03:23;Spot;Simple Earn Flexible Interest;BTC;0,00 ;Binance Earn
71732789;21/10/2024 01:18;Spot;Simple Earn Locked Rewards;POL;0.00646829;Binance Earn
71732789;21/10/2024 01:19;Spot;Simple Earn Locked Rewards;ADA;0.00938347;Binance Earn
71732789;21/10/2024 01:19;Spot;Simple Earn Locked Rewards;BNB;0.00000980;Binance Earn
71732789;21/10/2024 03:22;Spot;Simple Earn Flexible Interest;BTC;0,00 ;Binance Earn
71732789;21/10/2024 03:26;Spot;Simple Earn Flexible Interest;ETH;3.9E-7;Binance Earn
71732789;22/10/2024 01:18;Spot;Simple Earn Locked Rewards;POL;0.00646829;Binance Earn
71732789;22/10/2024 01:19;Spot;Simple Earn Locked Rewards;ADA;0.00938347;Binance Earn
71732789;22/10/2024 01:19;Spot;Simple Earn Locked Rewards;BNB;0.00000806;Binance Earn
71732789;22/10/2024 04:30;Spot;Simple Earn Flexible Interest;BTC;0,00 ;Binance Earn
71732789;22/10/2024 04:30;Spot;Simple Earn Flexible Interest;ETH;3.9E-7;Binance Earn
71732789;23/10/2024 01:18;Spot;Simple Earn Locked Rewards;POL;0.00646829;Binance Earn
71732789;23/10/2024 01:18;Spot;Simple Earn Locked Rewards;ADA;0.00938347;Binance Earn
71732789;23/10/2024 01:19;Spot;Simple Earn Locked Rewards;BNB;0.00000806;Binance Earn
71732789;23/10/2024 03:02;Spot;Simple Earn Flexible Interest;BTC;0,00 ;Binance Earn
71732789;23/10/2024 03:08;Spot;Simple Earn Flexible Interest;ETH;3.9E-7;Binance Earn
71732789;24/10/2024 01:18;Spot;Simple Earn Locked Rewards;POL;0.00646829;Binance Earn
71732789;24/10/2024 01:19;Spot;Simple Earn Locked Rewards;ADA;0.00938347;Binance Earn
71732789;24/10/2024 01:19;Spot;Simple Earn Locked Rewards;BNB;0.00000806;Binance Earn
71732789;24/10/2024 03:23;Spot;Simple Earn Flexible Interest;BTC;0,00 ;Binance Earn
71732789;24/10/2024 03:27;Spot;Simple Earn Flexible Interest;ETH;3.9E-7;Binance Earn
71732789;25/10/2024 01:18;Spot;Simple Earn Locked Rewards;POL;0.00646829;Binance Earn
71732789;25/10/2024 01:19;Spot;Simple Earn Locked Rewards;ADA;0.00938347;Binance Earn
71732789;25/10/2024 01:19;Spot;Simple Earn Locked Rewards;BNB;0.00000806;Binance Earn
71732789;25/10/2024 03:05;Spot;Simple Earn Flexible Interest;ETH;3.9E-7;Binance Earn
71732789;25/10/2024 03:10;Spot;Simple Earn Flexible Interest;BTC;0,00 ;Binance Earn
71732789;26/10/2024 01:18;Spot;Simple Earn Locked Rewards;POL;0.00645357;Binance Earn
71732789;26/10/2024 01:18;Spot;Simple Earn Locked Rewards;ADA;0.00938347;Binance Earn
71732789;26/10/2024 01:19;Spot;Simple Earn Locked Rewards;BNB;0.00000806;Binance Earn
71732789;26/10/2024 03:25;Spot;Simple Earn Flexible Interest;ETH;3.9E-7;Binance Earn
71732789;26/10/2024 03:31;Spot;Simple Earn Flexible Interest;BTC;0,00 ;Binance Earn
71732789;27/10/2024 01:18;Spot;Simple Earn Locked Rewards;POL;0.00645357;Binance Earn
71732789;27/10/2024 01:19;Spot;Simple Earn Locked Rewards;ADA;0.00938347;Binance Earn
71732789;27/10/2024 01:19;Spot;Simple Earn Locked Rewards;BNB;0.00000806;Binance Earn
71732789;27/10/2024 03:06;Spot;Simple Earn Flexible Interest;BTC;0,00 ;Binance Earn
71732789;27/10/2024 03:10;Spot;Simple Earn Flexible Interest;ETH;3.9E-7;Binance Earn
71732789;28/10/2024 01:18;Spot;Simple Earn Locked Rewards;POL;0.00645357;Binance Earn
71732789;28/10/2024 01:18;Spot;Simple Earn Locked Rewards;ADA;0.00938347;Binance Earn
71732789;28/10/2024 01:19;Spot;Simple Earn Locked Rewards;BNB;0.00000806;Binance Earn
71732789;28/10/2024 03:26;Spot;Simple Earn Flexible Interest;BTC;0,00 ;Binance Earn
71732789;28/10/2024 03:26;Spot;Simple Earn Flexible Interest;ETH;3.9E-7;Binance Earn
71732789;29/10/2024 01:19;Spot;Simple Earn Locked Rewards;POL;0.00645357;Binance Earn
71732789;29/10/2024 01:19;Spot;Simple Earn Locked Rewards;ADA;0.00938347;Binance Earn
71732789;29/10/2024 01:20;Spot;Simple Earn Locked Rewards;BNB;0.00000806;Binance Earn
71732789;29/10/2024 03:05;Spot;Simple Earn Flexible Interest;BTC;0,00 ;Binance Earn
71732789;29/10/2024 03:12;Spot;Simple Earn Flexible Interest;ETH;3.9E-7;Binance Earn
71732789;30/10/2024 01:19;Spot;Simple Earn Locked Rewards;POL;0.00645357;Binance Earn
71732789;30/10/2024 01:19;Spot;Simple Earn Locked Rewards;ADA;0.00938347;Binance Earn
71732789;30/10/2024 01:20;Spot;Simple Earn Locked Rewards;BNB;0.00000806;Binance Earn
71732789;30/10/2024 03:51;Spot;Simple Earn Flexible Interest;ETH;3.9E-7;Binance Earn
71732789;30/10/2024 03:54;Spot;Simple Earn Flexible Interest;BTC;0,00 ;Binance Earn
71732789;31/10/2024 01:18;Spot;Simple Earn Locked Rewards;POL;0.00645357;Binance Earn
71732789;31/10/2024 01:18;Spot;Simple Earn Locked Rewards;ADA;0.00938347;Binance Earn
71732789;31/10/2024 01:19;Spot;Simple Earn Locked Rewards;BNB;0.00000806;Binance Earn
71732789;31/10/2024 03:08;Spot;Simple Earn Flexible Interest;BTC;0,00 ;Binance Earn
71732789;31/10/2024 03:11;Spot;Simple Earn Flexible Interest;ETH;3.9E-7;Binance Earn
71732789;01/11/2024 01:18;Spot;Simple Earn Locked Rewards;POL;0.00645357;Binance Earn
71732789;01/11/2024 01:18;Spot;Simple Earn Locked Rewards;ADA;0.00938347;Binance Earn
71732789;01/11/2024 01:19;Spot;Simple Earn Locked Rewards;BNB;0.00000806;Binance Earn
71732789;01/11/2024 04:05;Spot;Simple Earn Flexible Interest;ETH;3.9E-7;Binance Earn
71732789;01/11/2024 04:13;Spot;Simple Earn Flexible Interest;BTC;0,00 ;Binance Earn
71732789;02/11/2024 01:18;Spot;Simple Earn Locked Rewards;POL;0.00645357;Binance Earn
71732789;02/11/2024 01:18;Spot;Simple Earn Locked Rewards;ADA;0.00938347;Binance Earn
71732789;02/11/2024 01:19;Spot;Simple Earn Locked Rewards;BNB;0.00000806;Binance Earn
71732789;02/11/2024 03:01;Spot;Simple Earn Flexible Interest;ETH;3.9E-7;Binance Earn
71732789;02/11/2024 03:04;Spot;Simple Earn Flexible Interest;BTC;0,00 ;Binance Earn
71732789;03/11/2024 01:17;Spot;Simple Earn Locked Rewards;POL;0.00645357;Binance Earn
71732789;03/11/2024 01:18;Spot;Simple Earn Locked Rewards;ADA;0.00938347;Binance Earn
71732789;03/11/2024 01:18;Spot;Simple Earn Locked Rewards;BNB;0.00000806;Binance Earn
71732789;03/11/2024 03:04;Spot;Simple Earn Flexible Interest;BTC;0,00 ;Binance Earn
71732789;03/11/2024 03:07;Spot;Simple Earn Flexible Interest;ETH;3.9E-7;Binance Earn
71732789;04/11/2024 01:17;Spot;Simple Earn Locked Rewards;POL;0.00645357;Binance Earn
71732789;04/11/2024 01:18;Spot;Simple Earn Locked Rewards;ADA;0.00938347;Binance Earn
71732789;04/11/2024 01:18;Spot;Simple Earn Locked Rewards;BNB;0.00000806;Binance Earn
71732789;04/11/2024 03:04;Spot;Simple Earn Flexible Interest;ETH;3.9E-7;Binance Earn
71732789;04/11/2024 03:13;Spot;Simple Earn Flexible Interest;BTC;0,00 ;Binance Earn
71732789;05/11/2024 01:18;Spot;Simple Earn Locked Rewards;POL;0.00645357;Binance Earn
71732789;05/11/2024 01:18;Spot;Simple Earn Locked Rewards;ADA;0.00938347;Binance Earn
71732789;05/11/2024 01:19;Spot;Simple Earn Locked Rewards;BNB;0.00000806;Binance Earn
71732789;05/11/2024 03:17;Spot;Simple Earn Flexible Interest;ETH;3.9E-7;Binance Earn
71732789;05/11/2024 03:19;Spot;Simple Earn Flexible Interest;BTC;0,00 ;Binance Earn
71732789;06/11/2024 01:18;Spot;Simple Earn Locked Rewards;POL;0.00645357;Binance Earn
71732789;06/11/2024 01:19;Spot;Simple Earn Locked Rewards;ADA;0.00938347;Binance Earn
71732789;06/11/2024 01:19;Spot;Simple Earn Locked Rewards;BNB;0.00000806;Binance Earn
71732789;06/11/2024 03:05;Spot;Simple Earn Flexible Interest;BTC;0,00 ;Binance Earn
71732789;06/11/2024 03:10;Spot;Simple Earn Flexible Interest;ETH;3.9E-7;Binance Earn
71732789;07/11/2024 01:18;Spot;Simple Earn Locked Rewards;POL;0.00645357;Binance Earn
71732789;07/11/2024 01:19;Spot;Simple Earn Locked Rewards;ADA;0.00938347;Binance Earn
71732789;07/11/2024 01:19;Spot;Simple Earn Locked Rewards;BNB;0.00000806;Binance Earn
71732789;07/11/2024 03:06;Spot;Simple Earn Flexible Interest;ETH;3.9E-7;Binance Earn
71732789;07/11/2024 03:21;Spot;Simple Earn Flexible Interest;BTC;0,00 ;Binance Earn
71732789;08/11/2024 01:18;Spot;Simple Earn Locked Rewards;POL;0.00645357;Binance Earn
71732789;08/11/2024 01:19;Spot;Simple Earn Locked Rewards;ADA;0.00938347;Binance Earn
71732789;08/11/2024 01:19;Spot;Simple Earn Locked Rewards;BNB;0.00000806;Binance Earn
71732789;08/11/2024 03:05;Spot;Simple Earn Flexible Interest;BTC;0,00 ;Binance Earn
71732789;08/11/2024 03:06;Spot;Simple Earn Flexible Interest;ETH;3.9E-7;Binance Earn
71732789;09/11/2024 01:18;Spot;Simple Earn Locked Rewards;POL;0.00645357;Binance Earn
71732789;09/11/2024 01:19;Spot;Simple Earn Locked Rewards;ADA;0.00938347;Binance Earn
71732789;09/11/2024 01:19;Spot;Simple Earn Locked Rewards;BNB;0.00000806;Binance Earn
71732789;09/11/2024 03:01;Spot;Simple Earn Flexible Interest;BTC;0,00 ;Binance Earn
71732789;09/11/2024 03:14;Spot;Simple Earn Flexible Interest;ETH;3.9E-7;Binance Earn
71732789;10/11/2024 01:18;Spot;Simple Earn Locked Rewards;POL;0.00645357;Binance Earn
71732789;10/11/2024 01:18;Spot;Simple Earn Locked Rewards;ADA;0.00938347;Binance Earn
71732789;10/11/2024 01:19;Spot;Simple Earn Locked Rewards;BNB;0.00000806;Binance Earn
71732789;10/11/2024 03:13;Spot;Simple Earn Flexible Interest;BTC;0,00 ;Binance Earn
71732789;10/11/2024 03:40;Spot;Simple Earn Flexible Interest;ETH;3.9E-7;Binance Earn
71732789;11/11/2024 01:18;Spot;Simple Earn Locked Rewards;POL;0.00645357;Binance Earn
71732789;11/11/2024 01:18;Spot;Simple Earn Locked Rewards;ADA;0.00938347;Binance Earn
71732789;11/11/2024 01:19;Spot;Simple Earn Locked Rewards;BNB;0.00000806;Binance Earn
71732789;11/11/2024 03:06;Spot;Simple Earn Flexible Interest;ETH;3.9E-7;Binance Earn
71732789;11/11/2024 03:40;Spot;Simple Earn Flexible Interest;BTC;0,00 ;Binance Earn
71732789;12/11/2024 01:18;Spot;Simple Earn Locked Rewards;POL;0.00645357;Binance Earn
71732789;12/11/2024 01:18;Spot;Simple Earn Locked Rewards;ADA;0.00938347;Binance Earn
71732789;12/11/2024 01:19;Spot;Simple Earn Locked Rewards;BNB;0.00000806;Binance Earn
71732789;12/11/2024 03:06;Spot;Simple Earn Flexible Interest;ETH;3.9E-7;Binance Earn
71732789;12/11/2024 03:21;Spot;Simple Earn Flexible Interest;BTC;0,00 ;Binance Earn
71732789;13/11/2024 01:18;Spot;Simple Earn Locked Rewards;POL;0.00645357;Binance Earn
71732789;13/11/2024 01:19;Spot;Simple Earn Locked Rewards;ADA;0.00938347;Binance Earn
71732789;13/11/2024 01:20;Spot;Simple Earn Locked Rewards;BNB;0.00000806;Binance Earn
71732789;13/11/2024 04:10;Spot;Simple Earn Flexible Interest;BTC;0,00 ;Binance Earn
71732789;13/11/2024 04:10;Spot;Simple Earn Flexible Interest;ETH;3.9E-7;Binance Earn
71732789;14/11/2024 01:18;Spot;Simple Earn Locked Rewards;POL;0.00645357;Binance Earn
71732789;14/11/2024 01:19;Spot;Simple Earn Locked Rewards;ADA;0.00938347;Binance Earn
71732789;14/11/2024 01:19;Spot;Simple Earn Locked Rewards;BNB;0.00000806;Binance Earn
71732789;14/11/2024 05:45;Spot;Simple Earn Flexible Interest;BTC;0,00 ;Binance Earn
71732789;14/11/2024 05:49;Spot;Simple Earn Flexible Interest;ETH;0.00000198;Binance Earn
71732789;15/11/2024 01:18;Spot;Simple Earn Locked Rewards;POL;0.00645357;Binance Earn
71732789;15/11/2024 01:18;Spot;Simple Earn Locked Rewards;ADA;0.00938347;Binance Earn
71732789;15/11/2024 01:19;Spot;Simple Earn Locked Rewards;BNB;0.00000806;Binance Earn
71732789;15/11/2024 03:10;Spot;Simple Earn Flexible Interest;ETH;0.00000198;Binance Earn
71732789;15/11/2024 03:14;Spot;Simple Earn Flexible Interest;BTC;0,00 ;Binance Earn
71732789;16/11/2024 01:18;Spot;Simple Earn Locked Rewards;POL;0.00645357;Binance Earn
71732789;16/11/2024 01:19;Spot;Simple Earn Locked Rewards;ADA;0.00938347;Binance Earn
71732789;16/11/2024 01:19;Spot;Simple Earn Locked Rewards;BNB;0.00000806;Binance Earn
71732789;16/11/2024 03:14;Spot;Simple Earn Flexible Interest;BTC;0,00 ;Binance Earn
71732789;16/11/2024 03:40;Spot;Simple Earn Flexible Interest;ETH;0.00000198;Binance Earn
71732789;17/11/2024 01:18;Spot;Simple Earn Locked Rewards;POL;0.00645357;Binance Earn
71732789;17/11/2024 01:18;Spot;Simple Earn Locked Rewards;ADA;0.00938347;Binance Earn
71732789;17/11/2024 01:19;Spot;Simple Earn Locked Rewards;BNB;0.00000806;Binance Earn
71732789;17/11/2024 03:02;Spot;Simple Earn Flexible Interest;BTC;0,00 ;Binance Earn
71732789;17/11/2024 03:02;Spot;Simple Earn Flexible Interest;ETH;0.00000198;Binance Earn
71732789;18/11/2024 01:18;Spot;Simple Earn Locked Rewards;POL;0.00645357;Binance Earn
71732789;18/11/2024 01:19;Spot;Simple Earn Locked Rewards;ADA;0.00938347;Binance Earn
71732789;18/11/2024 01:19;Spot;Simple Earn Locked Rewards;BNB;0.00000806;Binance Earn
71732789;18/11/2024 03:02;Spot;Simple Earn Flexible Interest;BTC;0,00 ;Binance Earn
71732789;18/11/2024 03:02;Spot;Simple Earn Flexible Interest;ETH;0.00000198;Binance Earn
71732789;19/11/2024 00:20;Spot;Launchpool Airdrop;USUAL;14.42056337;
71732789;19/11/2024 01:18;Spot;Simple Earn Locked Rewards;POL;0.00645357;Binance Earn
71732789;19/11/2024 01:18;Spot;Simple Earn Locked Rewards;ADA;0.00938347;Binance Earn
71732789;19/11/2024 01:19;Spot;Simple Earn Locked Rewards;BNB;0.00000806;Binance Earn
71732789;19/11/2024 03:02;Spot;Simple Earn Flexible Interest;ETH;0.00000198;Binance Earn
71732789;19/11/2024 03:09;Spot;Simple Earn Flexible Interest;BTC;0,00 ;Binance Earn
71732789;20/11/2024 01:18;Spot;Simple Earn Locked Rewards;POL;0.00645357;Binance Earn
71732789;20/11/2024 01:18;Spot;Simple Earn Locked Rewards;ADA;0.00938347;Binance Earn
71732789;20/11/2024 01:19;Spot;Simple Earn Locked Rewards;BNB;0.00000806;Binance Earn
71732789;20/11/2024 03:06;Spot;Simple Earn Flexible Interest;BTC;0,00 ;Binance Earn
71732789;20/11/2024 03:41;Spot;Simple Earn Flexible Interest;ETH;0.00000198;Binance Earn
71732789;21/11/2024 01:18;Spot;Simple Earn Locked Rewards;POL;0.00645357;Binance Earn
71732789;21/11/2024 01:19;Spot;Simple Earn Locked Rewards;ADA;0.00938347;Binance Earn
71732789;21/11/2024 01:20;Spot;Simple Earn Locked Rewards;BNB;0.00000806;Binance Earn
71732789;21/11/2024 03:01;Spot;Simple Earn Flexible Interest;BTC;0,00 ;Binance Earn
71732789;21/11/2024 03:06;Spot;Simple Earn Flexible Interest;ETH;0.00000198;Binance Earn
71732789;22/11/2024 01:18;Spot;Simple Earn Locked Rewards;POL;0.00645357;Binance Earn
71732789;22/11/2024 01:18;Spot;Simple Earn Locked Rewards;ADA;0.00938347;Binance Earn
71732789;22/11/2024 01:19;Spot;Simple Earn Locked Rewards;BNB;0.00000806;Binance Earn
71732789;22/11/2024 03:42;Spot;Simple Earn Flexible Interest;BTC;0,00 ;Binance Earn
71732789;22/11/2024 03:57;Spot;Simple Earn Flexible Interest;ETH;0.00000198;Binance Earn
71732789;23/11/2024 01:18;Spot;Simple Earn Locked Rewards;POL;0.00645357;Binance Earn
71732789;23/11/2024 01:18;Spot;Simple Earn Locked Rewards;ADA;0.00938347;Binance Earn
71732789;23/11/2024 01:19;Spot;Simple Earn Locked Rewards;BNB;0.00000806;Binance Earn
71732789;23/11/2024 03:45;Spot;Simple Earn Flexible Interest;BTC;0,00 ;Binance Earn
71732789;23/11/2024 03:45;Spot;Simple Earn Flexible Interest;ETH;0.00000198;Binance Earn
71732789;24/11/2024 01:18;Spot;Simple Earn Locked Rewards;POL;0.00645357;Binance Earn
71732789;24/11/2024 01:19;Spot;Simple Earn Locked Rewards;ADA;0.00938347;Binance Earn
71732789;24/11/2024 01:19;Spot;Simple Earn Locked Rewards;BNB;0.00000806;Binance Earn
71732789;24/11/2024 03:45;Spot;Simple Earn Flexible Interest;ETH;0.00000198;Binance Earn
71732789;24/11/2024 03:48;Spot;Simple Earn Flexible Interest;BTC;0,00 ;Binance Earn
71732789;25/11/2024 01:18;Spot;Simple Earn Locked Rewards;POL;0.00645357;Binance Earn
71732789;25/11/2024 01:18;Spot;Simple Earn Locked Rewards;ADA;0.00938347;Binance Earn
71732789;25/11/2024 01:19;Spot;Simple Earn Locked Rewards;BNB;0.00000806;Binance Earn
71732789;25/11/2024 03:05;Spot;Simple Earn Flexible Interest;ETH;0.00000198;Binance Earn
71732789;25/11/2024 03:08;Spot;Simple Earn Flexible Interest;BTC;0,00 ;Binance Earn
71732789;26/11/2024 01:18;Spot;Simple Earn Locked Rewards;POL;0.00645357;Binance Earn
71732789;26/11/2024 01:19;Spot;Simple Earn Locked Rewards;ADA;0.00938347;Binance Earn
71732789;26/11/2024 01:19;Spot;Simple Earn Locked Rewards;BNB;0.00000806;Binance Earn
71732789;26/11/2024 03:49;Spot;Simple Earn Flexible Interest;ETH;0.00000199;Binance Earn
71732789;26/11/2024 03:51;Spot;Simple Earn Flexible Interest;BTC;0,00 ;Binance Earn
71732789;26/11/2024 15:58;Spot;Airdrop Assets;THE;1.53678191;
71732789;27/11/2024 01:18;Spot;Simple Earn Locked Rewards;POL;0.00645357;Binance Earn
71732789;27/11/2024 01:19;Spot;Simple Earn Locked Rewards;ADA;0.00938347;Binance Earn
71732789;27/11/2024 01:19;Spot;Simple Earn Locked Rewards;BNB;0.00000806;Binance Earn
71732789;27/11/2024 03:01;Spot;Simple Earn Flexible Interest;BTC;0,00 ;Binance Earn
71732789;27/11/2024 03:09;Spot;Simple Earn Flexible Interest;ETH;0.00000199;Binance Earn
71732789;28/11/2024 01:18;Spot;Simple Earn Locked Rewards;POL;0.00645357;Binance Earn
71732789;28/11/2024 01:19;Spot;Simple Earn Locked Rewards;ADA;0.00938347;Binance Earn
71732789;28/11/2024 01:19;Spot;Simple Earn Locked Rewards;BNB;0.00000806;Binance Earn
71732789;28/11/2024 04:05;Spot;Simple Earn Flexible Interest;ETH;0.00000199;Binance Earn
71732789;28/11/2024 04:14;Spot;Simple Earn Flexible Interest;BTC;0,00 ;Binance Earn
71732789;29/11/2024 01:18;Spot;Simple Earn Locked Rewards;POL;0.00645357;Binance Earn
71732789;29/11/2024 01:19;Spot;Simple Earn Locked Rewards;ADA;0.00938347;Binance Earn
71732789;29/11/2024 01:19;Spot;Simple Earn Locked Rewards;BNB;0.00000806;Binance Earn
71732789;29/11/2024 03:12;Spot;Simple Earn Flexible Interest;BTC;0,00 ;Binance Earn
71732789;29/11/2024 03:13;Spot;Simple Earn Flexible Interest;ETH;0.00000199;Binance Earn
71732789;30/11/2024 01:18;Spot;Simple Earn Locked Rewards;POL;0.00645357;Binance Earn
71732789;30/11/2024 01:18;Spot;Simple Earn Locked Rewards;ADA;0.00938347;Binance Earn
71732789;30/11/2024 01:19;Spot;Simple Earn Locked Rewards;BNB;0.00000806;Binance Earn
71732789;30/11/2024 03:48;Spot;Simple Earn Flexible Interest;ETH;0.00000199;Binance Earn
71732789;30/11/2024 03:51;Spot;Simple Earn Flexible Interest;BTC;0,00 ;Binance Earn
71732789;01/12/2024 01:18;Spot;Simple Earn Locked Rewards;POL;0.00645357;Binance Earn
71732789;01/12/2024 01:18;Spot;Simple Earn Locked Rewards;ADA;0.00938347;Binance Earn
71732789;01/12/2024 01:19;Spot;Simple Earn Locked Rewards;BNB;0.00000806;Binance Earn
71732789;01/12/2024 03:08;Spot;Simple Earn Flexible Interest;BTC;0,00 ;Binance Earn
71732789;01/12/2024 03:09;Spot;Simple Earn Flexible Interest;ETH;0.00000199;Binance Earn
71732789;02/12/2024 01:18;Spot;Simple Earn Locked Rewards;POL;0.00645357;Binance Earn
71732789;02/12/2024 01:18;Spot;Simple Earn Locked Rewards;ADA;0.00938347;Binance Earn
71732789;02/12/2024 01:19;Spot;Simple Earn Locked Rewards;BNB;0.00000806;Binance Earn
71732789;02/12/2024 03:01;Spot;Simple Earn Flexible Interest;BTC;0,00 ;Binance Earn
71732789;02/12/2024 03:05;Spot;Simple Earn Flexible Interest;ETH;0.00000199;Binance Earn
71732789;03/12/2024 01:17;Spot;Simple Earn Locked Rewards;POL;0.00645357;Binance Earn
71732789;03/12/2024 01:18;Spot;Simple Earn Locked Rewards;ADA;0.00938347;Binance Earn
71732789;03/12/2024 01:19;Spot;Simple Earn Locked Rewards;BNB;0.00000864;Binance Earn
71732789;03/12/2024 03:09;Spot;Simple Earn Flexible Interest;BTC;0,00 ;Binance Earn
71732789;03/12/2024 03:09;Spot;Simple Earn Flexible Interest;ETH;0.00000199;Binance Earn
71732789;04/12/2024 01:18;Spot;Simple Earn Locked Rewards;POL;0.00645357;Binance Earn
71732789;04/12/2024 01:19;Spot;Simple Earn Locked Rewards;ADA;0.00938347;Binance Earn
71732789;04/12/2024 01:19;Spot;Simple Earn Locked Rewards;BNB;0.00000864;Binance Earn
71732789;04/12/2024 03:05;Spot;Simple Earn Flexible Interest;BTC;0,00 ;Binance Earn
71732789;04/12/2024 03:06;Spot;Simple Earn Flexible Interest;ETH;0.00000199;Binance Earn
71732789;05/12/2024 01:18;Spot;Simple Earn Locked Rewards;POL;0.00645357;Binance Earn
71732789;05/12/2024 01:18;Spot;Simple Earn Locked Rewards;ADA;0.00938347;Binance Earn
71732789;05/12/2024 01:19;Spot;Simple Earn Locked Rewards;BNB;0.00000922;Binance Earn
71732789;05/12/2024 03:05;Spot;Simple Earn Flexible Interest;BTC;0,00 ;Binance Earn
71732789;05/12/2024 03:14;Spot;Simple Earn Flexible Interest;ETH;0.00000199;Binance Earn
71732789;05/12/2024 05:30;Spot;Simple Earn Flexible Redemption;BTC;0.00388103;Binance Earn
71732789;06/12/2024 00:58;Spot;Simple Earn Locked Rewards;POL;0.00645357;Binance Earn
71732789;06/12/2024 00:58;Spot;Simple Earn Locked Rewards;ADA;0.00938347;Binance Earn
71732789;06/12/2024 00:59;Spot;Simple Earn Locked Rewards;BNB;0.00000922;Binance Earn
71732789;06/12/2024 03:10;Spot;Simple Earn Flexible Interest;ETH;0.00000199;Binance Earn
71732789;07/12/2024 00:56;Spot;Simple Earn Locked Rewards;POL;0.00645357;Binance Earn
71732789;07/12/2024 00:56;Spot;Simple Earn Locked Rewards;ADA;0.00938347;Binance Earn
71732789;07/12/2024 00:57;Spot;Simple Earn Locked Rewards;BNB;0.00000922;Binance Earn
71732789;07/12/2024 03:09;Spot;Simple Earn Flexible Interest;ETH;0.00000199;Binance Earn
71732789;08/12/2024 00:58;Spot;Simple Earn Locked Rewards;POL;0.00645357;Binance Earn
71732789;08/12/2024 00:58;Spot;Simple Earn Locked Rewards;ADA;0.00938347;Binance Earn
71732789;08/12/2024 00:59;Spot;Simple Earn Locked Rewards;BNB;0.00000980;Binance Earn
71732789;08/12/2024 03:14;Spot;Simple Earn Flexible Interest;ETH;0.00000199;Binance Earn
71732789;09/12/2024 01:09;Spot;Simple Earn Locked Rewards;POL;0.00645357;Binance Earn
71732789;09/12/2024 01:09;Spot;Simple Earn Locked Rewards;ADA;0.00938347;Binance Earn
71732789;09/12/2024 01:10;Spot;Simple Earn Locked Rewards;BNB;0.00000980;Binance Earn
71732789;09/12/2024 03:06;Spot;Simple Earn Flexible Interest;ETH;0.00000199;Binance Earn
71732789;09/12/2024 11:31;Spot;Airdrop Assets;MOVE;14.64952302;
71732789;10/12/2024 01:08;Spot;Simple Earn Locked Rewards;POL;0.00645357;Binance Earn
71732789;10/12/2024 01:08;Spot;Simple Earn Locked Rewards;ADA;0.00938347;Binance Earn
71732789;10/12/2024 01:08;Spot;Simple Earn Locked Rewards;BNB;0.00000980;Binance Earn
71732789;10/12/2024 03:10;Spot;Simple Earn Flexible Interest;ETH;0.00000199;Binance Earn
71732789;11/12/2024 01:08;Spot;Simple Earn Locked Rewards;POL;0.00645357;Binance Earn
71732789;11/12/2024 01:08;Spot;Simple Earn Locked Rewards;ADA;0.00938347;Binance Earn
71732789;11/12/2024 01:09;Spot;Simple Earn Locked Rewards;BNB;0.00001037;Binance Earn
71732789;11/12/2024 03:06;Spot;Simple Earn Flexible Interest;ETH;0.00000199;Binance Earn
71732789;12/12/2024 00:57;Spot;Simple Earn Locked Rewards;POL;0.00645357;Binance Earn
71732789;12/12/2024 00:58;Spot;Simple Earn Locked Rewards;BNB;0.00001037;Binance Earn
71732789;12/12/2024 03:14;Spot;Simple Earn Flexible Interest;ETH;0.00000199;Binance Earn
71732789;13/12/2024 00:58;Spot;Simple Earn Locked Rewards;POL;0.00645357;Binance Earn
71732789;13/12/2024 00:59;Spot;Simple Earn Locked Rewards;BNB;0.00001037;Binance Earn
71732789;13/12/2024 03:09;Spot;Simple Earn Flexible Interest;ETH;0.00000199;Binance Earn
71732789;13/12/2024 22:31;Spot;Launchpool Subscription/Redemption;BNB;-0.87740000;Binance Launchpool
71732789;14/12/2024 00:58;Spot;Simple Earn Locked Rewards;POL;0.00012893;Binance Earn
71732789;14/12/2024 00:59;Spot;Simple Earn Locked Rewards;BNB;0.00001095;Binance Earn
71732789;14/12/2024 03:05;Spot;Simple Earn Flexible Interest;ETH;0.00000199;Binance Earn
71732789;15/12/2024 00:58;Spot;Simple Earn Locked Rewards;POL;0.00012893;Binance Earn
71732789;15/12/2024 00:59;Spot;Simple Earn Locked Rewards;BNB;0.00001095;Binance Earn
71732789;15/12/2024 03:14;Spot;Simple Earn Flexible Interest;ETH;0.00000199;Binance Earn
71732789;16/12/2024 00:21;Spot;Launchpool Airdrop;VANA;0.44182173;
71732789;16/12/2024 00:22;Spot;Launchpool Subscription/Redemption;BNB;0.87740000;Binance Launchpool
71732789;16/12/2024 00:57;Spot;Simple Earn Locked Rewards;POL;0.00012893;Binance Earn
71732789;16/12/2024 00:58;Spot;Simple Earn Locked Rewards;BNB;0.00001095;Binance Earn
71732789;16/12/2024 03:01;Spot;Simple Earn Flexible Interest;ETH;0.00000199;Binance Earn
71732789;16/12/2024 09:14;Spot;Binance Convert;MOVE;-14.64952302;
71732789;16/12/2024 09:14;Spot;Binance Convert;BNB;0.01273774;
71732789;17/12/2024 00:57;Spot;Simple Earn Locked Rewards;POL;0.00012893;Binance Earn
71732789;17/12/2024 00:58;Spot;Simple Earn Locked Rewards;BNB;0.00001153;Binance Earn
71732789;17/12/2024 03:15;Spot;Simple Earn Flexible Interest;ETH;0.00000199;Binance Earn
71732789;17/12/2024 03:51;Spot;HODLer Airdrops Distribution;1000CAT;77.79932979;Binance Launchpool
71732789;17/12/2024 04:57;Spot;HODLer Airdrops Distribution;PENGU;181.50743836;Binance Launchpool
71732789;18/12/2024 00:58;Spot;Simple Earn Locked Rewards;POL;0.00012893;Binance Earn
71732789;18/12/2024 00:59;Spot;Simple Earn Locked Rewards;BNB;0.00001153;Binance Earn
71732789;18/12/2024 03:15;Spot;Simple Earn Flexible Interest;ETH;0.00000199;Binance Earn
71732789;18/12/2024 08:30;Spot;Binance Convert;PENGU;-181.50743836;
71732789;18/12/2024 08:30;Spot;Binance Convert;BNB;0.00789358;
71732789;18/12/2024 08:32;Spot;Binance Convert;BNB;0.00003885;
71732789;18/12/2024 08:32;Spot;Binance Convert;FIO;-0.59471300;
71732789;18/12/2024 08:32;Spot;Binance Convert;ENJ;-0.05640000;
71732789;18/12/2024 08:32;Spot;Binance Convert;BNB;0.00002092;
71732789;18/12/2024 08:32;Spot;Binance Convert;BNB;0.00001790;
71732789;18/12/2024 08:32;Spot;Binance Convert;DOGE;-0.03370000;
71732789;18/12/2024 08:33;Funding;Binance Convert;DEGO;-0.00642394;
71732789;18/12/2024 08:33;Funding;Binance Convert;BNB;0.00002730;
71732789;18/12/2024 08:34;Spot;Binance Convert;BNB;0.00005253;
71732789;18/12/2024 08:34;Spot;Binance Convert;MAV;-0.15717753;
71732789;18/12/2024 08:34;Spot;Binance Convert;BNB;0.00006579;
71732789;18/12/2024 08:34;Spot;Binance Convert;COTI;-0.32864473;
71732789;18/12/2024 08:34;Spot;Binance Convert;BNB;0.00008236;
71732789;18/12/2024 08:34;Spot;Binance Convert;NTRN;-0.12583059;
71732789;18/12/2024 08:35;Spot;Binance Convert;BNB;0.00013804;
71732789;18/12/2024 08:35;Spot;Binance Convert;CHZ;-0.99066210;
71732789;18/12/2024 08:35;Spot;Binance Convert;BNB;0.00013944;
71732789;18/12/2024 08:35;Spot;Binance Convert;CYBER;-0.02318823;
71732789;18/12/2024 08:36;Spot;Binance Convert;VANA;0.01159334;
71732789;18/12/2024 08:36;Spot;Binance Convert;PENDLE;-0.03179772;
71732789;18/12/2024 08:37;Spot;Binance Convert;VANA;0.01253108;
71732789;18/12/2024 08:37;Spot;Binance Convert;SNX;-0.08291500;
71732789;18/12/2024 08:37;Spot;Binance Convert;VANA;0.01916273;
71732789;18/12/2024 08:37;Spot;Binance Convert;AAVE;-0.00088100;
71732789;18/12/2024 08:37;Spot;Binance Convert;VANA;0.02558674;
71732789;18/12/2024 08:37;Spot;Binance Convert;HMSTR;-146.53000000;
71732789;18/12/2024 08:38;Spot;Binance Convert;VANA;0.02684544;
71732789;18/12/2024 08:38;Spot;Binance Convert;RUNE;-0.07165000;
71732789;18/12/2024 08:38;Spot;Binance Convert;VANA;0.03053076;
71732789;18/12/2024 08:38;Spot;Binance Convert;SUI;-0.11651811;
71732789;18/12/2024 08:39;Spot;Binance Convert;VANA;0.03375333;
71732789;18/12/2024 08:39;Spot;Binance Convert;DOGS;-908.63000000;
71732789;18/12/2024 08:39;Spot;Binance Convert;VANA;0.03400507;
71732789;18/12/2024 08:39;Spot;Binance Convert;SEI;-1.13743324;
71732789;18/12/2024 08:40;Spot;Binance Convert;VANA;0.05157849;
71732789;18/12/2024 08:40;Spot;Binance Convert;FET;-0.55726633;
71732789;18/12/2024 08:40;Spot;Binance Convert;VANA;0.05608377;
71732789;18/12/2024 08:40;Spot;Binance Convert;PORTAL;-2.53851162;
71732789;18/12/2024 08:40;Spot;Binance Convert;VANA;0.05716881;
71732789;18/12/2024 08:40;Spot;Binance Convert;AEVO;-2.20271703;
71732789;18/12/2024 08:40;Spot;Binance Convert;VANA;0.05857576;
71732789;18/12/2024 08:40;Spot;Binance Convert;REZ;-22.45292450;
71732789;18/12/2024 08:41;Spot;Binance Convert;CATI;-4.39497398;
71732789;18/12/2024 08:41;Spot;Binance Convert;VANA;0.10770781;
71732789;18/12/2024 08:41;Spot;Binance Convert;VANA;0.12089221;
71732789;18/12/2024 08:41;Spot;Binance Convert;NOT;-284.38000000;
71732789;18/12/2024 08:41;Spot;Binance Convert;VANA;0.12743336;
71732789;18/12/2024 08:41;Spot;Binance Convert;TON;-0.38584804;
71732789;18/12/2024 08:41;Spot;Binance Convert;VANA;0.13013608;
71732789;18/12/2024 08:41;Spot;Binance Convert;THE;-1.53678191;
71732789;18/12/2024 08:42;Spot;Binance Convert;VANA;0.14569983;
71732789;18/12/2024 08:42;Spot;Binance Convert;BANANA;-0.05480725;
71732789;18/12/2024 08:42;Spot;Binance Convert;VANA;0.14631671;
71732789;18/12/2024 08:42;Spot;Binance Convert;LISTA;-5.05729152;
71732789;18/12/2024 08:42;Spot;Binance Convert;VANA;0.15606257;
71732789;18/12/2024 08:42;Spot;Binance Convert;SCR;-2.62456094;
71732789;18/12/2024 08:42;Spot;Binance Convert;VANA;0.18965323;
71732789;18/12/2024 08:43;Spot;Binance Convert;1000CAT;-77.79932979;
71732789;18/12/2024 08:43;Spot;Binance Convert;OMNI;-0.31489297;
71732789;18/12/2024 08:43;Spot;Binance Convert;VANA;0.19490700;
71732789;18/12/2024 08:43;Spot;Binance Convert;VANA;0.20072254;
71732789;18/12/2024 08:43;Spot;Binance Convert;SOL;-0.01608075;
71732789;18/12/2024 08:43;Spot;Binance Convert;VANA;0.26383031;
71732789;18/12/2024 08:43;Spot;Binance Convert;ETHFI;-1.77998962;
71732789;18/12/2024 08:44;Spot;Binance Convert;VANA;0.28036095;
71732789;18/12/2024 08:44;Spot;Binance Convert;BB;-10.82138655;
71732789;18/12/2024 08:44;Spot;Binance Convert;VANA;0.30149085;
71732789;18/12/2024 08:44;Spot;Binance Convert;SUSHI;-2.75224500;
71732789;18/12/2024 08:44;Spot;Binance Convert;VANA;0.30433781;
71732789;18/12/2024 08:44;Spot;Binance Convert;IO;-1.47719812;
71732789;18/12/2024 08:45;Spot;Binance Convert;FDUSD;0.01200000;
71732789;18/12/2024 08:45;Spot;Binance Convert;VANA;1.45648296;
71732789;18/12/2024 08:45;Spot;Binance Convert;FDUSD;-25.12474605;
71732789;18/12/2024 08:45;Funding;Binance Convert;FDUSD;-0.01200000;
71732789;18/12/2024 08:46;Spot;Binance Convert;MEME;-507.89135056;
71732789;18/12/2024 08:46;Spot;Binance Convert;VANA;0.36041417;
71732789;19/12/2024 00:58;Spot;Simple Earn Locked Rewards;POL;0.00012893;Binance Earn
71732789;19/12/2024 00:59;Spot;Simple Earn Locked Rewards;BNB;0.00001153;Binance Earn
71732789;19/12/2024 03:41;Spot;Simple Earn Flexible Interest;ETH;0.00000199;Binance Earn
71732789;19/12/2024 09:04;Spot;Binance Convert;VANA;-5.34568544;
71732789;19/12/2024 09:04;Spot;Binance Convert;BNB;0.12865301;
71732789;19/12/2024 09:04;Spot;Binance Convert;BNB;0.02425416;
71732789;19/12/2024 09:04;Spot;Binance Convert;USUAL;-14.42056337;
71732789;20/12/2024 00:58;Spot;Simple Earn Locked Rewards;POL;0.00012893;Binance Earn
71732789;20/12/2024 00:59;Spot;Simple Earn Locked Rewards;BNB;0.00001441;Binance Earn
71732789;20/12/2024 03:07;Spot;Simple Earn Flexible Interest;ETH;0.00000199;Binance Earn
71732789;21/12/2024 00:58;Spot;Simple Earn Locked Rewards;POL;0.00012893;Binance Earn
71732789;21/12/2024 00:59;Spot;Simple Earn Locked Rewards;BNB;0.00001441;Binance Earn
71732789;21/12/2024 03:15;Spot;Simple Earn Flexible Interest;ETH;0.00000199;Binance Earn
71732789;21/12/2024 10:50;Spot;Transfer Between Main and Funding Wallet;BNB;0.00002730;
71732789;21/12/2024 10:50;Funding;Transfer Between Main and Funding Wallet;BNB;-0.00002730;
71732789;21/12/2024 10:50;Spot;Simple Earn Flexible Subscription;BNB;-1.05171383;Binance Earn
71732789;22/12/2024 00:58;Spot;Simple Earn Locked Rewards;POL;0.00012893;Binance Earn
71732789;22/12/2024 00:59;Spot;Simple Earn Locked Rewards;BNB;0.00001441;Binance Earn
71732789;22/12/2024 03:50;Spot;Simple Earn Flexible Interest;ETH;0.00000199;Binance Earn
71732789;23/12/2024 00:58;Spot;Simple Earn Locked Rewards;POL;0.00012893;Binance Earn
71732789;23/12/2024 00:59;Spot;Simple Earn Locked Rewards;BNB;0.00001441;Binance Earn
71732789;23/12/2024 03:05;Spot;Simple Earn Flexible Interest;BNB;0.00000438;Binance Earn
71732789;23/12/2024 03:21;Spot;Simple Earn Flexible Interest;ETH;0.00000199;Binance Earn
71732789;24/12/2024 00:58;Spot;Simple Earn Locked Rewards;POL;0.00012893;Binance Earn
71732789;24/12/2024 00:59;Spot;Simple Earn Locked Rewards;BNB;0.00001441;Binance Earn
71732789;24/12/2024 03:06;Spot;Simple Earn Flexible Interest;BNB;0.00000438;Binance Earn
71732789;24/12/2024 03:12;Spot;Simple Earn Flexible Interest;ETH;0.00000199;Binance Earn
71732789;25/12/2024 00:58;Spot;Simple Earn Locked Rewards;POL;0.00012893;Binance Earn
71732789;25/12/2024 00:59;Spot;Simple Earn Locked Rewards;BNB;0.00001297;Binance Earn
71732789;25/12/2024 03:02;Spot;Simple Earn Flexible Interest;ETH;0.00000199;Binance Earn
71732789;25/12/2024 03:17;Spot;Simple Earn Flexible Interest;BNB;0.00000438;Binance Earn
71732789;26/12/2024 00:58;Spot;Simple Earn Locked Rewards;POL;0.00012893;Binance Earn
71732789;26/12/2024 00:59;Spot;Simple Earn Locked Rewards;BNB;0.00001297;Binance Earn
71732789;26/12/2024 03:42;Spot;Simple Earn Flexible Interest;ETH;0.00000199;Binance Earn
71732789;26/12/2024 03:45;Spot;Simple Earn Flexible Interest;BNB;0.00000438;Binance Earn
71732789;27/12/2024 01:09;Spot;Simple Earn Locked Rewards;POL;0.00012893;Binance Earn
71732789;27/12/2024 01:09;Spot;Simple Earn Locked Rewards;BNB;0.00001297;Binance Earn
71732789;27/12/2024 03:06;Spot;Simple Earn Flexible Interest;BNB;0.00000438;Binance Earn
71732789;27/12/2024 03:07;Spot;Simple Earn Flexible Interest;ETH;0.00000199;Binance Earn
71732789;28/12/2024 01:09;Spot;Simple Earn Locked Rewards;POL;0.00012893;Binance Earn
71732789;28/12/2024 01:10;Spot;Simple Earn Locked Rewards;BNB;0.00001297;Binance Earn
71732789;28/12/2024 03:46;Spot;Simple Earn Flexible Interest;ETH;0.00000199;Binance Earn
71732789;28/12/2024 03:49;Spot;Simple Earn Flexible Interest;BNB;0.00000438;Binance Earn
71732789;29/12/2024 01:08;Spot;Simple Earn Locked Rewards;POL;0.00012893;Binance Earn
71732789;29/12/2024 01:09;Spot;Simple Earn Locked Rewards;BNB;0.00001297;Binance Earn
71732789;29/12/2024 03:00;Spot;Simple Earn Flexible Interest;BNB;0.00000438;Binance Earn
71732789;29/12/2024 03:02;Spot;Simple Earn Flexible Interest;ETH;0.00000199;Binance Earn
71732789;30/12/2024 01:08;Spot;Simple Earn Locked Rewards;POL;0.00012893;Binance Earn
71732789;30/12/2024 01:09;Spot;Simple Earn Locked Rewards;BNB;0.00001297;Binance Earn
71732789;30/12/2024 03:46;Spot;Simple Earn Flexible Interest;ETH;0.00000199;Binance Earn
71732789;30/12/2024 03:49;Spot;Simple Earn Flexible Interest;BNB;0.00000438;Binance Earn
71732789;31/12/2024 00:59;Spot;Simple Earn Locked Rewards;POL;0.00012893;Binance Earn
71732789;31/12/2024 01:00;Spot;Simple Earn Locked Rewards;BNB;0.00001211;Binance Earn
71732789;31/12/2024 03:49;Spot;Simple Earn Flexible Interest;BNB;0.00000438;Binance Earn
71732789;31/12/2024 03:54;Spot;Simple Earn Flexible Interest;ETH;0.00000199;Binance Earn
71732789;01/01/2025 00:58;Spot;Simple Earn Locked Rewards;POL;0.00012893;Binance Earn
71732789;01/01/2025 00:59;Spot;Simple Earn Locked Rewards;BNB;0.00001211;Binance Earn
71732789;01/01/2025 04:50;Spot;Simple Earn Flexible Interest;BNB;0.00000438;Binance Earn
71732789;01/01/2025 04:54;Spot;Simple Earn Flexible Interest;ETH;0.00000199;Binance Earn
71732789;02/01/2025 00:58;Spot;Simple Earn Locked Rewards;POL;0.00012893;Binance Earn
71732789;02/01/2025 00:59;Spot;Simple Earn Locked Rewards;BNB;0.00001211;Binance Earn
71732789;02/01/2025 03:06;Spot;Simple Earn Flexible Interest;BNB;0.00000438;Binance Earn
71732789;02/01/2025 03:06;Spot;Simple Earn Flexible Interest;ETH;0.00000199;Binance Earn
71732789;03/01/2025 00:32;Spot;Launchpool Airdrop;BIO;9.81807044;
71732789;03/01/2025 00:58;Spot;Simple Earn Locked Rewards;POL;0.00012893;Binance Earn
71732789;03/01/2025 00:58;Spot;Simple Earn Locked Rewards;BNB;0.00001211;Binance Earn
71732789;03/01/2025 03:01;Spot;Simple Earn Flexible Interest;BNB;0.00000438;Binance Earn
71732789;03/01/2025 03:05;Spot;Simple Earn Flexible Interest;ETH;0.00000199;Binance Earn
71732789;04/01/2025 00:58;Spot;Simple Earn Locked Rewards;POL;0.00012893;Binance Earn
71732789;04/01/2025 00:59;Spot;Simple Earn Locked Rewards;BNB;0.00001153;Binance Earn
71732789;04/01/2025 03:02;Spot;Simple Earn Flexible Interest;BNB;0.00000438;Binance Earn
71732789;04/01/2025 03:03;Spot;Simple Earn Flexible Interest;ETH;0.00000199;Binance Earn
71732789;05/01/2025 00:58;Spot;Simple Earn Locked Rewards;POL;0.00012893;Binance Earn
71732789;05/01/2025 00:59;Spot;Simple Earn Locked Rewards;BNB;0.00001153;Binance Earn
71732789;05/01/2025 03:10;Spot;Simple Earn Flexible Interest;BNB;0.00000438;Binance Earn
71732789;05/01/2025 03:12;Spot;Simple Earn Flexible Interest;ETH;0.00000199;Binance Earn
71732789;06/01/2025 00:58;Spot;Simple Earn Locked Rewards;POL;0.00012893;Binance Earn
71732789;06/01/2025 00:59;Spot;Simple Earn Locked Rewards;BNB;0.00001153;Binance Earn
71732789;06/01/2025 03:03;Spot;Simple Earn Flexible Interest;ETH;0.00000199;Binance Earn
71732789;06/01/2025 03:06;Spot;Simple Earn Flexible Interest;BNB;0.00000438;Binance Earn
71732789;07/01/2025 00:58;Spot;Simple Earn Locked Rewards;POL;0.00012893;Binance Earn
71732789;07/01/2025 00:59;Spot;Simple Earn Locked Rewards;BNB;0.00001009;Binance Earn
71732789;07/01/2025 03:15;Spot;Simple Earn Flexible Interest;ETH;0.00000199;Binance Earn
71732789;07/01/2025 03:20;Spot;Simple Earn Flexible Interest;BNB;0.00000438;Binance Earn
71732789;08/01/2025 00:58;Spot;Simple Earn Locked Rewards;POL;0.00012893;Binance Earn
71732789;08/01/2025 00:59;Spot;Simple Earn Locked Rewards;BNB;0.00000864;Binance Earn
71732789;08/01/2025 03:01;Spot;Simple Earn Flexible Interest;BNB;0.00000438;Binance Earn
71732789;08/01/2025 03:02;Spot;Simple Earn Flexible Interest;ETH;0.00000199;Binance Earn
71732789;09/01/2025 01:07;Spot;Simple Earn Locked Rewards;POL;0.00011133;Binance Earn
71732789;09/01/2025 01:08;Spot;Simple Earn Locked Rewards;BNB;0.00000864;Binance Earn
71732789;09/01/2025 03:06;Spot;Simple Earn Flexible Interest;BNB;0.00000438;Binance Earn
71732789;09/01/2025 03:41;Spot;Simple Earn Flexible Interest;ETH;0.00000199;Binance Earn
71732789;10/01/2025 00:58;Spot;Simple Earn Locked Rewards;POL;0.00011133;Binance Earn
71732789;10/01/2025 00:59;Spot;Simple Earn Locked Rewards;BNB;0.00000864;Binance Earn
71732789;10/01/2025 03:00;Spot;Simple Earn Flexible Interest;BNB;0.00000438;Binance Earn
71732789;10/01/2025 03:17;Spot;Simple Earn Flexible Interest;ETH;0.00000199;Binance Earn
71732789;11/01/2025 00:58;Spot;Simple Earn Locked Rewards;POL;0.00011133;Binance Earn
71732789;11/01/2025 00:59;Spot;Simple Earn Locked Rewards;BNB;0.00000864;Binance Earn
71732789;11/01/2025 03:11;Spot;Simple Earn Flexible Interest;BNB;0.00000438;Binance Earn
71732789;11/01/2025 03:15;Spot;Simple Earn Flexible Interest;ETH;0.00000199;Binance Earn
71732789;12/01/2025 01:09;Spot;Simple Earn Locked Rewards;POL;0.00011133;Binance Earn
71732789;12/01/2025 01:10;Spot;Simple Earn Locked Rewards;BNB;0.00000864;Binance Earn
71732789;12/01/2025 03:14;Spot;Simple Earn Flexible Interest;BNB;0.00000438;Binance Earn
71732789;12/01/2025 03:24;Spot;Simple Earn Flexible Interest;ETH;0.00000199;Binance Earn
71732789;13/01/2025 01:09;Spot;Simple Earn Locked Rewards;BNB;0.00000864;Binance Earn
71732789;13/01/2025 03:14;Spot;Simple Earn Flexible Interest;BNB;0.00000438;Binance Earn
71732789;13/01/2025 03:21;Spot;Simple Earn Flexible Interest;ETH;0.00000199;Binance Earn
71732789;13/01/2025 17:12;Spot;Asset Recovery;FTM;-0.00200000;
71732789;14/01/2025 01:09;Spot;Simple Earn Locked Rewards;BNB;0.00000864;Binance Earn
71732789;14/01/2025 03:06;Spot;Simple Earn Flexible Interest;ETH;0.00000199;Binance Earn
71732789;14/01/2025 03:10;Spot;Simple Earn Flexible Interest;BNB;0.00000438;Binance Earn
71732789;15/01/2025 01:10;Spot;Simple Earn Locked Rewards;BNB;0.00000864;Binance Earn
71732789;15/01/2025 03:06;Spot;Simple Earn Flexible Interest;BNB;0.00000438;Binance Earn
71732789;15/01/2025 03:11;Spot;Simple Earn Flexible Interest;ETH;0.00000199;Binance Earn
71732789;15/01/2025 06:48;Spot;Token Swap - Distribution;S;0.00200000;
71732789;16/01/2025 01:09;Spot;Simple Earn Locked Rewards;BNB;0.00000864;Binance Earn
71732789;16/01/2025 03:10;Spot;Simple Earn Flexible Interest;ETH;0.00000199;Binance Earn
71732789;16/01/2025 03:14;Spot;Simple Earn Flexible Interest;BNB;0.00000438;Binance Earn
71732789;17/01/2025 01:09;Spot;Simple Earn Locked Rewards;BNB;0.00000864;Binance Earn
71732789;17/01/2025 03:14;Spot;Simple Earn Flexible Interest;BNB;0.00000438;Binance Earn
71732789;17/01/2025 03:21;Spot;Simple Earn Flexible Interest;ETH;0.00000199;Binance Earn
71732789;17/01/2025 04:33;Spot;Megadrop Rewards;SOLV;34.70459223;
71732789;18/01/2025 01:10;Spot;Simple Earn Locked Rewards;BNB;0.00000864;Binance Earn
71732789;18/01/2025 03:55;Spot;Simple Earn Flexible Interest;ETH;0.00000199;Binance Earn
71732789;18/01/2025 04:01;Spot;Simple Earn Flexible Interest;BNB;0.00000438;Binance Earn
71732789;18/01/2025 20:56;Spot;Binance Convert;BNB;0.00498080;
71732789;18/01/2025 20:56;Spot;Binance Convert;SOLV;-34.70459223;
71732789;19/01/2025 01:09;Spot;Simple Earn Locked Rewards;BNB;0.00000864;Binance Earn
71732789;19/01/2025 03:49;Spot;Simple Earn Flexible Interest;BNB;0.00000438;Binance Earn
71732789;19/01/2025 03:53;Spot;Simple Earn Flexible Interest;ETH;0.00000199;Binance Earn
71732789;20/01/2025 01:10;Spot;Simple Earn Locked Rewards;BNB;0.00000864;Binance Earn
71732789;20/01/2025 03:03;Spot;Simple Earn Flexible Interest;ETH;0.00000199;Binance Earn
71732789;20/01/2025 04:00;Spot;Simple Earn Flexible Interest;BNB;0.00000438;Binance Earn
71732789;21/01/2025 01:09;Spot;Simple Earn Locked Rewards;BNB;0.00000864;Binance Earn
71732789;21/01/2025 04:22;Spot;Simple Earn Flexible Interest;ETH;0.00000199;Binance Earn
71732789;21/01/2025 04:25;Spot;Simple Earn Flexible Interest;BNB;0.00000438;Binance Earn
71732789;22/01/2025 00:58;Spot;Simple Earn Locked Rewards;BNB;0.00000864;Binance Earn
71732789;22/01/2025 03:41;Spot;Simple Earn Flexible Interest;BNB;0.00000438;Binance Earn
71732789;22/01/2025 03:55;Spot;Simple Earn Flexible Interest;ETH;0.00000199;Binance Earn
71732789;23/01/2025 00:59;Spot;Simple Earn Locked Rewards;BNB;0.00000864;Binance Earn
71732789;23/01/2025 02:36;Spot;HODLer Airdrops Distribution;ANIME;61.33079421;Binance Launchpool
71732789;23/01/2025 06:41;Spot;Token Swap - Distribution;USDC;3.36181440;
71732789;23/01/2025 09:04;Spot;Simple Earn Flexible Interest;BNB;0.00000438;Binance Earn
71732789;23/01/2025 10:13;Spot;Simple Earn Flexible Interest;ETH;0.00000199;Binance Earn
71732789;24/01/2025 00:59;Spot;Simple Earn Locked Rewards;BNB;0.00000864;Binance Earn
71732789;24/01/2025 04:20;Spot;Simple Earn Flexible Interest;BNB;0.00000438;Binance Earn
71732789;24/01/2025 04:21;Spot;Simple Earn Flexible Interest;ETH;0.00000199;Binance Earn
71732789;25/01/2025 00:59;Spot;Simple Earn Locked Rewards;BNB;0.00000864;Binance Earn
71732789;25/01/2025 12:04;Spot;Simple Earn Flexible Interest;ETH;0.00000199;Binance Earn
71732789;25/01/2025 12:14;Spot;Simple Earn Flexible Interest;BNB;0.00000438;Binance Earn
71732789;26/01/2025 00:58;Spot;Simple Earn Locked Rewards;BNB;0.00000864;Binance Earn
71732789;26/01/2025 03:16;Spot;Simple Earn Flexible Interest;BNB;0.00000438;Binance Earn
71732789;26/01/2025 03:17;Spot;Simple Earn Flexible Interest;ETH;0.00000199;Binance Earn
71732789;27/01/2025 00:59;Spot;Simple Earn Locked Rewards;BNB;0.00000864;Binance Earn
71732789;27/01/2025 04:13;Spot;Simple Earn Flexible Interest;BNB;0.00000438;Binance Earn
71732789;27/01/2025 04:19;Spot;Simple Earn Flexible Interest;ETH;0.00000199;Binance Earn
71732789;28/01/2025 00:59;Spot;Simple Earn Locked Rewards;BNB;0.00000864;Binance Earn
71732789;28/01/2025 02:48;Spot;Simple Earn Flexible Interest;BNB;0.00000438;Binance Earn
71732789;28/01/2025 02:49;Spot;Simple Earn Flexible Interest;ETH;0.00000199;Binance Earn
71732789;29/01/2025 00:59;Spot;Simple Earn Locked Rewards;BNB;0.00000864;Binance Earn
71732789;29/01/2025 03:37;Spot;Simple Earn Flexible Interest;ETH;0.00000199;Binance Earn
71732789;29/01/2025 03:57;Spot;Simple Earn Flexible Interest;BNB;0.00000438;Binance Earn
71732789;30/01/2025 00:59;Spot;Simple Earn Locked Rewards;BNB;0.00000864;Binance Earn
71732789;30/01/2025 03:13;Spot;Simple Earn Flexible Interest;BNB;0.00000438;Binance Earn
71732789;30/01/2025 03:25;Spot;Simple Earn Flexible Interest;ETH;0.00000199;Binance Earn
71732789;31/01/2025 00:59;Spot;Simple Earn Locked Rewards;BNB;0.00000864;Binance Earn
71732789;31/01/2025 04:42;Spot;Simple Earn Flexible Interest;BNB;0.00000438;Binance Earn
71732789;31/01/2025 04:54;Spot;Simple Earn Flexible Interest;ETH;0.00000199;Binance Earn
71732789;01/02/2025 00:58;Spot;Simple Earn Locked Rewards;BNB;0.00000806;Binance Earn
71732789;01/02/2025 03:12;Spot;Simple Earn Flexible Interest;ETH;0.00000199;Binance Earn
71732789;01/02/2025 03:26;Spot;Simple Earn Flexible Interest;BNB;0.00000438;Binance Earn
71732789;02/02/2025 00:58;Spot;Simple Earn Locked Rewards;BNB;0.00000806;Binance Earn
71732789;02/02/2025 03:21;Spot;Simple Earn Flexible Interest;BNB;0.00000438;Binance Earn
71732789;02/02/2025 03:26;Spot;Simple Earn Flexible Interest;ETH;0.00000199;Binance Earn
71732789;03/02/2025 00:59;Spot;Simple Earn Locked Rewards;BNB;0.00000806;Binance Earn
71732789;03/02/2025 03:18;Spot;Simple Earn Flexible Interest;BNB;0.00000438;Binance Earn
71732789;03/02/2025 03:24;Spot;Simple Earn Flexible Interest;ETH;0.00000199;Binance Earn
71732789;04/02/2025 00:59;Spot;Simple Earn Locked Rewards;BNB;0.00000806;Binance Earn
71732789;04/02/2025 04:36;Spot;Simple Earn Flexible Interest;BNB;0.00000438;Binance Earn
71732789;04/02/2025 04:38;Spot;Simple Earn Flexible Interest;ETH;0.00000199;Binance Earn
71732789;05/02/2025 01:07;Spot;Simple Earn Locked Rewards;BNB;0.00000806;Binance Earn
71732789;05/02/2025 03:14;Spot;Simple Earn Flexible Interest;ETH;0.00000199;Binance Earn
71732789;05/02/2025 03:22;Spot;Simple Earn Flexible Interest;BNB;0.00000438;Binance Earn
71732789;06/02/2025 01:00;Spot;Simple Earn Locked Rewards;BNB;0.00000806;Binance Earn
71732789;06/02/2025 03:08;Spot;Simple Earn Flexible Interest;ETH;0.00000199;Binance Earn
71732789;06/02/2025 03:14;Spot;Simple Earn Flexible Interest;BNB;0.00000438;Binance Earn
71732789;06/02/2025 05:50;Spot;HODLer Airdrops Distribution;BERA;1.24427501;Binance Launchpool
71732789;07/02/2025 00:59;Spot;Simple Earn Locked Rewards;BNB;0.00000806;Binance Earn
71732789;07/02/2025 03:13;Spot;Simple Earn Flexible Interest;BNB;0.00000438;Binance Earn
71732789;07/02/2025 03:15;Spot;Simple Earn Flexible Interest;ETH;0.00000199;Binance Earn
71732789;08/02/2025 00:59;Spot;Simple Earn Locked Rewards;BNB;0.00000806;Binance Earn
71732789;08/02/2025 03:13;Spot;Simple Earn Flexible Interest;BNB;0.00000438;Binance Earn
71732789;08/02/2025 03:14;Spot;Simple Earn Flexible Interest;ETH;0.00000199;Binance Earn
71732789;09/02/2025 00:59;Spot;Simple Earn Locked Rewards;BNB;0.00000806;Binance Earn
71732789;09/02/2025 03:06;Spot;Simple Earn Flexible Interest;BNB;0.00000438;Binance Earn
71732789;09/02/2025 03:08;Spot;Simple Earn Flexible Interest;ETH;0.00000199;Binance Earn
71732789;10/02/2025 00:59;Spot;Simple Earn Locked Rewards;BNB;0.00000806;Binance Earn
71732789;10/02/2025 03:06;Spot;Simple Earn Flexible Interest;BNB;0.00000438;Binance Earn
71732789;10/02/2025 03:15;Spot;Simple Earn Flexible Interest;ETH;0.00000199;Binance Earn
71732789;11/02/2025 00:59;Spot;Simple Earn Locked Rewards;BNB;0.00000806;Binance Earn
71732789;11/02/2025 03:08;Spot;Simple Earn Flexible Interest;ETH;0.00000199;Binance Earn
71732789;11/02/2025 03:19;Spot;Simple Earn Flexible Interest;BNB;0.00000438;Binance Earn
71732789;11/02/2025 09:18;Spot;HODLer Airdrops Distribution;LAYER;3.72722507;Binance Launchpool
71732789;12/02/2025 00:58;Spot;Simple Earn Locked Rewards;BNB;0.00000806;Binance Earn
71732789;12/02/2025 03:18;Spot;Simple Earn Flexible Interest;ETH;0.00000199;Binance Earn
71732789;12/02/2025 03:25;Spot;Simple Earn Flexible Interest;BNB;0.00000438;Binance Earn
71732789;13/02/2025 00:59;Spot;Simple Earn Locked Rewards;BNB;0.00000806;Binance Earn
71732789;13/02/2025 03:18;Spot;Simple Earn Flexible Interest;ETH;0.00000199;Binance Earn
71732789;13/02/2025 03:22;Spot;Simple Earn Flexible Interest;BNB;0.00000438;Binance Earn
71732789;14/02/2025 00:59;Spot;Simple Earn Locked Rewards;BNB;0.00000806;Binance Earn
71732789;14/02/2025 03:06;Spot;Simple Earn Flexible Interest;BNB;0.00000438;Binance Earn
71732789;14/02/2025 03:23;Spot;Simple Earn Flexible Interest;ETH;0.00000199;Binance Earn
71732789;15/02/2025 00:59;Spot;Simple Earn Locked Rewards;BNB;0.00000806;Binance Earn
71732789;15/02/2025 03:14;Spot;Simple Earn Flexible Interest;ETH;0.00000199;Binance Earn
71732789;15/02/2025 03:26;Spot;Simple Earn Flexible Interest;BNB;0.00000438;Binance Earn
71732789;16/02/2025 03:18;Spot;Simple Earn Flexible Interest;BNB;0.00000438;Binance Earn
71732789;16/02/2025 03:23;Spot;Simple Earn Flexible Interest;ETH;0.00000199;Binance Earn
71732789;17/02/2025 03:08;Spot;Simple Earn Flexible Interest;ETH;0.00000199;Binance Earn
71732789;17/02/2025 03:26;Spot;Simple Earn Flexible Interest;BNB;0.00000438;Binance Earn
71732789;18/02/2025 03:44;Spot;Simple Earn Flexible Interest;ETH;0.00000199;Binance Earn
71732789;18/02/2025 03:58;Spot;Simple Earn Flexible Interest;BNB;0.00000438;Binance Earn
71732789;19/02/2025 03:06;Spot;Simple Earn Flexible Interest;BNB;0.00000438;Binance Earn
71732789;19/02/2025 03:26;Spot;Simple Earn Flexible Interest;ETH;0.00000199;Binance Earn
71732789;19/02/2025 14:49;Spot;HODLer Airdrops Distribution;KAITO;2.46984570;Binance Launchpool
71732789;20/02/2025 04:06;Spot;Simple Earn Flexible Interest;BNB;0.00000438;Binance Earn
71732789;20/02/2025 04:23;Spot;Simple Earn Flexible Interest;ETH;0.00000199;Binance Earn
71732789;21/02/2025 03:20;Spot;Simple Earn Flexible Interest;ETH;0.00000199;Binance Earn
71732789;21/02/2025 03:30;Spot;Simple Earn Flexible Interest;BNB;0.00000438;Binance Earn
71732789;22/02/2025 03:43;Spot;Simple Earn Flexible Interest;BNB;0.00000438;Binance Earn
71732789;22/02/2025 03:50;Spot;Simple Earn Flexible Interest;ETH;0.00000199;Binance Earn
71732789;23/02/2025 03:44;Spot;Simple Earn Flexible Interest;ETH;0.00000199;Binance Earn
71732789;23/02/2025 03:54;Spot;Simple Earn Flexible Interest;BNB;0.00000438;Binance Earn
71732789;24/02/2025 04:06;Spot;Simple Earn Flexible Interest;BNB;0.00000438;Binance Earn
71732789;24/02/2025 04:19;Spot;Simple Earn Flexible Interest;ETH;0.00000199;Binance Earn
71732789;25/02/2025 03:14;Spot;Simple Earn Flexible Interest;ETH;0.00000199;Binance Earn
71732789;25/02/2025 03:19;Spot;Simple Earn Flexible Interest;BNB;0.00000438;Binance Earn
71732789;26/02/2025 04:25;Spot;Simple Earn Flexible Interest;ETH;0.00000399;Binance Earn
71732789;26/02/2025 04:30;Spot;Simple Earn Flexible Interest;BNB;0.00000438;Binance Earn
71732789;27/02/2025 03:13;Spot;Simple Earn Flexible Interest;BNB;0.00000438;Binance Earn
71732789;27/02/2025 03:26;Spot;Simple Earn Flexible Interest;ETH;0.00000399;Binance Earn
71732789;27/02/2025 08:19;Spot;HODLer Airdrops Distribution;SHELL;3.07496232;Binance Launchpool
71732789;28/02/2025 00:25;Spot;Launchpool Airdrop;RED;3.54894210;
71732789;28/02/2025 04:36;Spot;Simple Earn Flexible Interest;BNB;0.00000438;Binance Earn
71732789;28/02/2025 04:42;Spot;Simple Earn Flexible Interest;ETH;0.00000399;Binance Earn
71732789;01/03/2025 03:13;Spot;Simple Earn Flexible Interest;BNB;0.00000438;Binance Earn
71732789;01/03/2025 03:26;Spot;Simple Earn Flexible Interest;ETH;0.00000399;Binance Earn
71732789;02/03/2025 03:06;Spot;Simple Earn Flexible Interest;BNB;0.00000438;Binance Earn
71732789;02/03/2025 03:21;Spot;Simple Earn Flexible Interest;ETH;0.00000399;Binance Earn
71732789;03/03/2025 03:26;Spot;Simple Earn Flexible Interest;ETH;0.00000399;Binance Earn
71732789;03/03/2025 03:31;Spot;Simple Earn Flexible Interest;BNB;0.00000438;Binance Earn
71732789;04/03/2025 03:14;Spot;Simple Earn Flexible Interest;BNB;0.00000438;Binance Earn
71732789;04/03/2025 03:26;Spot;Simple Earn Flexible Interest;ETH;0.00000399;Binance Earn
71732789;04/03/2025 09:16;Spot;HODLer Airdrops Distribution;GPS;36.71252581;Binance Launchpool
71732789;05/03/2025 03:13;Spot;Simple Earn Flexible Interest;BNB;0.00000438;Binance Earn
71732789;05/03/2025 03:20;Spot;Simple Earn Flexible Interest;ETH;0.00000199;Binance Earn
71732789;06/03/2025 03:20;Spot;Simple Earn Flexible Interest;BNB;0.00000438;Binance Earn
71732789;06/03/2025 03:21;Spot;Simple Earn Flexible Interest;ETH;0.00000199;Binance Earn
71732789;07/03/2025 03:14;Spot;Simple Earn Flexible Interest;BNB;0.00000438;Binance Earn
71732789;07/03/2025 03:21;Spot;Simple Earn Flexible Interest;ETH;0.00000199;Binance Earn
71732789;08/03/2025 03:20;Spot;Simple Earn Flexible Interest;BNB;0.00000438;Binance Earn
71732789;08/03/2025 03:27;Spot;Simple Earn Flexible Interest;ETH;0.00000199;Binance Earn
71732789;09/03/2025 03:12;Spot;Simple Earn Flexible Interest;BNB;0.00000438;Binance Earn
71732789;09/03/2025 03:21;Spot;Simple Earn Flexible Interest;ETH;0.00000199;Binance Earn
71732789;10/03/2025 03:11;Spot;Simple Earn Flexible Interest;BNB;0.00000438;Binance Earn
71732789;10/03/2025 03:13;Spot;Simple Earn Flexible Interest;ETH;0.00000199;Binance Earn
71732789;11/03/2025 03:12;Spot;Simple Earn Flexible Interest;BNB;0.00000438;Binance Earn
71732789;11/03/2025 03:13;Spot;Simple Earn Flexible Interest;ETH;0.00000199;Binance Earn
71732789;12/03/2025 03:05;Spot;Simple Earn Flexible Interest;BNB;0.00000438;Binance Earn
71732789;12/03/2025 03:12;Spot;Simple Earn Flexible Interest;ETH;0.00000199;Binance Earn
71732789;13/03/2025 03:16;Spot;Simple Earn Flexible Interest;BNB;0.00000438;Binance Earn
71732789;13/03/2025 03:23;Spot;Simple Earn Flexible Interest;ETH;0.00000199;Binance Earn
71732789;14/03/2025 03:17;Spot;Simple Earn Flexible Interest;ETH;0.00000199;Binance Earn
71732789;14/03/2025 03:20;Spot;Simple Earn Flexible Interest;BNB;0.00000438;Binance Earn
71732789;15/03/2025 03:07;Spot;Simple Earn Flexible Interest;ETH;0.00000199;Binance Earn
71732789;15/03/2025 03:11;Spot;Simple Earn Flexible Interest;BNB;0.00000438;Binance Earn
71732789;16/03/2025 03:16;Spot;Simple Earn Flexible Interest;BNB;0.00000438;Binance Earn
71732789;16/03/2025 03:24;Spot;Simple Earn Flexible Interest;ETH;0.00000199;Binance Earn
71732789;17/03/2025 03:17;Spot;Simple Earn Flexible Interest;ETH;0.00000199;Binance Earn
71732789;17/03/2025 03:23;Spot;Simple Earn Flexible Interest;BNB;0.00000438;Binance Earn
71732789;18/03/2025 03:16;Spot;Simple Earn Flexible Interest;BNB;0.00000438;Binance Earn
71732789;18/03/2025 03:20;Spot;Simple Earn Flexible Interest;ETH;0.00000199;Binance Earn
71732789;18/03/2025 12:35;Spot;HODLer Airdrops Distribution;BMT;3.68670145;Binance Launchpool
71732789;19/03/2025 03:43;Spot;Simple Earn Flexible Interest;BNB;0.00000438;Binance Earn
71732789;19/03/2025 03:44;Spot;Simple Earn Flexible Interest;ETH;0.00000199;Binance Earn
71732789;20/03/2025 03:06;Spot;Simple Earn Flexible Interest;BNB;0.00000438;Binance Earn
71732789;20/03/2025 03:12;Spot;Simple Earn Flexible Interest;ETH;0.00000199;Binance Earn
71732789;21/03/2025 03:42;Spot;Simple Earn Flexible Interest;BNB;0.00000438;Binance Earn
71732789;21/03/2025 03:46;Spot;Simple Earn Flexible Interest;ETH;0.00000199;Binance Earn
71732789;22/03/2025 03:10;Spot;Simple Earn Flexible Interest;BNB;0.00000438;Binance Earn
71732789;22/03/2025 03:12;Spot;Simple Earn Flexible Interest;ETH;0.00000199;Binance Earn
71732789;23/03/2025 04:40;Spot;Simple Earn Flexible Interest;BNB;0.00000438;Binance Earn
71732789;23/03/2025 04:41;Spot;Simple Earn Flexible Interest;ETH;0.00000199;Binance Earn
71732789;24/03/2025 00:21;Spot;Launchpool Airdrop;NIL;3.16476440;
71732789;24/03/2025 03:17;Spot;Simple Earn Flexible Interest;ETH;0.00000199;Binance Earn
71732789;24/03/2025 03:19;Spot;Simple Earn Flexible Interest;BNB;0.00000438;Binance Earn
71732789;25/03/2025 04:05;Spot;Simple Earn Flexible Interest;BNB;0.00000438;Binance Earn
71732789;25/03/2025 04:07;Spot;Simple Earn Flexible Interest;ETH;0.00000199;Binance Earn
71732789;25/03/2025 05:28;Spot;HODLer Airdrops Distribution;PARTI;3.69570855;Binance Launchpool
71732789;26/03/2025 03:50;Spot;Simple Earn Flexible Interest;ETH;0.00000199;Binance Earn
71732789;26/03/2025 03:54;Spot;Simple Earn Flexible Interest;BNB;0.00000438;Binance Earn
71732789;27/03/2025 04:54;Spot;Simple Earn Flexible Interest;BNB;0.00000438;Binance Earn
71732789;27/03/2025 04:55;Spot;Simple Earn Flexible Interest;ETH;0.00000199;Binance Earn
71732789;28/03/2025 03:07;Spot;Simple Earn Flexible Interest;ETH;0.00000199;Binance Earn
71732789;28/03/2025 03:13;Spot;Simple Earn Flexible Interest;BNB;0.00000438;Binance Earn
71732789;29/03/2025 04:15;Spot;Simple Earn Flexible Interest;ETH;0.00000199;Binance Earn
71732789;29/03/2025 04:20;Spot;Simple Earn Flexible Interest;BNB;0.00000438;Binance Earn
71732789;30/03/2025 04:50;Spot;Simple Earn Flexible Interest;BNB;0.00000438;Binance Earn
71732789;30/03/2025 05:01;Spot;Simple Earn Flexible Interest;ETH;0.00000199;Binance Earn
71732789;31/03/2025 00:29;Spot;Launchpool Airdrop;GUN;36.14982038;
71732789;31/03/2025 05:05;Spot;Simple Earn Flexible Interest;BNB;0.00000438;Binance Earn
71732789;31/03/2025 05:13;Spot;Simple Earn Flexible Interest;ETH;0.00000199;Binance Earn
71732789;01/04/2025 04:42;Spot;Simple Earn Flexible Interest;BNB;0.00000438;Binance Earn
71732789;01/04/2025 05:01;Spot;Simple Earn Flexible Interest;ETH;0.00000199;Binance Earn
71732789;02/04/2025 03:19;Spot;Simple Earn Flexible Interest;BNB;0.00000438;Binance Earn
71732789;02/04/2025 03:31;Spot;Simple Earn Flexible Interest;ETH;3.9E-7;Binance Earn
71732789;03/04/2025 03:14;Spot;Simple Earn Flexible Interest;BNB;0.00000438;Binance Earn
71732789;03/04/2025 03:27;Spot;Simple Earn Flexible Interest;ETH;3.9E-7;Binance Earn
71732789;04/04/2025 03:14;Spot;Simple Earn Flexible Interest;BNB;0.00000438;Binance Earn
71732789;04/04/2025 03:27;Spot;Simple Earn Flexible Interest;ETH;3.9E-7;Binance Earn
71732789;05/04/2025 03:19;Spot;Simple Earn Flexible Interest;BNB;0.00000438;Binance Earn
71732789;05/04/2025 03:26;Spot;Simple Earn Flexible Interest;ETH;3.9E-7;Binance Earn
71732789;06/04/2025 03:08;Spot;Simple Earn Flexible Interest;ETH;3.9E-7;Binance Earn
71732789;06/04/2025 03:14;Spot;Simple Earn Flexible Interest;BNB;0.00000438;Binance Earn
71732789;07/04/2025 03:15;Spot;Simple Earn Flexible Interest;ETH;3.9E-7;Binance Earn
71732789;07/04/2025 03:24;Spot;Simple Earn Flexible Interest;BNB;0.00000438;Binance Earn
71732789;08/04/2025 03:25;Spot;Simple Earn Flexible Interest;ETH;3.9E-7;Binance Earn
71732789;08/04/2025 03:29;Spot;Simple Earn Flexible Interest;BNB;0.00000438;Binance Earn
71732789;09/04/2025 03:37;Spot;Simple Earn Flexible Interest;ETH;3.9E-7;Binance Earn
71732789;09/04/2025 03:48;Spot;Simple Earn Flexible Interest;BNB;0.00000438;Binance Earn
71732789;10/04/2025 02:01;Spot;HODLer Airdrops Distribution;BABY;9.24151665;Binance Launchpool
71732789;10/04/2025 03:13;Spot;Simple Earn Flexible Interest;ETH;3.9E-7;Binance Earn
71732789;10/04/2025 03:28;Spot;Simple Earn Flexible Interest;BNB;0.00000438;Binance Earn
71732789;11/04/2025 03:07;Spot;Simple Earn Flexible Interest;ETH;3.9E-7;Binance Earn
71732789;11/04/2025 03:29;Spot;Simple Earn Flexible Interest;BNB;0.00000438;Binance Earn
71732789;12/04/2025 03:14;Spot;Simple Earn Flexible Interest;BNB;0.00000438;Binance Earn
71732789;12/04/2025 03:20;Spot;Simple Earn Flexible Interest;ETH;3.9E-7;Binance Earn
71732789;13/04/2025 03:19;Spot;Simple Earn Flexible Interest;BNB;0.00000438;Binance Earn
71732789;13/04/2025 03:30;Spot;Simple Earn Flexible Interest;ETH;3.9E-7;Binance Earn
71732789;14/04/2025 03:14;Spot;Simple Earn Flexible Interest;BNB;0.00000438;Binance Earn
71732789;14/04/2025 03:21;Spot;Simple Earn Flexible Interest;ETH;3.9E-7;Binance Earn
71732789;15/04/2025 00:26;Spot;Launchpool Airdrop;WCT;3.85961873;
71732789;15/04/2025 03:23;Spot;Simple Earn Flexible Interest;BNB;0.00000438;Binance Earn
71732789;15/04/2025 03:28;Spot;Simple Earn Flexible Interest;ETH;3.9E-7;Binance Earn
71732789;16/04/2025 03:36;Spot;Simple Earn Flexible Interest;BNB;0.00000438;Binance Earn
71732789;16/04/2025 03:37;Spot;Simple Earn Flexible Interest;ETH;3.9E-7;Binance Earn
71732789;17/04/2025 03:37;Spot;Simple Earn Flexible Interest;ETH;0.00000547;Binance Earn
71732789;17/04/2025 03:43;Spot;Simple Earn Flexible Interest;BNB;0.00000438;Binance Earn
71732789;18/04/2025 03:06;Spot;Simple Earn Flexible Interest;BNB;0.00000438;Binance Earn
71732789;18/04/2025 03:07;Spot;Simple Earn Flexible Interest;ETH;0.00000547;Binance Earn
71732789;19/04/2025 04:26;Spot;Simple Earn Flexible Interest;ETH;0.00000547;Binance Earn
71732789;19/04/2025 04:30;Spot;Simple Earn Flexible Interest;BNB;0.00000438;Binance Earn
71732789;20/04/2025 03:08;Spot;Simple Earn Flexible Interest;ETH;0.00000547;Binance Earn
71732789;20/04/2025 03:19;Spot;Simple Earn Flexible Interest;BNB;0.00000438;Binance Earn
71732789;21/04/2025 04:13;Spot;Simple Earn Flexible Interest;BNB;0.00000438;Binance Earn
71732789;21/04/2025 04:15;Spot;Simple Earn Flexible Interest;ETH;0.00000547;Binance Earn
71732789;22/04/2025 03:49;Spot;Simple Earn Flexible Interest;BNB;0.00000438;Binance Earn
71732789;22/04/2025 03:50;Spot;Simple Earn Flexible Interest;ETH;0.00000547;Binance Earn
71732789;22/04/2025 06:47;Spot;HODLer Airdrops Distribution;HYPER;2.45383326;Binance Launchpool
71732789;23/04/2025 04:37;Spot;Simple Earn Flexible Interest;ETH;0.00000547;Binance Earn
71732789;23/04/2025 04:49;Spot;Simple Earn Flexible Interest;BNB;0.00000438;Binance Earn
71732789;24/04/2025 00:26;Spot;Launchpool Airdrop;INIT;2.88655647;
71732789;24/04/2025 03:13;Spot;Simple Earn Flexible Interest;ETH;0.00000547;Binance Earn
71732789;24/04/2025 03:17;Spot;Simple Earn Flexible Interest;BNB;0.00000438;Binance Earn
71732789;25/04/2025 04:20;Spot;Simple Earn Flexible Interest;ETH;0.00000547;Binance Earn
71732789;25/04/2025 04:30;Spot;Simple Earn Flexible Interest;BNB;0.00000438;Binance Earn
71732789;26/04/2025 03:27;Spot;Simple Earn Flexible Interest;BNB;0.00000438;Binance Earn
71732789;26/04/2025 03:28;Spot;Simple Earn Flexible Interest;ETH;0.00000547;Binance Earn
71732789;27/04/2025 04:46;Spot;Simple Earn Flexible Interest;ETH;0.00000547;Binance Earn
71732789;27/04/2025 04:57;Spot;Simple Earn Flexible Interest;BNB;0.00000438;Binance Earn
71732789;28/04/2025 04:06;Spot;Simple Earn Flexible Interest;BNB;0.00000438;Binance Earn
71732789;28/04/2025 04:34;Spot;Simple Earn Flexible Interest;ETH;0.00000547;Binance Earn
71732789;28/04/2025 06:17;Spot;HODLer Airdrops Distribution;SIGN;24.50614344;Binance Launchpool
71732789;29/04/2025 04:56;Spot;Simple Earn Flexible Interest;BNB;0.00000438;Binance Earn
71732789;29/04/2025 05:03;Spot;Simple Earn Flexible Interest;ETH;0.00000547;Binance Earn
71732789;30/04/2025 04:36;Spot;Simple Earn Flexible Interest;BNB;0.00000438;Binance Earn
71732789;30/04/2025 05:03;Spot;Simple Earn Flexible Interest;ETH;0.00000547;Binance Earn
71732789;01/05/2025 04:36;Spot;Simple Earn Flexible Interest;BNB;0.00000438;Binance Earn
71732789;01/05/2025 04:57;Spot;Simple Earn Flexible Interest;ETH;3.9E-7;Binance Earn
71732789;02/05/2025 03:15;Spot;Simple Earn Flexible Interest;ETH;3.9E-7;Binance Earn
71732789;02/05/2025 03:27;Spot;Simple Earn Flexible Interest;BNB;0.00000438;Binance Earn
71732789;02/05/2025 13:45;Spot;HODLer Airdrops Distribution;STO;1.84447221;Binance Launchpool
71732789;03/05/2025 03:13;Spot;Simple Earn Flexible Interest;BNB;0.00000438;Binance Earn
71732789;03/05/2025 03:27;Spot;Simple Earn Flexible Interest;ETH;3.9E-7;Binance Earn
71732789;04/05/2025 03:06;Spot;Simple Earn Flexible Interest;BNB;0.00000438;Binance Earn
71732789;04/05/2025 03:22;Spot;Simple Earn Flexible Interest;ETH;3.9E-7;Binance Earn
71732789;05/05/2025 03:27;Spot;Simple Earn Flexible Interest;BNB;0.00000438;Binance Earn
71732789;05/05/2025 03:29;Spot;Simple Earn Flexible Interest;ETH;3.9E-7;Binance Earn
71732789;06/05/2025 03:28;Spot;Simple Earn Flexible Interest;ETH;3.9E-7;Binance Earn
71732789;06/05/2025 03:34;Spot;Simple Earn Flexible Interest;BNB;0.00000438;Binance Earn
71732789;07/05/2025 03:14;Spot;Simple Earn Flexible Interest;BNB;0.00000438;Binance Earn
71732789;07/05/2025 03:28;Spot;Simple Earn Flexible Interest;ETH;3.9E-7;Binance Earn
71732789;08/05/2025 00:21;Spot;Launchpool Airdrop;SXT;11.83149880;
71732789;08/05/2025 03:07;Spot;Simple Earn Flexible Interest;ETH;3.9E-7;Binance Earn
71732789;08/05/2025 03:27;Spot;Simple Earn Flexible Interest;BNB;0.00000438;Binance Earn
71732789;09/05/2025 03:21;Spot;Simple Earn Flexible Interest;BNB;0.00000438;Binance Earn
71732789;09/05/2025 03:34;Spot;Simple Earn Flexible Interest;ETH;3.9E-7;Binance Earn
71732789;10/05/2025 03:07;Spot;Simple Earn Flexible Interest;ETH;3.9E-7;Binance Earn
71732789;10/05/2025 03:26;Spot;Simple Earn Flexible Interest;BNB;0.00000438;Binance Earn
71732789;11/05/2025 03:21;Spot;Simple Earn Flexible Interest;ETH;3.9E-7;Binance Earn
71732789;11/05/2025 03:32;Spot;Simple Earn Flexible Interest;BNB;0.00000438;Binance Earn
71732789;12/05/2025 03:15;Spot;Simple Earn Flexible Interest;ETH;3.9E-7;Binance Earn
71732789;12/05/2025 03:26;Spot;Simple Earn Flexible Interest;BNB;0.00000438;Binance Earn
71732789;13/05/2025 03:26;Spot;Simple Earn Flexible Interest;BNB;0.00000438;Binance Earn
71732789;13/05/2025 03:28;Spot;Simple Earn Flexible Interest;ETH;3.9E-7;Binance Earn
71732789;14/05/2025 03:14;Spot;Simple Earn Flexible Interest;ETH;3.9E-7;Binance Earn
71732789;14/05/2025 03:20;Spot;Simple Earn Flexible Interest;BNB;0.00000438;Binance Earn
71732789;15/05/2025 03:38;Spot;Simple Earn Flexible Interest;ETH;3.9E-7;Binance Earn
71732789;15/05/2025 03:50;Spot;Simple Earn Flexible Interest;BNB;0.00000438;Binance Earn
71732789;15/05/2025 06:53;Spot;HODLer Airdrops Distribution;NXPC;3.61826036;Binance Launchpool
71732789;16/05/2025 03:17;Spot;Simple Earn Flexible Interest;BNB;0.00000438;Binance Earn
71732789;16/05/2025 03:26;Spot;Simple Earn Flexible Interest;ETH;0.00000547;Binance Earn
71732789;17/05/2025 03:45;Spot;Simple Earn Flexible Interest;ETH;0.00000547;Binance Earn
71732789;17/05/2025 04:04;Spot;Simple Earn Flexible Interest;BNB;0.00000438;Binance Earn
71732789;18/05/2025 03:53;Spot;Simple Earn Flexible Interest;ETH;0.00000547;Binance Earn
71732789;18/05/2025 03:58;Spot;Simple Earn Flexible Interest;BNB;0.00000438;Binance Earn
71732789;19/05/2025 04:06;Spot;Simple Earn Flexible Interest;BNB;0.00000438;Binance Earn
71732789;19/05/2025 04:31;Spot;Simple Earn Flexible Interest;ETH;0.00000547;Binance Earn
71732789;20/05/2025 03:56;Spot;Simple Earn Flexible Interest;BNB;0.00000438;Binance Earn
71732789;20/05/2025 03:57;Spot;Simple Earn Flexible Interest;ETH;0.00000547;Binance Earn
71732789;21/05/2025 04:13;Spot;Simple Earn Flexible Interest;ETH;0.00000547;Binance Earn
71732789;21/05/2025 04:19;Spot;Simple Earn Flexible Interest;BNB;0.00000438;Binance Earn
71732789;21/05/2025 12:02;Spot;HODLer Airdrops Distribution;HAEDAL;3.68663230;Binance Launchpool
71732789;22/05/2025 03:13;Spot;Simple Earn Flexible Interest;BNB;0.00000438;Binance Earn
71732789;22/05/2025 03:31;Spot;Simple Earn Flexible Interest;ETH;0.00000547;Binance Earn
71732789;23/05/2025 04:13;Spot;Simple Earn Flexible Interest;BNB;0.00000438;Binance Earn
71732789;23/05/2025 04:13;Spot;Simple Earn Flexible Interest;ETH;0.00000547;Binance Earn
71732789;24/05/2025 03:06;Spot;Simple Earn Flexible Interest;BNB;0.00000438;Binance Earn
71732789;24/05/2025 03:08;Spot;Simple Earn Flexible Interest;ETH;0.00000547;Binance Earn
71732789;25/05/2025 04:44;Spot;Simple Earn Flexible Interest;BNB;0.00000438;Binance Earn
71732789;25/05/2025 05:01;Spot;Simple Earn Flexible Interest;ETH;0.00000547;Binance Earn
71732789;26/05/2025 00:24;Spot;Launchpool Airdrop;HUMA;23.48449303;
71732789;26/05/2025 04:06;Spot;Simple Earn Flexible Interest;BNB;0.00000438;Binance Earn
71732789;26/05/2025 04:13;Spot;Simple Earn Flexible Interest;ETH;0.00000547;Binance Earn
71732789;27/05/2025 04:19;Spot;Simple Earn Flexible Interest;BNB;0.00000438;Binance Earn
71732789;27/05/2025 04:20;Spot;Simple Earn Flexible Interest;ETH;0.00000547;Binance Earn
71732789;28/05/2025 04:38;Spot;Simple Earn Flexible Interest;ETH;0.00000547;Binance Earn
71732789;28/05/2025 04:49;Spot;Simple Earn Flexible Interest;BNB;0.00000438;Binance Earn
71732789;28/05/2025 09:25;Spot;HODLer Airdrops Distribution;SOPH;18.43881312;Binance Launchpool
71732789;29/05/2025 04:06;Spot;Simple Earn Flexible Interest;BNB;0.00000438;Binance Earn
71732789;29/05/2025 04:19;Spot;Simple Earn Flexible Interest;ETH;0.00000547;Binance Earn
71732789;30/05/2025 04:13;Spot;Simple Earn Flexible Interest;BNB;0.00000438;Binance Earn
71732789;30/05/2025 04:26;Spot;Simple Earn Flexible Interest;ETH;0.00000547;Binance Earn
71732789;31/05/2025 04:43;Spot;Simple Earn Flexible Interest;BNB;0.00000438;Binance Earn
71732789;31/05/2025 04:44;Spot;Simple Earn Flexible Interest;ETH;0.00000547;Binance Earn
71732789;01/06/2025 04:41;Spot;Simple Earn Flexible Interest;BNB;0.00000438;Binance Earn
71732789;01/06/2025 04:45;Spot;Simple Earn Flexible Interest;ETH;0.00000547;Binance Earn
71732789;01/06/2025 07:09;Spot;Simple Earn Flexible Subscription;BTC;-0.00388631;Binance Earn
71732789;01/06/2025 07:10;Spot;Binance Convert;BNB;0.00749760;
71732789;01/06/2025 07:10;Spot;Binance Convert;NXPC;-3.61826036;
71732789;01/06/2025 07:11;Spot;Binance Convert;KAITO;-2.46984570;
71732789;01/06/2025 07:11;Spot;Binance Convert;BNB;0.00709922;
71732789;01/06/2025 07:11;Spot;Binance Convert;BNB;0.00437372;
71732789;01/06/2025 07:11;Spot;Binance Convert;LAYER;-3.72722507;
71732789;01/06/2025 07:12;Spot;Binance Convert;BNB;0.00431407;
71732789;01/06/2025 07:12;Spot;Binance Convert;BERA;-1.24427501;
71732789;01/06/2025 07:12;Spot;Binance Convert;BNB;0.00351756;
71732789;01/06/2025 07:12;Spot;Binance Convert;WCT;-3.85961873;
71732789;01/06/2025 07:12;Spot;Binance Convert;INIT;-2.88655647;
71732789;01/06/2025 07:12;Spot;Binance Convert;BNB;0.00321083;
71732789;01/06/2025 07:14;Spot;Binance Convert;BNB;0.00277942;
71732789;01/06/2025 07:14;Spot;Binance Convert;SIGN;-24.50614344;
71732789;01/06/2025 07:14;Spot;Binance Convert;BNB;0.00227944;
71732789;01/06/2025 07:14;Spot;Binance Convert;ANIME;-61.33079421;
71732789;01/06/2025 07:14;Spot;Binance Convert;NIL;-3.16476440;
71732789;01/06/2025 07:14;Spot;Binance Convert;BNB;0.00222451;
71732789;01/06/2025 07:15;Spot;Binance Convert;BNB;0.00218960;
71732789;01/06/2025 07:15;Spot;Binance Convert;GUN;-36.14982038;
71732789;01/06/2025 07:15;Spot;Binance Convert;BNB;0.00193008;
71732789;01/06/2025 07:15;Spot;Binance Convert;RED;-3.54894210;
71732789;01/06/2025 07:15;Spot;Binance Convert;BNB;0.00183553;
71732789;01/06/2025 07:15;Spot;Binance Convert;SXT;-11.83149880;
71732789;01/06/2025 07:15;Spot;Binance Convert;BNB;0.00150788;
71732789;01/06/2025 07:15;Spot;Binance Convert;SOPH;-18.43881312;
71732789;01/06/2025 07:16;Spot;Binance Convert;BNB;0.00134037;
71732789;01/06/2025 07:16;Spot;Binance Convert;HUMA;-23.48449303;
71732789;01/06/2025 07:16;Spot;Binance Convert;PARTI;-3.69570855;
71732789;01/06/2025 07:16;Spot;Binance Convert;BNB;0.00131873;
71732789;01/06/2025 07:16;Spot;Binance Convert;GPS;-36.71252581;
71732789;01/06/2025 07:16;Spot;Binance Convert;BNB;0.00130124;
71732789;01/06/2025 07:18;Spot;Binance Convert;BNB;0.00027405;
71732789;01/06/2025 07:18;Spot;Binance Convert;STO;-1.84447221;
71732789;01/06/2025 07:18;Spot;Binance Convert;BNB;0.00047381;
71732789;01/06/2025 07:18;Spot;Binance Convert;HYPER;-2.45383326;
71732789;01/06/2025 07:18;Spot;Binance Convert;HAEDAL;-3.68663230;
71732789;01/06/2025 07:18;Spot;Binance Convert;BNB;0.00073645;
71732789;01/06/2025 07:18;Spot;Binance Convert;SHELL;-3.07496232;
71732789;01/06/2025 07:18;Spot;Binance Convert;BNB;0.00081931;
71732789;01/06/2025 07:19;Spot;Binance Convert;BNB;0.00091750;
71732789;01/06/2025 07:19;Spot;Binance Convert;BABY;-9.24151665;
71732789;01/06/2025 07:19;Spot;Binance Convert;BNB;0.00097887;
71732789;01/06/2025 07:19;Spot;Binance Convert;BIO;-9.81807044;
71732789;01/06/2025 07:19;Spot;Binance Convert;BNB;0.00509659;
71732789;01/06/2025 07:19;Spot;Binance Convert;USDC;-3.36181440;
71732789;01/06/2025 07:20;Spot;Binance Convert;BMT;-3.68670145;
71732789;01/06/2025 07:20;Spot;Binance Convert;BNB;0.00049006;
71732789;02/06/2025 03:06;Spot;Simple Earn Flexible Interest;BNB;0.00000438;Binance Earn
71732789;02/06/2025 03:13;Spot;Simple Earn Flexible Interest;ETH;0.00000547;Binance Earn
71732789;03/06/2025 03:14;Spot;Simple Earn Flexible Interest;BNB;0.00000438;Binance Earn
71732789;03/06/2025 03:26;Spot;Simple Earn Flexible Interest;BTC;0,00 ;Binance Earn
71732789;03/06/2025 03:26;Spot;Simple Earn Flexible Interest;ETH;0.00000547;Binance Earn
71732789;04/06/2025 03:07;Spot;Simple Earn Flexible Interest;BTC;0,00 ;Binance Earn
71732789;04/06/2025 03:15;Spot;Simple Earn Flexible Interest;ETH;0.00000547;Binance Earn
71732789;04/06/2025 03:20;Spot;Simple Earn Flexible Interest;BNB;0.00000438;Binance Earn
71732789;05/06/2025 07:14;Spot;Simple Earn Flexible Interest;ETH;0.00000547;Binance Earn
71732789;05/06/2025 07:19;Spot;Simple Earn Flexible Interest;BNB;0.00000438;Binance Earn
71732789;05/06/2025 07:25;Spot;Simple Earn Flexible Interest;BTC;0,00 ;Binance Earn
71732789;06/06/2025 03:15;Spot;Simple Earn Flexible Interest;BTC;0,00 ;Binance Earn
71732789;06/06/2025 03:27;Spot;Simple Earn Flexible Interest;ETH;0.00000547;Binance Earn
71732789;06/06/2025 03:31;Spot;Simple Earn Flexible Interest;BNB;0.00000438;Binance Earn
71732789;07/06/2025 03:15;Spot;Simple Earn Flexible Interest;ETH;0.00000547;Binance Earn
71732789;07/06/2025 03:31;Spot;Simple Earn Flexible Interest;BNB;0.00000438;Binance Earn
71732789;07/06/2025 03:31;Spot;Simple Earn Flexible Interest;BTC;0,00 ;Binance Earn
71732789;08/06/2025 03:07;Spot;Simple Earn Flexible Interest;BTC;0,00 ;Binance Earn
71732789;08/06/2025 03:08;Spot;Simple Earn Flexible Interest;ETH;0.00000547;Binance Earn
71732789;08/06/2025 03:25;Spot;Simple Earn Flexible Interest;BNB;0.00000438;Binance Earn
71732789;09/06/2025 03:07;Spot;Simple Earn Flexible Interest;BNB;0.00000438;Binance Earn
71732789;09/06/2025 03:15;Spot;Simple Earn Flexible Interest;BTC;0,00 ;Binance Earn
71732789;09/06/2025 03:21;Spot;Simple Earn Flexible Interest;ETH;0.00000547;Binance Earn
71732789;10/06/2025 03:26;Spot;Simple Earn Flexible Interest;BNB;0.00000438;Binance Earn
71732789;10/06/2025 03:27;Spot;Simple Earn Flexible Interest;BTC;0,00 ;Binance Earn
71732789;10/06/2025 03:32;Spot;Simple Earn Flexible Interest;ETH;0.00000547;Binance Earn
71732789;11/06/2025 03:21;Spot;Simple Earn Flexible Interest;BTC;0,00 ;Binance Earn
71732789;11/06/2025 03:27;Spot;Simple Earn Flexible Interest;ETH;0.00000547;Binance Earn
71732789;11/06/2025 03:31;Spot;Simple Earn Flexible Interest;BNB;0.00000438;Binance Earn
71732789;11/06/2025 13:02;Spot;HODLer Airdrops Distribution;RESOLV;2.40959603;Binance Launchpool
71732789;12/06/2025 03:13;Spot;Simple Earn Flexible Interest;BNB;0.00000438;Binance Earn
71732789;12/06/2025 03:20;Spot;Simple Earn Flexible Interest;ETH;0.00000547;Binance Earn
71732789;12/06/2025 03:30;Spot;Simple Earn Flexible Interest;BTC;0,00 ;Binance Earn
71732789;12/06/2025 13:17;Spot;HODLer Airdrops Distribution;HOME;24.19374917;Binance Launchpool
71732789;13/06/2025 03:07;Spot;Simple Earn Flexible Interest;BTC;0,00 ;Binance Earn
71732789;13/06/2025 03:20;Spot;Simple Earn Flexible Interest;BNB;0.00000438;Binance Earn
71732789;13/06/2025 03:31;Spot;Simple Earn Flexible Interest;ETH;0.00000547;Binance Earn
71732789;14/06/2025 03:50;Spot;Simple Earn Flexible Interest;BTC;0,00 ;Binance Earn
71732789;14/06/2025 03:55;Spot;Simple Earn Flexible Interest;BNB;0.00000438;Binance Earn
71732789;14/06/2025 04:01;Spot;Simple Earn Flexible Interest;ETH;0.00000547;Binance Earn
71732789;15/06/2025 03:44;Spot;Simple Earn Flexible Interest;ETH;0.00000547;Binance Earn
71732789;15/06/2025 03:49;Spot;Simple Earn Flexible Interest;BNB;0.00000438;Binance Earn
71732789;15/06/2025 03:55;Spot;Simple Earn Flexible Interest;BTC;0,00 ;Binance Earn
71732789;16/06/2025 03:38;Spot;Simple Earn Flexible Interest;ETH;0.00000547;Binance Earn
71732789;16/06/2025 03:44;Spot;Simple Earn Flexible Interest;BNB;0.00000438;Binance Earn
71732789;16/06/2025 03:56;Spot;Simple Earn Flexible Interest;BTC;0,00 ;Binance Earn
71732789;16/06/2025 09:18;Spot;HODLer Airdrops Distribution;LAYER;0.72299344;Binance Launchpool
71732789;16/06/2025 13:32;Spot;HODLer Airdrops Distribution;SPK;24.35201179;Binance Launchpool
71732789;17/06/2025 03:19;Spot;Simple Earn Flexible Interest;BTC;0,00 ;Binance Earn
71732789;17/06/2025 03:19;Spot;Simple Earn Flexible Interest;ETH;0.00000547;Binance Earn
71732789;17/06/2025 03:24;Spot;Simple Earn Flexible Interest;BNB;0.00000438;Binance Earn
71732789;18/06/2025 04:06;Spot;Simple Earn Flexible Interest;BNB;0.00000438;Binance Earn
71732789;18/06/2025 04:15;Spot;Simple Earn Flexible Interest;ETH;0.00000547;Binance Earn
71732789;18/06/2025 04:26;Spot;Simple Earn Flexible Interest;BTC;0,00 ;Binance Earn
71732789;19/06/2025 03:08;Spot;Simple Earn Flexible Interest;ETH;3.9E-7;Binance Earn
71732789;19/06/2025 03:20;Spot;Simple Earn Flexible Interest;BNB;0.00000438;Binance Earn
71732789;19/06/2025 03:26;Spot;Simple Earn Flexible Interest;BTC;0,00 ;Binance Earn
71732789;20/06/2025 04:37;Spot;Simple Earn Flexible Interest;BTC;0,00 ;Binance Earn
71732789;20/06/2025 04:51;Spot;Simple Earn Flexible Interest;ETH;3.9E-7;Binance Earn
71732789;20/06/2025 04:55;Spot;Simple Earn Flexible Interest;BNB;0.00000438;Binance Earn
71732789;21/06/2025 03:20;Spot;Simple Earn Flexible Interest;BNB;0.00000438;Binance Earn
71732789;21/06/2025 03:20;Spot;Simple Earn Flexible Interest;BTC;0,00 ;Binance Earn
71732789;21/06/2025 03:21;Spot;Simple Earn Flexible Interest;ETH;3.9E-7;Binance Earn
71732789;22/06/2025 04:38;Spot;Simple Earn Flexible Interest;ETH;3.9E-7;Binance Earn
71732789;22/06/2025 04:54;Spot;Simple Earn Flexible Interest;BNB;0.00000438;Binance Earn
71732789;22/06/2025 05:00;Spot;Simple Earn Flexible Interest;BTC;0,00 ;Binance Earn
71732789;23/06/2025 03:07;Spot;Simple Earn Flexible Interest;BNB;0.00000438;Binance Earn
71732789;23/06/2025 03:14;Spot;Simple Earn Flexible Interest;BTC;0,00 ;Binance Earn
71732789;23/06/2025 03:26;Spot;Simple Earn Flexible Interest;ETH;3.9E-7;Binance Earn
71732789;24/06/2025 02:17;Spot;HODLer Airdrops Distribution;NEWT;1.52411765;Binance Launchpool
71732789;24/06/2025 05:07;Spot;Simple Earn Flexible Interest;BNB;0.00000438;Binance Earn
71732789;24/06/2025 05:16;Spot;Simple Earn Flexible Interest;BTC;0,00 ;Binance Earn
71732789;24/06/2025 05:23;Spot;Simple Earn Flexible Interest;ETH;3.9E-7;Binance Earn
71732789;25/06/2025 04:20;Spot;Simple Earn Flexible Interest;BTC;0,00 ;Binance Earn
71732789;25/06/2025 04:25;Spot;Simple Earn Flexible Interest;BNB;0.00000438;Binance Earn
71732789;25/06/2025 04:31;Spot;Simple Earn Flexible Interest;ETH;3.9E-7;Binance Earn
71732789;25/06/2025 07:40;Spot;HODLer Airdrops Distribution;SAHARA;15.23401824;Binance Launchpool
71732789;26/06/2025 04:49;Spot;Simple Earn Flexible Interest;BNB;0.00000438;Binance Earn
71732789;26/06/2025 04:50;Spot;Simple Earn Flexible Interest;ETH;3.9E-7;Binance Earn
71732789;26/06/2025 04:56;Spot;Simple Earn Flexible Interest;BTC;0,00 ;Binance Earn
71732789;27/06/2025 04:37;Spot;Simple Earn Flexible Interest;BNB;0.00000438;Binance Earn
71732789;27/06/2025 04:38;Spot;Simple Earn Flexible Interest;BTC;0,00 ;Binance Earn
71732789;27/06/2025 04:50;Spot;Simple Earn Flexible Interest;ETH;3.9E-7;Binance Earn
71732789;28/06/2025 04:37;Spot;Simple Earn Flexible Interest;BTC;0,00 ;Binance Earn
71732789;28/06/2025 04:38;Spot;Simple Earn Flexible Interest;ETH;3.9E-7;Binance Earn
71732789;28/06/2025 04:49;Spot;Simple Earn Flexible Interest;BNB;0.00000438;Binance Earn
71732789;29/06/2025 04:55;Spot;Simple Earn Flexible Interest;BNB;0.00000438;Binance Earn
71732789;29/06/2025 04:55;Spot;Simple Earn Flexible Interest;BTC;0,00 ;Binance Earn
71732789;29/06/2025 04:56;Spot;Simple Earn Flexible Interest;ETH;3.9E-7;Binance Earn
71732789;30/06/2025 04:38;Spot;Simple Earn Flexible Interest;ETH;3.9E-7;Binance Earn
71732789;30/06/2025 04:43;Spot;Simple Earn Flexible Interest;BNB;0.00000438;Binance Earn
71732789;30/06/2025 04:56;Spot;Simple Earn Flexible Interest;BTC;0,00 ;Binance Earn
71732789;01/07/2025 04:44;Spot;Simple Earn Flexible Interest;ETH;3.9E-7;Binance Earn
71732789;01/07/2025 04:49;Spot;Simple Earn Flexible Interest;BNB;0.00000438;Binance Earn
71732789;01/07/2025 05:00;Spot;Simple Earn Flexible Interest;BTC;0,00 ;Binance Earn
71732789;02/07/2025 03:15;Spot;Simple Earn Flexible Interest;BTC;0,00 ;Binance Earn
71732789;02/07/2025 03:21;Spot;Simple Earn Flexible Interest;ETH;3.9E-7;Binance Earn
71732789;02/07/2025 03:34;Spot;Simple Earn Flexible Interest;BNB;0.00000438;Binance Earn
71732789;03/07/2025 03:37;Spot;Simple Earn Flexible Interest;BTC;0,00 ;Binance Earn
71732789;03/07/2025 03:50;Spot;Simple Earn Flexible Interest;BNB;0.00000438;Binance Earn
71732789;03/07/2025 03:56;Spot;Simple Earn Flexible Interest;ETH;3.9E-7;Binance Earn
71732789;04/07/2025 03:07;Spot;Simple Earn Flexible Interest;BNB;0.00000438;Binance Earn
71732789;04/07/2025 03:27;Spot;Simple Earn Flexible Interest;BTC;0,00 ;Binance Earn
71732789;04/07/2025 03:28;Spot;Simple Earn Flexible Interest;ETH;3.9E-7;Binance Earn
71732789;04/07/2025 08:35;Spot;Deposit;PLN;1485.00000000;
71732789;04/07/2025 08:38;Spot;Binance Convert;USDC;410.98653806;
71732789;04/07/2025 08:38;Spot;Binance Convert;PLN;-1485.00000000;
71732789;04/07/2025 08:38;Spot;Simple Earn Locked Subscription;USDC;-410.98653806;Binance Earn
71732789;05/07/2025 03:18;Spot;Simple Earn Flexible Interest;BTC;0,00 ;Binance Earn
71732789;05/07/2025 03:23;Spot;Simple Earn Flexible Interest;BNB;0.00000438;Binance Earn
71732789;05/07/2025 03:24;Spot;Simple Earn Flexible Interest;ETH;3.9E-7;Binance Earn
71732789;06/07/2025 01:10;Spot;Simple Earn Locked Rewards;USDC;0.22520007;Binance Earn
71732789;06/07/2025 03:17;Spot;Simple Earn Flexible Interest;BNB;0.00000438;Binance Earn
71732789;06/07/2025 03:18;Spot;Simple Earn Flexible Interest;BTC;0,00 ;Binance Earn
71732789;06/07/2025 03:18;Spot;Simple Earn Flexible Interest;ETH;3.9E-7;Binance Earn
71732789;07/07/2025 01:10;Spot;Simple Earn Locked Rewards;USDC;0.22520007;Binance Earn
71732789;07/07/2025 03:24;Spot;Simple Earn Flexible Interest;ETH;3.9E-7;Binance Earn
71732789;07/07/2025 03:29;Spot;Simple Earn Flexible Interest;BNB;0.00000438;Binance Earn
71732789;07/07/2025 03:29;Spot;Simple Earn Flexible Interest;BTC;0,00 ;Binance Earn
71732789;08/07/2025 01:10;Spot;Simple Earn Locked Rewards;USDC;0.22520007;Binance Earn
71732789;08/07/2025 03:37;Spot;Simple Earn Flexible Interest;ETH;3.9E-7;Binance Earn
71732789;08/07/2025 03:48;Spot;Simple Earn Flexible Interest;BNB;0.00000438;Binance Earn
71732789;08/07/2025 04:00;Spot;Simple Earn Flexible Interest;BTC;0,00 ;Binance Earn
71732789;09/07/2025 01:10;Spot;Simple Earn Locked Rewards;USDC;0.22520007;Binance Earn
71732789;09/07/2025 03:43;Spot;Simple Earn Flexible Interest;BTC;0,00 ;Binance Earn
71732789;09/07/2025 03:49;Spot;Simple Earn Flexible Interest;BNB;0.00000438;Binance Earn
71732789;09/07/2025 04:00;Spot;Simple Earn Flexible Interest;ETH;3.9E-7;Binance Earn
71732789;09/07/2025 14:28;Spot;HODLer Airdrops Distribution;LA;1.83278130;Binance Launchpool
71732789;10/07/2025 01:09;Spot;Simple Earn Locked Rewards;USDC;0.22520007;Binance Earn
71732789;10/07/2025 03:43;Spot;Simple Earn Flexible Interest;BTC;0,00 ;Binance Earn
71732789;10/07/2025 03:43;Spot;Simple Earn Flexible Interest;ETH;3.9E-7;Binance Earn
71732789;10/07/2025 03:48;Spot;Simple Earn Flexible Interest;BNB;0.00000438;Binance Earn
71732789;11/07/2025 01:10;Spot;Simple Earn Locked Rewards;USDC;0.22520007;Binance Earn
71732789;11/07/2025 03:07;Spot;Simple Earn Flexible Interest;BNB;0.00000438;Binance Earn
71732789;11/07/2025 03:24;Spot;Simple Earn Flexible Interest;ETH;3.9E-7;Binance Earn
71732789;11/07/2025 03:35;Spot;Simple Earn Flexible Interest;BTC;0,00 ;Binance Earn
71732789;12/07/2025 01:10;Spot;Simple Earn Locked Rewards;USDC;0.22520007;Binance Earn
71732789;12/07/2025 03:37;Spot;Simple Earn Flexible Interest;BTC;0,00 ;Binance Earn
71732789;12/07/2025 03:59;Spot;Simple Earn Flexible Interest;BNB;0.00000438;Binance Earn
71732789;12/07/2025 04:00;Spot;Simple Earn Flexible Interest;ETH;3.9E-7;Binance Earn
71732789;13/07/2025 01:10;Spot;Simple Earn Locked Rewards;USDC;0.22520007;Binance Earn
71732789;13/07/2025 03:18;Spot;Simple Earn Flexible Interest;BTC;0,00 ;Binance Earn
71732789;13/07/2025 03:23;Spot;Simple Earn Flexible Interest;BNB;0.00000438;Binance Earn
71732789;13/07/2025 03:30;Spot;Simple Earn Flexible Interest;ETH;3.9E-7;Binance Earn
71732789;14/07/2025 01:10;Spot;Simple Earn Locked Rewards;USDC;0.22520007;Binance Earn
71732789;14/07/2025 04:06;Spot;Simple Earn Flexible Interest;BNB;0.00000438;Binance Earn
71732789;14/07/2025 04:14;Spot;Simple Earn Flexible Interest;ETH;3.9E-7;Binance Earn
71732789;14/07/2025 04:30;Spot;Simple Earn Flexible Interest;BTC;0,00 ;Binance Earn
71732789;15/07/2025 01:10;Spot;Simple Earn Locked Rewards;USDC;0.22520007;Binance Earn
71732789;15/07/2025 03:38;Spot;Simple Earn Flexible Interest;BTC;0,00 ;Binance Earn
71732789;15/07/2025 03:44;Spot;Simple Earn Flexible Interest;BNB;0.00000438;Binance Earn
71732789;15/07/2025 03:57;Spot;Simple Earn Flexible Interest;ETH;3.9E-7;Binance Earn
71732789;16/07/2025 01:10;Spot;Simple Earn Locked Rewards;USDC;0.22520007;Binance Earn
71732789;16/07/2025 04:13;Spot;Simple Earn Flexible Interest;BTC;0,00 ;Binance Earn
71732789;16/07/2025 04:24;Spot;Simple Earn Flexible Interest;BNB;0.00000438;Binance Earn
71732789;16/07/2025 04:25;Spot;Simple Earn Flexible Interest;ETH;3.9E-7;Binance Earn
71732789;16/07/2025 12:31;Spot;HODLer Airdrops Distribution;ERA;2.43526620;Binance Launchpool
71732789;17/07/2025 01:10;Spot;Simple Earn Locked Rewards;USDC;0.22520007;Binance Earn
71732789;17/07/2025 03:49;Spot;Simple Earn Flexible Interest;BNB;0.00000438;Binance Earn
71732789;17/07/2025 03:50;Spot;Simple Earn Flexible Interest;BTC;0,00 ;Binance Earn
71732789;17/07/2025 03:50;Spot;Simple Earn Flexible Interest;ETH;3.9E-7;Binance Earn
71732789;18/07/2025 01:10;Spot;Simple Earn Locked Rewards;USDC;0.22520007;Binance Earn
71732789;18/07/2025 04:43;Spot;Simple Earn Flexible Interest;BTC;0,00 ;Binance Earn
71732789;18/07/2025 04:54;Spot;Simple Earn Flexible Interest;BNB;0.00000438;Binance Earn
71732789;18/07/2025 05:01;Spot;Simple Earn Flexible Interest;ETH;3.9E-7;Binance Earn
71732789;18/07/2025 12:05;Spot;HODLer Airdrops Distribution;C;2.42896465;Binance Launchpool
71732789;19/07/2025 01:10;Spot;Simple Earn Locked Rewards;USDC;0.22520007;Binance Earn
71732789;19/07/2025 03:13;Spot;Simple Earn Flexible Interest;BNB;0.00000438;Binance Earn
71732789;19/07/2025 03:13;Spot;Simple Earn Flexible Interest;BTC;0,00 ;Binance Earn
71732789;19/07/2025 03:31;Spot;Simple Earn Flexible Interest;ETH;3.9E-7;Binance Earn
71732789;20/07/2025 04:44;Spot;Simple Earn Flexible Interest;BNB;0.00000438;Binance Earn
71732789;20/07/2025 04:44;Spot;Simple Earn Flexible Interest;BTC;0,00 ;Binance Earn
71732789;20/07/2025 05:01;Spot;Simple Earn Flexible Interest;ETH;3.9E-7;Binance Earn
71732789;21/07/2025 03:07;Spot;Simple Earn Flexible Interest;BNB;0.00000438;Binance Earn
71732789;21/07/2025 03:20;Spot;Simple Earn Flexible Interest;BTC;0,00 ;Binance Earn
71732789;21/07/2025 03:27;Spot;Simple Earn Flexible Interest;ETH;3.9E-7;Binance Earn
71732789;22/07/2025 05:06;Spot;Simple Earn Flexible Interest;BNB;0.00000438;Binance Earn
71732789;22/07/2025 05:07;Spot;Simple Earn Flexible Interest;ETH;3.9E-7;Binance Earn
71732789;22/07/2025 05:25;Spot;Simple Earn Flexible Interest;BTC;0,00 ;Binance Earn
71732789;22/07/2025 05:27;Spot;Simple Earn Flexible Interest;USDC;0.02739700;Binance Earn
71732789;23/07/2025 03:36;Spot;Simple Earn Flexible Interest;BNB;0.00000438;Binance Earn
71732789;23/07/2025 03:43;Spot;Simple Earn Flexible Interest;BTC;0,00 ;Binance Earn
71732789;23/07/2025 03:51;Spot;Simple Earn Flexible Interest;USDC;0.02739700;Binance Earn
71732789;23/07/2025 04:00;Spot;Simple Earn Flexible Interest;ETH;3.9E-7;Binance Earn
71732789;24/07/2025 04:39;Spot;Simple Earn Flexible Interest;USDC;0.02739700;Binance Earn
71732789;24/07/2025 04:44;Spot;Simple Earn Flexible Interest;ETH;3.9E-7;Binance Earn
71732789;24/07/2025 04:49;Spot;Simple Earn Flexible Interest;BTC;0,00 ;Binance Earn
71732789;24/07/2025 04:54;Spot;Simple Earn Flexible Interest;BNB;0.00000438;Binance Earn
71732789;25/07/2025 04:14;Spot;Simple Earn Flexible Redemption;USDC;411.07370405;Binance Earn
71732789;25/07/2025 04:15;Spot;Binance Convert;BNB;0.54805594;
71732789;25/07/2025 04:15;Spot;Binance Convert;USDC;-414.30869603;
71732789;25/07/2025 04:15;Spot;Simple Earn Flexible Subscription;BNB;-0.61302293;Binance Earn
71732789;25/07/2025 04:37;Spot;Simple Earn Flexible Interest;BTC;0,00 ;Binance Earn
71732789;25/07/2025 04:39;Spot;Simple Earn Flexible Interest;USDC;0.02739700;Binance Earn
71732789;25/07/2025 04:42;Spot;Simple Earn Flexible Interest;BNB;0.00000438;Binance Earn
71732789;25/07/2025 04:43;Spot;Simple Earn Flexible Interest;ETH;3.9E-7;Binance Earn
71732789;26/07/2025 04:48;Spot;Simple Earn Flexible Interest;BNB;0.00000438;Binance Earn
71732789;26/07/2025 04:55;Spot;Simple Earn Flexible Interest;ETH;3.9E-7;Binance Earn
71732789;26/07/2025 04:59;Spot;Simple Earn Flexible Interest;BTC;0,00 ;Binance Earn
71732789;27/07/2025 04:36;Spot;Simple Earn Flexible Interest;BNB;0.00000438;Binance Earn
71732789;27/07/2025 04:49;Spot;Simple Earn Flexible Interest;BTC;0,00 ;Binance Earn
71732789;27/07/2025 04:55;Spot;Simple Earn Flexible Interest;ETH;3.9E-7;Binance Earn
71732789;28/07/2025 04:37;Spot;Simple Earn Flexible Interest;BTC;0,00 ;Binance Earn
71732789;28/07/2025 04:54;Spot;Simple Earn Flexible Interest;BNB;0.00000438;Binance Earn
71732789;28/07/2025 05:00;Spot;Simple Earn Flexible Interest;ETH;4.0E-7;Binance Earn
71732789;28/07/2025 19:27;Spot;Deposit;PLN;3465.00000000;
71732789;28/07/2025 19:33;Spot;Binance Convert;USDC;938.22594910;
71732789;28/07/2025 19:33;Spot;Binance Convert;PLN;-3465.00000000;
71732789;28/07/2025 19:36;Spot;Simple Earn Flexible Subscription;USDC;-938.25334610;Binance Earn
71732789;29/07/2025 04:37;Spot;Simple Earn Flexible Interest;ETH;4.0E-7;Binance Earn
71732789;29/07/2025 04:53;Spot;Simple Earn Flexible Interest;BTC;0,00 ;Binance Earn
71732789;29/07/2025 04:58;Spot;Simple Earn Flexible Interest;BNB;0.00000438;Binance Earn
71732789;29/07/2025 06:07;Spot;HODLer Airdrops Distribution;TREE;1.58120745;Binance Launchpool
71732789;30/07/2025 04:39;Spot;Simple Earn Flexible Interest;USDC;0.02739700;Binance Earn
71732789;30/07/2025 04:42;Spot;Simple Earn Flexible Interest;BNB;0.00000438;Binance Earn
71732789;30/07/2025 04:48;Spot;Simple Earn Flexible Interest;BTC;0,00 ;Binance Earn
71732789;30/07/2025 04:49;Spot;Simple Earn Flexible Interest;ETH;4.0E-7;Binance Earn
71732789;31/07/2025 04:43;Spot;Simple Earn Flexible Interest;ETH;4.0E-7;Binance Earn
71732789;31/07/2025 04:45;Spot;Simple Earn Flexible Interest;USDC;0.02739700;Binance Earn
71732789;31/07/2025 04:53;Spot;Simple Earn Flexible Interest;BNB;0.00000438;Binance Earn
71732789;31/07/2025 04:58;Spot;Simple Earn Flexible Interest;BTC;0,00 ;Binance Earn
71732789;01/08/2025 04:43;Spot;Simple Earn Flexible Interest;BTC;0,00 ;Binance Earn
71732789;01/08/2025 04:43;Spot;Simple Earn Flexible Interest;ETH;4.0E-7;Binance Earn
71732789;01/08/2025 04:49;Spot;Simple Earn Flexible Interest;USDC;0.02739700;Binance Earn
71732789;01/08/2025 04:53;Spot;Simple Earn Flexible Interest;BNB;0.00000438;Binance Earn
71732789;02/08/2025 03:06;Spot;Simple Earn Flexible Interest;BNB;0.00000328;Binance Earn
71732789;02/08/2025 03:07;Spot;Simple Earn Flexible Interest;ETH;4.0E-7;Binance Earn
71732789;02/08/2025 03:20;Spot;Simple Earn Flexible Interest;USDC;0.02739700;Binance Earn
71732789;02/08/2025 03:24;Spot;Simple Earn Flexible Interest;BTC;0,00 ;Binance Earn
71732789;03/08/2025 03:42;Spot;Simple Earn Flexible Interest;BNB;0.00000328;Binance Earn
71732789;03/08/2025 03:43;Spot;Simple Earn Flexible Interest;BTC;0,00 ;Binance Earn
71732789;03/08/2025 03:53;Spot;Simple Earn Flexible Interest;ETH;4.0E-7;Binance Earn
71732789;03/08/2025 03:55;Spot;Simple Earn Flexible Interest;USDC;0.02739700;Binance Earn
71732789;04/08/2025 03:39;Spot;Simple Earn Flexible Interest;USDC;0.02739700;Binance Earn
71732789;04/08/2025 03:47;Spot;Simple Earn Flexible Interest;BNB;0.00000328;Binance Earn
71732789;04/08/2025 03:48;Spot;Simple Earn Flexible Interest;ETH;4.0E-7;Binance Earn
71732789;04/08/2025 03:57;Spot;Simple Earn Flexible Interest;BTC;0,00 ;Binance Earn
71732789;04/08/2025 14:26;Spot;HODLer Airdrops Distribution;TOWNS;38.66533923;Binance Launchpool
71732789;05/08/2025 03:06;Spot;Simple Earn Flexible Interest;BTC;0,00 ;Binance Earn
71732789;05/08/2025 03:14;Spot;Simple Earn Flexible Interest;USDC;0.02739700;Binance Earn
71732789;05/08/2025 03:17;Spot;Simple Earn Flexible Interest;ETH;4.0E-7;Binance Earn
71732789;05/08/2025 03:21;Spot;Simple Earn Flexible Interest;BNB;0.00000328;Binance Earn
71732789;05/08/2025 10:18;Spot;HODLer Airdrops Distribution;PROVE;1.82928721;Binance Launchpool
71732789;06/08/2025 03:42;Spot;Simple Earn Flexible Interest;BNB;0.00000328;Binance Earn
71732789;06/08/2025 03:42;Spot;Simple Earn Flexible Interest;BTC;0,00 ;Binance Earn
71732789;06/08/2025 03:43;Spot;Simple Earn Flexible Interest;USDC;0.02739700;Binance Earn
71732789;06/08/2025 03:57;Spot;Simple Earn Flexible Interest;ETH;4.0E-7;Binance Earn
71732789;07/08/2025 03:14;Spot;Simple Earn Flexible Interest;BTC;0,00 ;Binance Earn
71732789;07/08/2025 03:14;Spot;Simple Earn Flexible Interest;ETH;4.0E-7;Binance Earn
71732789;07/08/2025 03:26;Spot;Simple Earn Flexible Interest;USDC;0.02739700;Binance Earn
71732789;07/08/2025 03:29;Spot;Simple Earn Flexible Interest;BNB;0.00000328;Binance Earn
71732789;08/08/2025 03:36;Spot;Simple Earn Flexible Interest;BNB;0.00000328;Binance Earn
71732789;08/08/2025 03:37;Spot;Simple Earn Flexible Interest;ETH;4.0E-7;Binance Earn
71732789;08/08/2025 03:43;Spot;Simple Earn Flexible Interest;BTC;0,00 ;Binance Earn
71732789;08/08/2025 03:54;Spot;Simple Earn Flexible Interest;USDC;0.02739700;Binance Earn
71732789;09/08/2025 03:36;Spot;Simple Earn Flexible Interest;BNB;0.00000328;Binance Earn
71732789;09/08/2025 03:43;Spot;Simple Earn Flexible Interest;BTC;0,00 ;Binance Earn
71732789;09/08/2025 03:49;Spot;Simple Earn Flexible Interest;USDC;0.02739700;Binance Earn
71732789;09/08/2025 03:58;Spot;Simple Earn Flexible Interest;ETH;4.0E-7;Binance Earn
71732789;10/08/2025 03:42;Spot;Simple Earn Flexible Interest;BNB;0.00000328;Binance Earn
71732789;10/08/2025 03:43;Spot;Simple Earn Flexible Interest;BTC;0,00 ;Binance Earn
71732789;10/08/2025 03:49;Spot;Simple Earn Flexible Interest;USDC;0.02739700;Binance Earn
71732789;10/08/2025 03:53;Spot;Simple Earn Flexible Interest;ETH;4.0E-7;Binance Earn
71732789;11/08/2025 03:42;Spot;Simple Earn Flexible Interest;BNB;0.00000328;Binance Earn
71732789;11/08/2025 03:43;Spot;Simple Earn Flexible Interest;BTC;0,00 ;Binance Earn
71732789;11/08/2025 03:43;Spot;Simple Earn Flexible Interest;ETH;4.0E-7;Binance Earn
71732789;11/08/2025 03:58;Spot;Simple Earn Flexible Interest;USDC;0.02739700;Binance Earn
71732789;12/08/2025 03:43;Spot;Simple Earn Flexible Interest;BTC;0,00 ;Binance Earn
71732789;12/08/2025 03:44;Spot;Simple Earn Flexible Interest;USDC;0.25727145;Binance Earn
71732789;12/08/2025 03:48;Spot;Simple Earn Flexible Interest;BNB;0.00000328;Binance Earn
71732789;12/08/2025 03:54;Spot;Simple Earn Flexible Interest;ETH;4.0E-7;Binance Earn
71732789;13/08/2025 03:42;Spot;Simple Earn Flexible Interest;BNB;0.00000328;Binance Earn
71732789;13/08/2025 03:43;Spot;Simple Earn Flexible Interest;BTC;0,00 ;Binance Earn
71732789;13/08/2025 03:44;Spot;Simple Earn Flexible Interest;USDC;0.25728487;Binance Earn
71732789;13/08/2025 03:58;Spot;Simple Earn Flexible Interest;ETH;4.0E-7;Binance Earn
71732789;14/08/2025 03:42;Spot;Simple Earn Flexible Interest;BNB;0.00000328;Binance Earn
71732789;14/08/2025 03:44;Spot;Simple Earn Flexible Interest;ETH;4.0E-7;Binance Earn
71732789;14/08/2025 03:45;Spot;Simple Earn Flexible Interest;USDC;0.25729551;Binance Earn
71732789;14/08/2025 03:49;Spot;Simple Earn Flexible Interest;BTC;0,00 ;Binance Earn
71732789;15/08/2025 04:37;Spot;Simple Earn Flexible Interest;ETH;4.0E-7;Binance Earn
71732789;15/08/2025 04:42;Spot;Simple Earn Flexible Interest;BNB;0.00000328;Binance Earn
71732789;15/08/2025 04:53;Spot;Simple Earn Flexible Interest;BTC;0,00 ;Binance Earn
71732789;15/08/2025 04:58;Spot;Simple Earn Flexible Interest;USDC;0.25730827;Binance Earn
71732789;16/08/2025 03:07;Spot;Simple Earn Flexible Interest;BTC;0,00 ;Binance Earn
71732789;16/08/2025 03:12;Spot;Simple Earn Flexible Interest;BNB;0.00000328;Binance Earn
71732789;16/08/2025 03:19;Spot;Simple Earn Flexible Interest;ETH;4.0E-7;Binance Earn
71732789;16/08/2025 03:25;Spot;Simple Earn Flexible Interest;USDC;0.25732626;Binance Earn
71732789;17/08/2025 04:07;Spot;Simple Earn Flexible Interest;BTC;0,00 ;Binance Earn
71732789;17/08/2025 04:12;Spot;Simple Earn Flexible Interest;BNB;0.00000328;Binance Earn
71732789;17/08/2025 04:18;Spot;Simple Earn Flexible Interest;ETH;4.0E-7;Binance Earn
71732789;17/08/2025 04:29;Spot;Simple Earn Flexible Interest;USDC;0.25734299;Binance Earn
71732789;18/08/2025 03:13;Spot;Simple Earn Flexible Interest;BNB;0.00000328;Binance Earn
71732789;18/08/2025 03:19;Spot;Simple Earn Flexible Interest;BTC;0,00 ;Binance Earn
71732789;18/08/2025 03:25;Spot;Simple Earn Flexible Interest;USDC;0.25735831;Binance Earn
71732789;18/08/2025 03:48;Spot;Simple Earn Flexible Interest;ETH;4.0E-7;Binance Earn
71732789;18/08/2025 11:02;Spot;HODLer Airdrops Distribution;LAYER;0.74253368;Binance Launchpool
71732789;18/08/2025 13:17;Spot;HODLer Airdrops Distribution;PLUME;22.50183074;Binance Launchpool
71732789;19/08/2025 04:37;Spot;Simple Earn Flexible Interest;ETH;4.0E-7;Binance Earn
71732789;19/08/2025 04:42;Spot;Simple Earn Flexible Interest;BNB;0.00000328;Binance Earn
71732789;19/08/2025 04:44;Spot;Simple Earn Flexible Interest;USDC;0.25737286;Binance Earn
71732789;19/08/2025 04:47;Spot;Simple Earn Flexible Interest;BTC;0,00 ;Binance Earn
71732789;20/08/2025 04:07;Spot;Simple Earn Flexible Interest;BTC;0,00 ;Binance Earn
71732789;20/08/2025 04:13;Spot;Simple Earn Flexible Interest;ETH;4.0E-7;Binance Earn
71732789;20/08/2025 04:18;Spot;Simple Earn Flexible Interest;BNB;0.00000328;Binance Earn
71732789;20/08/2025 04:25;Spot;Simple Earn Flexible Interest;USDC;0.25738674;Binance Earn
71732789;21/08/2025 04:13;Spot;Simple Earn Flexible Interest;BNB;0.00000328;Binance Earn
71732789;21/08/2025 04:13;Spot;Simple Earn Flexible Interest;BTC;0,00 ;Binance Earn
71732789;21/08/2025 04:19;Spot;Simple Earn Flexible Interest;ETH;4.0E-7;Binance Earn
71732789;21/08/2025 04:26;Spot;Simple Earn Flexible Interest;USDC;0.25740081;Binance Earn
71732789;22/08/2025 04:36;Spot;Simple Earn Flexible Interest;BNB;0.00000328;Binance Earn
71732789;22/08/2025 04:48;Spot;Simple Earn Flexible Interest;ETH;4.0E-7;Binance Earn
71732789;22/08/2025 04:48;Spot;Simple Earn Flexible Interest;USDC;0.25741553;Binance Earn
71732789;22/08/2025 04:57;Spot;Simple Earn Flexible Interest;BTC;0,00 ;Binance Earn
71732789;23/08/2025 04:12;Spot;Simple Earn Flexible Interest;BNB;0.00000328;Binance Earn
71732789;23/08/2025 04:13;Spot;Simple Earn Flexible Interest;ETH;4.0E-7;Binance Earn
71732789;23/08/2025 04:18;Spot;Simple Earn Flexible Interest;USDC;0.25743024;Binance Earn
71732789;23/08/2025 04:23;Spot;Simple Earn Flexible Interest;BTC;0,00 ;Binance Earn
71732789;24/08/2025 04:36;Spot;Simple Earn Flexible Interest;BNB;0.00000328;Binance Earn
71732789;24/08/2025 04:37;Spot;Simple Earn Flexible Interest;BTC;0,00 ;Binance Earn
71732789;24/08/2025 04:48;Spot;Simple Earn Flexible Interest;USDC;0.25744522;Binance Earn
71732789;24/08/2025 04:53;Spot;Simple Earn Flexible Interest;ETH;4.0E-7;Binance Earn
71732789;25/08/2025 04:42;Spot;Simple Earn Flexible Interest;BNB;0.00000328;Binance Earn
71732789;25/08/2025 04:48;Spot;Simple Earn Flexible Interest;BTC;0,00 ;Binance Earn
71732789;25/08/2025 04:53;Spot;Simple Earn Flexible Interest;ETH;4.0E-7;Binance Earn
71732789;25/08/2025 04:58;Spot;Simple Earn Flexible Interest;USDC;0.25746019;Binance Earn
71732789;26/08/2025 05:17;Spot;Simple Earn Flexible Interest;BNB;0.00000328;Binance Earn
71732789;26/08/2025 05:17;Spot;Simple Earn Flexible Interest;BTC;0,00 ;Binance Earn
71732789;26/08/2025 05:18;Spot;Simple Earn Flexible Interest;ETH;4.0E-7;Binance Earn
71732789;26/08/2025 05:27;Spot;Simple Earn Flexible Interest;USDC;0.25747515;Binance Earn
71732789;27/08/2025 04:39;Spot;Simple Earn Flexible Interest;USDC;0.25749035;Binance Earn
71732789;27/08/2025 04:43;Spot;Simple Earn Flexible Interest;ETH;4.0E-7;Binance Earn
71732789;27/08/2025 04:48;Spot;Simple Earn Flexible Interest;BNB;0.00000328;Binance Earn
71732789;27/08/2025 04:53;Spot;Simple Earn Flexible Interest;BTC;0,00 ;Binance Earn
71732789;27/08/2025 12:56;Spot;HODLer Airdrops Distribution;DOLO;2.40854204;Binance Launchpool
71732789;27/08/2025 15:16;Spot;HODLer Airdrops Distribution;SHELL;4.03387134;Binance Launchpool
71732789;28/08/2025 05:18;Spot;Simple Earn Flexible Interest;BTC;0,00 ;Binance Earn
71732789;28/08/2025 05:20;Spot;Simple Earn Flexible Interest;USDC;0.25750519;Binance Earn
71732789;28/08/2025 05:24;Spot;Simple Earn Flexible Interest;ETH;4.0E-7;Binance Earn
71732789;28/08/2025 05:29;Spot;Simple Earn Flexible Interest;BNB;0.00000328;Binance Earn
71732789;29/08/2025 05:07;Spot;Simple Earn Flexible Interest;BTC;0,00 ;Binance Earn
71732789;29/08/2025 05:14;Spot;Simple Earn Flexible Interest;ETH;4.0E-7;Binance Earn
71732789;29/08/2025 05:15;Spot;Simple Earn Flexible Interest;USDC;0.25751985;Binance Earn
71732789;29/08/2025 05:24;Spot;Simple Earn Flexible Interest;BNB;0.00000328;Binance Earn
71732789;29/08/2025 11:53;Spot;HODLer Airdrops Distribution;MITO;2.40855190;Binance Launchpool
71732789;30/08/2025 05:12;Spot;Simple Earn Flexible Interest;BNB;0.00000328;Binance Earn
71732789;30/08/2025 05:19;Spot;Simple Earn Flexible Interest;ETH;4.0E-7;Binance Earn
71732789;30/08/2025 05:26;Spot;Simple Earn Flexible Interest;USDC;0.25753443;Binance Earn
71732789;30/08/2025 05:29;Spot;Simple Earn Flexible Interest;BTC;0,00 ;Binance Earn
71732789;31/08/2025 04:39;Spot;Simple Earn Flexible Interest;USDC;0.25754837;Binance Earn
71732789;31/08/2025 04:54;Spot;Simple Earn Flexible Interest;BNB;0.00000328;Binance Earn
71732789;31/08/2025 04:55;Spot;Simple Earn Flexible Interest;ETH;4.0E-7;Binance Earn
71732789;31/08/2025 05:00;Spot;Simple Earn Flexible Interest;BTC;0,00 ;Binance Earn
71732789;01/09/2025 04:37;Spot;Simple Earn Flexible Interest;BTC;0,00 ;Binance Earn
71732789;01/09/2025 04:37;Spot;Simple Earn Flexible Interest;ETH;4.0E-7;Binance Earn
71732789;01/09/2025 04:45;Spot;Simple Earn Flexible Interest;USDC;0.25756188;Binance Earn
71732789;01/09/2025 04:59;Spot;Simple Earn Flexible Interest;BNB;0.00000328;Binance Earn
71732789;02/09/2025 02:50;Spot;HODLer Airdrops Distribution;SOMI;4.80612875;Binance Launchpool
71732789;02/09/2025 03:37;Spot;Simple Earn Flexible Interest;ETH;4.0E-7;Binance Earn
71732789;02/09/2025 03:42;Spot;Simple Earn Flexible Interest;BNB;0.00000328;Binance Earn
71732789;02/09/2025 03:54;Spot;Simple Earn Flexible Interest;BTC;0,00 ;Binance Earn
71732789;02/09/2025 03:56;Spot;Simple Earn Flexible Interest;USDC;0.25757498;Binance Earn
71732789;02/09/2025 09:17;Spot;Deposit;PLN;1485.00000000;
71732789;03/09/2025 03:36;Spot;Simple Earn Flexible Interest;BNB;0.00000328;Binance Earn
71732789;03/09/2025 03:55;Spot;Simple Earn Flexible Interest;ETH;4.0E-7;Binance Earn
71732789;03/09/2025 04:00;Spot;Simple Earn Flexible Interest;BTC;0,00 ;Binance Earn
71732789;03/09/2025 04:01;Spot;Simple Earn Flexible Interest;USDC;0.25758820;Binance Earn
71732789;04/09/2025 03:44;Spot;Simple Earn Flexible Interest;BNB;0.00000328;Binance Earn
71732789;04/09/2025 03:50;Spot;Simple Earn Flexible Interest;ETH;4.0E-7;Binance Earn
71732789;04/09/2025 03:55;Spot;Simple Earn Flexible Interest;BTC;0,00 ;Binance Earn
71732789;04/09/2025 04:02;Spot;Simple Earn Flexible Interest;USDC;0.25760135;Binance Earn
71732789;05/09/2025 04:13;Spot;Simple Earn Flexible Interest;BNB;0.00000328;Binance Earn
71732789;05/09/2025 04:15;Spot;Simple Earn Flexible Interest;USDC;0.25761432;Binance Earn
71732789;05/09/2025 04:20;Spot;Simple Earn Flexible Interest;ETH;4.0E-7;Binance Earn
71732789;05/09/2025 04:30;Spot;Simple Earn Flexible Interest;BTC;0,00 ;Binance Earn
71732789;05/09/2025 14:18;Spot;HODLer Airdrops Distribution;OPEN;1.61685431;Binance Launchpool
71732789;06/09/2025 04:12;Spot;Simple Earn Flexible Interest;BTC;0,00 ;Binance Earn
71732789;06/09/2025 04:15;Spot;Simple Earn Flexible Interest;USDC;0.25762713;Binance Earn
71732789;06/09/2025 04:18;Spot;Simple Earn Flexible Interest;BNB;0.00000328;Binance Earn
71732789;06/09/2025 04:24;Spot;Simple Earn Flexible Interest;ETH;4.0E-7;Binance Earn
71732789;07/09/2025 04:19;Spot;Simple Earn Flexible Interest;ETH;4.0E-7;Binance Earn
71732789;07/09/2025 04:21;Spot;Simple Earn Flexible Interest;USDC;0.25763997;Binance Earn
71732789;07/09/2025 04:25;Spot;Simple Earn Flexible Interest;BTC;0,00 ;Binance Earn
71732789;07/09/2025 04:29;Spot;Simple Earn Flexible Interest;BNB;0.00000328;Binance Earn
71732789;08/09/2025 04:07;Spot;Simple Earn Flexible Interest;BNB;0.00000328;Binance Earn
71732789;08/09/2025 04:13;Spot;Simple Earn Flexible Interest;BTC;0,00 ;Binance Earn
71732789;08/09/2025 04:27;Spot;Simple Earn Flexible Interest;USDC;0.25765285;Binance Earn
71732789;08/09/2025 04:30;Spot;Simple Earn Flexible Interest;ETH;4.0E-7;Binance Earn
71732789;08/09/2025 06:02;Spot;Binance Convert;USDC;406.77171614;
71732789;08/09/2025 06:02;Spot;Binance Convert;PLN;-1485.00000000;
71732789;08/09/2025 06:17;Spot;Simple Earn Flexible Subscription;USDC;-414.33691041;Binance Earn
71732789;09/09/2025 04:09;Spot;Simple Earn Flexible Interest;USDC;0.25766570;Binance Earn
71732789;09/09/2025 04:13;Spot;Simple Earn Flexible Interest;BTC;0,00 ;Binance Earn
71732789;09/09/2025 04:24;Spot;Simple Earn Flexible Interest;BNB;0.00000328;Binance Earn
71732789;09/09/2025 04:25;Spot;Simple Earn Flexible Interest;ETH;4.0E-7;Binance Earn
71732789;10/09/2025 02:54;Spot;HODLer Airdrops Distribution;LINEA;118.05134496;Binance Launchpool
71732789;10/09/2025 04:06;Spot;Simple Earn Flexible Interest;BNB;0.00000328;Binance Earn
71732789;10/09/2025 04:07;Spot;Simple Earn Flexible Interest;BTC;0,00 ;Binance Earn
71732789;10/09/2025 04:13;Spot;Simple Earn Flexible Interest;ETH;4.0E-7;Binance Earn
71732789;10/09/2025 04:26;Spot;Simple Earn Flexible Interest;USDC;0.37119862;Binance Earn
71732789;11/09/2025 04:09;Spot;Simple Earn Flexible Interest;USDC;0.14847600;Binance Earn
71732789;11/09/2025 04:12;Spot;Simple Earn Flexible Interest;BNB;0.00000328;Binance Earn
71732789;11/09/2025 04:25;Spot;Simple Earn Flexible Interest;BTC;0,00 ;Binance Earn
71732789;11/09/2025 04:30;Spot;Simple Earn Flexible Interest;ETH;4.0E-7;Binance Earn
71732789;11/09/2025 04:44;Spot;HODLer Airdrops Distribution;HOLO;5.00173953;Binance Launchpool
71732789;12/09/2025 04:14;Spot;Simple Earn Flexible Interest;BTC;0,00 ;Binance Earn
71732789;12/09/2025 04:20;Spot;Simple Earn Flexible Interest;ETH;4.0E-7;Binance Earn
71732789;12/09/2025 04:22;Spot;Simple Earn Flexible Interest;USDC;0.14848717;Binance Earn
71732789;12/09/2025 04:31;Spot;Simple Earn Flexible Interest;BNB;0.00000328;Binance Earn